date,crypto bubble,unemployment,pandemic,war,sp500,buy stock,find job,trade war,virus
2018-02-01,24,79,76,83,23,63,96,87,93
2018-02-02,100,71,91,83,36,59,85,51,90
2018-02-03,28,45,75,80,12,48,65,26,82
2018-02-04,20,72,89,86,7,42,61,30,83
2018-02-05,66,100,69,93,67,69,84,64,87
2018-02-06,59,78,85,88,100,100,93,87,95
2018-02-07,27,71,83,83,54,70,87,80,96
2018-02-08,18,66,80,87,65,71,94,100,94
2018-02-09,25,59,84,85,76,71,78,90,88
2018-02-10,62,39,87,83,19,46,61,42,83
2018-02-11,0,75,100,88,10,40,70,26,84
2018-02-12,18,94,82,88,48,58,90,79,90
2018-02-13,18,75,83,86,40,52,95,71,91
2018-02-14,37,62,74,81,35,57,73,58,90
2018-02-15,28,60,79,85,35,52,82,74,91
2018-02-16,19,54,74,85,30,58,77,56,91
2018-02-17,21,32,81,83,9,40,72,50,92
2018-02-18,21,71,75,91,5,35,62,42,86
2018-02-19,18,79,73,84,14,38,89,44,95
2018-02-20,0,77,69,87,28,51,97,57,98
2018-02-21,36,72,70,86,28,56,94,51,97
2018-02-22,18,64,85,89,29,61,84,64,100
2018-02-23,19,55,73,87,26,50,87,38,91
2018-02-24,0,34,55,82,10,41,63,33,82
2018-02-25,20,70,70,90,8,36,83,23,78
2018-02-26,36,92,69,95,23,48,100,55,89
2018-02-27,18,71,74,97,29,60,98,75,93
2018-02-28,26,64,52,100,29,53,85,60,89
2018-03-01,33,71,76,71,84,100,89,12,91
2018-03-02,35,64,69,71,100,81,88,40,91
2018-03-03,38,37,73,64,28,54,81,31,80
2018-03-04,0,79,67,67,13,49,75,30,85
2018-03-05,0,100,86,65,71,69,100,26,96
2018-03-06,33,82,78,64,74,78,87,23,97
2018-03-07,34,72,75,65,80,76,84,32,96
2018-03-08,51,71,71,65,63,70,74,28,97
2018-03-09,35,66,74,65,77,76,75,21,92
2018-03-10,77,41,70,59,18,59,64,9,87
2018-03-11,38,82,82,65,15,58,68,11,85
2018-03-12,0,96,81,62,57,65,91,14,94
2018-03-13,100,74,83,66,64,79,80,9,100
2018-03-14,50,69,65,62,64,68,79,9,94
2018-03-15,34,65,69,66,56,71,85,13,95
2018-03-16,70,59,56,100,44,69,91,6,89
2018-03-17,58,36,59,95,21,46,66,5,83
2018-03-18,38,74,69,82,15,50,82,7,83
2018-03-19,34,97,65,80,73,72,93,6,95
2018-03-20,34,76,49,74,58,80,96,12,98
2018-03-21,34,65,65,71,55,67,92,10,99
2018-03-22,51,64,100,72,95,81,91,45,97
2018-03-23,71,56,94,72,100,87,69,100,89
2018-03-24,0,31,56,66,34,54,63,44,81
2018-03-25,39,74,66,73,22,48,69,35,82
2018-03-26,0,94,75,69,77,78,90,41,96
2018-03-27,34,73,63,68,94,74,84,30,93
2018-03-28,0,70,59,68,97,72,87,22,91
2018-03-29,72,63,59,66,75,73,80,16,86
2018-03-30,39,54,68,65,44,61,66,10,83
2018-03-31,80,33,60,64,17,43,59,9,77
2018-04-01,91,66,67,17,12,37,61,11,76
2018-04-02,0,100,63,17,98,64,81,42,83
2018-04-03,0,78,68,16,83,100,89,40,86
2018-04-04,50,66,59,17,100,68,88,91,89
2018-04-05,51,64,65,17,61,63,84,59,90
2018-04-06,70,61,65,18,79,56,72,100,84
2018-04-07,0,38,71,17,31,41,66,61,78
2018-04-08,58,77,72,19,14,39,67,61,77
2018-04-09,0,96,68,19,72,55,90,54,87
2018-04-10,0,76,72,18,74,60,98,41,90
2018-04-11,0,67,74,20,76,61,92,28,90
2018-04-12,0,69,68,24,59,58,86,26,89
2018-04-13,53,63,67,22,72,55,73,19,86
2018-04-14,89,38,67,28,18,42,71,11,72
2018-04-15,58,70,79,25,11,44,74,11,76
2018-04-16,0,89,66,24,59,54,90,19,92
2018-04-17,50,82,76,23,51,57,76,18,100
2018-04-18,51,68,54,23,59,70,77,19,90
2018-04-19,0,64,66,25,59,68,100,19,86
2018-04-20,0,57,60,31,50,66,79,20,84
2018-04-21,59,34,53,32,23,42,61,12,75
2018-04-22,58,66,76,36,12,40,66,16,78
2018-04-23,0,92,76,36,66,51,93,19,90
2018-04-24,100,74,67,42,58,63,97,18,90
2018-04-25,0,67,67,53,67,57,90,15,85
2018-04-26,0,63,59,60,53,54,87,16,85
2018-04-27,0,59,79,92,59,55,74,16,77
2018-04-28,0,35,100,100,16,40,67,15,71
2018-04-29,0,65,84,96,15,47,64,15,71
2018-04-30,0,95,78,77,47,61,93,19,78
2018-05-01,49,88,89,100,83,84,72,47,42
2018-05-02,93,75,91,79,100,93,82,40,44
2018-05-03,0,73,89,72,90,92,69,63,43
2018-05-04,49,84,69,70,100,77,56,52,42
2018-05-05,56,47,65,81,33,59,39,45,38
2018-05-06,0,72,70,81,20,57,45,47,37
2018-05-07,0,100,85,65,83,93,61,46,43
2018-05-08,0,80,65,56,68,100,64,44,44
2018-05-09,47,77,87,53,79,87,82,44,45
2018-05-10,71,75,69,53,70,98,70,42,42
2018-05-11,48,61,100,50,73,96,68,34,40
2018-05-12,0,40,64,55,23,61,48,22,35
2018-05-13,55,65,73,57,23,51,56,23,37
2018-05-14,47,97,71,46,84,82,98,31,42
2018-05-15,46,82,80,41,81,85,83,30,42
2018-05-16,46,75,66,40,73,81,92,29,43
2018-05-17,70,67,81,39,57,81,86,30,41
2018-05-18,0,59,74,38,66,73,79,37,42
2018-05-19,54,35,78,42,23,51,57,34,35
2018-05-20,0,66,84,46,15,67,63,64,42
2018-05-21,0,92,100,40,82,71,91,71,82
2018-05-22,62,79,73,35,76,75,100,39,100
2018-05-23,47,71,73,33,61,86,93,40,84
2018-05-24,0,64,76,32,74,83,93,32,78
2018-05-25,100,58,76,32,63,88,63,20,75
2018-05-26,0,33,61,34,23,52,55,14,65
2018-05-27,0,63,74,37,19,52,63,21,58
2018-05-28,0,57,69,34,36,56,64,13,57
2018-05-29,46,87,59,32,84,78,96,32,58
2018-05-30,0,82,72,29,89,79,100,42,58
2018-05-31,48,71,74,30,73,83,87,100,54
2018-06-01,45,80,100,83,88,81,75,58,100
2018-06-02,51,51,96,93,26,56,46,26,96
2018-06-03,0,75,100,100,20,62,55,36,91
2018-06-04,0,96,88,81,76,90,81,33,97
2018-06-05,43,85,84,77,76,100,85,21,92
2018-06-06,0,75,68,77,79,100,85,29,93
2018-06-07,43,69,63,76,69,94,84,22,89
2018-06-08,45,63,91,74,78,85,78,18,84
2018-06-09,0,40,95,85,25,66,52,18,78
2018-06-10,50,76,74,94,25,67,68,25,79
2018-06-11,41,100,97,81,82,87,83,30,88
2018-06-12,0,82,74,78,73,97,87,18,87
2018-06-13,0,74,99,74,72,95,93,18,84
2018-06-14,42,67,58,71,68,89,74,19,78
2018-06-15,45,61,85,69,74,77,78,53,73
2018-06-16,100,36,93,78,36,53,45,61,65
2018-06-17,0,63,81,82,19,53,58,48,68
2018-06-18,0,94,69,68,68,75,95,40,77
2018-06-19,83,76,56,66,83,84,92,100,79
2018-06-20,0,70,73,64,75,95,89,64,79
2018-06-21,0,71,76,64,63,77,87,53,78
2018-06-22,44,62,60,65,74,85,85,47,75
2018-06-23,0,37,90,73,28,59,63,32,72
2018-06-24,0,69,81,77,17,50,57,30,71
2018-06-25,42,98,57,64,100,67,100,71,78
2018-06-26,42,82,75,60,98,74,85,74,79
2018-06-27,0,72,59,61,89,83,82,50,73
2018-06-28,42,70,71,60,79,84,84,49,76
2018-06-29,45,63,72,63,74,77,75,41,74
2018-06-30,49,40,67,67,30,53,42,34,71
2018-07-01,97,68,67,87,16,32,62,17,85
2018-07-02,0,100,48,69,53,49,92,20,90
2018-07-03,86,71,52,71,76,49,93,25,91
2018-07-04,89,41,80,83,47,37,75,24,94
2018-07-05,0,64,59,79,64,47,87,53,96
2018-07-06,86,65,57,79,89,48,70,100,91
2018-07-07,0,35,82,85,34,38,58,53,82
2018-07-08,98,75,83,100,14,35,55,36,90
2018-07-09,0,94,77,80,63,48,95,41,91
2018-07-10,0,76,55,74,71,53,86,28,88
2018-07-11,0,65,53,76,81,52,90,55,91
2018-07-12,88,64,42,74,79,50,86,36,96
2018-07-13,0,58,69,74,77,59,86,31,89
2018-07-14,0,36,88,84,27,36,51,21,83
2018-07-15,100,68,58,93,29,36,60,16,81
2018-07-16,0,93,64,73,62,50,100,19,85
2018-07-17,0,74,68,72,81,55,86,20,95
2018-07-18,0,69,74,73,70,52,95,16,100
2018-07-19,87,61,76,70,73,57,85,18,95
2018-07-20,0,59,84,74,86,50,88,19,89
2018-07-21,0,37,71,88,27,42,56,15,85
2018-07-22,0,66,68,92,25,47,67,17,86
2018-07-23,87,94,86,76,79,54,86,23,90
2018-07-24,87,73,79,72,82,52,90,21,95
2018-07-25,0,65,79,72,89,65,88,29,95
2018-07-26,87,60,88,76,100,100,79,26,98
2018-07-27,0,58,57,75,96,88,68,17,88
2018-07-28,0,34,66,85,25,48,55,14,85
2018-07-29,0,72,100,91,21,51,61,14,95
2018-07-30,0,90,87,81,85,62,98,19,97
2018-07-31,85,72,76,100,92,67,94,17,98
2018-08-01,0,77,86,92,83,89,93,77,86
2018-08-02,46,66,71,86,73,100,97,100,89
2018-08-03,100,73,79,85,76,76,89,84,86
2018-08-04,55,44,94,97,29,56,61,78,82
2018-08-05,0,77,92,100,22,56,56,71,79
2018-08-06,0,100,78,80,61,75,87,84,87
2018-08-07,46,84,58,74,73,84,100,68,90
2018-08-08,0,72,80,73,64,77,84,81,90
2018-08-09,47,67,64,74,64,75,88,89,87
2018-08-10,48,64,83,72,73,67,75,86,86
2018-08-11,0,42,84,82,22,56,66,65,81
2018-08-12,0,84,84,86,24,54,74,57,79
2018-08-13,47,96,85,73,70,57,94,83,88
2018-08-14,79,86,72,75,90,77,89,66,87
2018-08-15,49,77,69,78,84,78,85,91,85
2018-08-16,48,67,66,74,78,82,83,83,88
2018-08-17,49,64,66,76,66,79,85,70,84
2018-08-18,0,40,94,84,26,63,58,52,77
2018-08-19,0,74,100,90,24,46,62,51,73
2018-08-20,49,93,68,76,59,69,99,61,81
2018-08-21,48,80,83,72,78,73,90,70,87
2018-08-22,0,75,65,71,93,67,94,67,89
2018-08-23,0,67,78,68,83,79,85,96,91
2018-08-24,0,63,82,73,84,75,83,76,86
2018-08-25,0,38,92,79,28,56,44,51,79
2018-08-26,0,77,99,95,24,43,53,54,80
2018-08-27,47,90,91,73,77,82,80,63,90
2018-08-28,47,79,78,69,80,90,90,65,92
2018-08-29,0,71,88,68,82,86,79,55,100
2018-08-30,0,68,86,67,100,82,91,67,94
2018-08-31,49,60,84,73,78,80,79,68,88
2018-09-01,77,37,48,95,26,38,57,26,68
2018-09-02,0,66,72,100,21,34,59,26,71
2018-09-03,0,63,66,88,46,41,85,25,76
2018-09-04,0,94,69,86,92,87,94,36,79
2018-09-05,0,87,70,82,80,100,94,38,84
2018-09-06,0,77,63,87,77,73,100,50,80
2018-09-07,0,75,81,88,77,76,81,57,80
2018-09-08,76,43,56,94,41,53,52,40,70
2018-09-09,0,75,77,99,22,42,61,35,69
2018-09-10,66,99,74,85,71,60,94,45,81
2018-09-11,66,81,71,87,71,58,89,55,85
2018-09-12,0,76,69,84,72,57,82,50,88
2018-09-13,0,77,71,83,59,57,77,53,89
2018-09-14,0,66,78,82,82,59,82,39,81
2018-09-15,78,43,59,86,9,29,47,32,75
2018-09-16,76,74,85,94,25,45,67,37,72
2018-09-17,0,99,64,83,69,45,89,63,85
2018-09-18,0,80,56,81,92,53,96,100,86
2018-09-19,100,78,66,82,100,68,86,81,87
2018-09-20,0,71,75,84,86,62,89,67,86
2018-09-21,70,62,67,84,66,66,71,45,80
2018-09-22,78,39,65,87,32,34,60,42,71
2018-09-23,0,71,64,93,22,40,65,43,73
2018-09-24,0,100,83,85,55,62,80,67,86
2018-09-25,0,87,100,80,73,56,99,58,89
2018-09-26,66,80,80,82,73,63,86,55,88
2018-09-27,0,78,81,82,78,57,93,48,85
2018-09-28,0,67,78,79,75,54,70,38,81
2018-09-29,0,41,60,82,29,38,58,26,100
2018-09-30,0,70,67,92,18,44,52,24,70
2018-10-01,0,88,89,92,27,72,89,84,85
2018-10-02,0,78,99,91,27,76,94,88,90
2018-10-03,0,71,85,90,25,75,82,79,90
2018-10-04,49,65,97,90,31,67,87,98,89
2018-10-05,0,77,83,91,32,67,74,91,80
2018-10-06,0,42,86,91,10,46,55,66,74
2018-10-07,55,66,58,92,6,44,50,58,72
2018-10-08,0,82,86,88,31,64,81,78,85
2018-10-09,47,84,75,88,32,62,87,93,100
2018-10-10,0,79,83,86,50,69,85,100,98
2018-10-11,0,72,87,91,100,100,89,93,92
2018-10-12,53,65,80,90,74,89,73,78,86
2018-10-13,0,36,62,92,20,48,54,72,77
2018-10-14,0,66,69,100,15,42,57,62,78
2018-10-15,100,92,86,90,52,62,100,93,91
2018-10-16,50,83,79,90,51,85,98,88,95
2018-10-17,0,74,86,93,43,85,85,77,98
2018-10-18,51,69,92,92,46,69,92,83,96
2018-10-19,52,61,77,91,43,66,69,66,85
2018-10-20,0,38,100,90,16,40,54,63,73
2018-10-21,0,62,81,96,12,45,65,53,77
2018-10-22,49,93,98,93,43,64,82,69,90
2018-10-23,0,76,97,90,57,70,94,84,97
2018-10-24,48,69,73,89,63,64,80,80,96
2018-10-25,49,65,95,91,66,76,90,81,89
2018-10-26,0,64,89,95,69,77,70,78,85
2018-10-27,0,35,91,90,23,47,54,66,70
2018-10-28,0,63,77,97,13,45,54,60,72
2018-10-29,0,100,81,92,49,61,79,78,85
2018-10-30,0,83,81,94,60,66,86,75,89
2018-10-31,0,72,85,90,56,57,76,77,85
2018-11-01,0,62,62,60,74,85,88,86,83
2018-11-02,0,60,72,59,74,93,89,85,84
2018-11-03,0,36,72,57,24,72,59,60,75
2018-11-04,0,68,86,65,23,61,64,51,75
2018-11-05,63,92,72,62,68,94,94,79,91
2018-11-06,67,75,70,60,72,89,80,76,92
2018-11-07,0,66,72,59,78,90,97,66,89
2018-11-08,0,66,92,62,61,100,86,74,89
2018-11-09,70,60,66,68,71,85,79,67,83
2018-11-10,0,36,57,70,23,59,58,35,74
2018-11-11,0,57,84,100,14,53,62,53,73
2018-11-12,67,77,75,72,66,82,100,60,88
2018-11-13,0,83,76,66,79,77,91,76,92
2018-11-14,67,74,67,62,74,84,93,66,89
2018-11-15,0,69,74,63,77,83,91,73,87
2018-11-16,0,57,68,58,63,93,77,72,79
2018-11-17,0,37,71,60,16,61,57,51,73
2018-11-18,0,72,79,66,17,67,61,62,76
2018-11-19,67,87,64,59,78,91,82,74,87
2018-11-20,100,73,69,54,100,95,78,63,86
2018-11-21,69,53,67,51,94,74,74,63,90
2018-11-22,69,28,62,51,29,62,66,49,84
2018-11-23,69,37,100,53,53,68,67,46,80
2018-11-24,0,29,82,59,27,61,58,43,75
2018-11-25,0,61,95,62,17,58,58,50,79
2018-11-26,65,100,87,60,66,88,92,70,93
2018-11-27,65,80,72,59,69,85,89,90,100
2018-11-28,0,75,69,59,63,82,92,84,96
2018-11-29,0,70,87,61,75,81,91,74,93
2018-11-30,0,61,70,60,65,82,78,100,85
2018-12-01,0,38,74,76,13,57,63,67,80
2018-12-02,0,65,72,86,12,50,63,100,85
2018-12-03,0,97,71,81,44,72,95,71,100
2018-12-04,0,78,72,83,59,80,90,57,98
2018-12-05,0,72,70,80,38,75,97,52,99
2018-12-06,54,69,71,84,64,73,96,52,100
2018-12-07,56,67,67,100,64,86,88,49,88
2018-12-08,62,37,78,88,21,55,68,32,81
2018-12-09,0,66,68,88,14,50,72,31,83
2018-12-10,0,100,86,84,61,68,94,46,93
2018-12-11,0,80,86,82,43,71,88,50,97
2018-12-12,0,73,71,82,50,69,100,47,96
2018-12-13,55,66,91,84,42,75,77,41,96
2018-12-14,54,61,83,83,51,76,88,36,90
2018-12-15,0,38,75,78,19,55,53,29,75
2018-12-16,0,64,74,83,8,50,57,24,81
2018-12-17,100,95,74,82,56,64,90,36,92
2018-12-18,0,77,84,78,60,76,74,37,95
2018-12-19,0,73,85,77,61,81,83,33,94
2018-12-20,56,61,73,76,77,93,87,35,91
2018-12-21,59,61,58,70,88,93,62,29,87
2018-12-22,0,37,71,73,32,67,61,20,82
2018-12-23,0,70,69,76,22,56,51,20,79
2018-12-24,0,75,59,72,82,81,63,24,75
2018-12-25,0,37,99,91,43,76,41,23,76
2018-12-26,0,78,98,86,100,100,53,24,83
2018-12-27,0,78,89,83,91,92,83,19,93
2018-12-28,59,71,80,83,72,86,77,23,88
2018-12-29,0,42,100,86,26,68,63,20,88
2018-12-30,0,81,86,92,12,56,64,22,84
2018-12-31,63,95,96,83,47,69,63,23,80
2019-01-01,59,44,100,100,26,56,62,42,74
2019-01-02,50,80,88,88,88,75,79,49,85
2019-01-03,0,75,73,85,87,100,81,72,88
2019-01-04,50,72,95,86,100,87,76,64,92
2019-01-05,0,41,75,89,35,67,54,36,87
2019-01-06,0,74,91,94,21,64,62,54,85
2019-01-07,96,100,82,87,75,73,85,74,92
2019-01-08,48,83,67,87,74,83,77,99,95
2019-01-09,0,75,75,88,77,85,79,100,97
2019-01-10,48,70,74,85,75,80,87,77,97
2019-01-11,100,65,62,86,65,73,76,64,94
2019-01-12,0,38,77,82,22,62,56,41,88
2019-01-13,0,69,72,91,19,57,66,36,87
2019-01-14,0,98,70,89,56,73,85,61,96
2019-01-15,0,79,64,88,64,73,94,63,95
2019-01-16,0,74,58,87,69,95,99,61,97
2019-01-17,94,67,65,86,68,77,77,66,98
2019-01-18,0,62,79,84,66,87,76,77,91
2019-01-19,0,43,55,81,28,52,50,49,82
2019-01-20,51,65,72,84,18,54,58,47,83
2019-01-21,0,76,64,73,34,52,88,45,90
2019-01-22,47,86,68,86,61,73,96,69,93
2019-01-23,0,78,72,81,72,61,89,68,98
2019-01-24,0,72,79,83,50,67,85,54,98
2019-01-25,0,64,66,82,56,74,77,61,90
2019-01-26,0,39,75,82,20,59,56,39,80
2019-01-27,53,71,86,89,14,58,58,42,85
2019-01-28,0,87,70,82,66,73,100,55,96
2019-01-29,0,73,73,82,56,79,88,66,100
2019-01-30,0,64,58,80,59,86,86,59,98
2019-01-31,0,67,61,81,57,85,80,68,95
2019-02-01,92,76,86,71,68,83,82,75,86
2019-02-02,0,46,91,66,20,65,70,49,83
2019-02-03,0,76,75,69,19,48,64,57,80
2019-02-04,0,100,76,70,74,99,83,70,89
2019-02-05,90,87,84,71,100,93,99,78,90
2019-02-06,0,86,95,69,84,100,88,75,92
2019-02-07,0,73,73,71,78,88,94,81,94
2019-02-08,0,68,72,70,80,87,80,100,89
2019-02-09,0,39,68,63,26,57,56,49,84
2019-02-10,100,80,85,69,17,61,64,54,82
2019-02-11,87,100,93,70,80,78,97,83,90
2019-02-12,0,79,84,65,75,81,80,78,93
2019-02-13,0,70,86,67,79,92,84,88,92
2019-02-14,0,62,62,68,84,82,80,67,88
2019-02-15,0,61,70,69,78,79,85,95,90
2019-02-16,0,39,72,70,27,61,61,60,82
2019-02-17,0,81,84,73,23,67,68,64,97
2019-02-18,0,82,78,67,43,70,100,67,95
2019-02-19,0,89,76,71,71,69,92,81,96
2019-02-20,0,74,78,66,84,91,85,77,100
2019-02-21,0,67,87,69,80,79,75,94,93
2019-02-22,0,62,90,71,79,91,87,100,87
2019-02-23,0,37,73,67,30,63,65,78,83
2019-02-24,0,73,81,73,26,63,74,77,79
2019-02-25,86,95,100,74,73,88,91,95,88
2019-02-26,88,77,70,91,63,87,92,90,92
2019-02-27,0,65,68,100,67,95,80,82,89
2019-02-28,0,66,81,88,73,85,97,73,90
2019-03-01,0,71,84,100,61,91,75,67,90
2019-03-02,0,42,70,90,34,67,67,60,80
2019-03-03,0,79,82,100,25,61,70,68,81
2019-03-04,0,100,100,91,83,87,96,100,91
2019-03-05,0,81,88,93,81,86,100,93,94
2019-03-06,0,77,78,91,85,81,89,99,97
2019-03-07,0,70,81,91,92,77,81,93,96
2019-03-08,53,69,70,90,81,83,68,79,93
2019-03-09,0,41,70,88,23,54,62,51,81
2019-03-10,0,71,75,90,24,49,64,66,80
2019-03-11,100,99,77,93,71,80,93,84,93
2019-03-12,0,80,77,88,84,78,84,69,95
2019-03-13,0,69,74,84,81,95,78,72,100
2019-03-14,0,64,72,94,70,87,84,67,94
2019-03-15,0,58,61,92,70,68,75,51,86
2019-03-16,0,35,75,88,25,70,54,45,76
2019-03-17,0,72,69,93,24,46,47,53,77
2019-03-18,0,96,85,94,70,74,91,64,94
2019-03-19,0,75,78,93,80,85,87,72,97
2019-03-20,0,73,69,94,90,97,80,77,95
2019-03-21,0,66,69,93,100,95,81,73,96
2019-03-22,0,57,63,88,87,95,71,62,85
2019-03-23,57,38,69,83,30,72,55,38,78
2019-03-24,0,74,84,92,24,58,59,43,79
2019-03-25,0,94,80,90,78,79,86,61,92
2019-03-26,0,80,76,91,83,79,90,73,95
2019-03-27,51,69,79,90,94,91,80,64,92
2019-03-28,0,63,85,94,75,79,93,58,92
2019-03-29,54,62,73,89,70,100,61,90,87
2019-03-30,0,37,71,84,19,66,54,42,75
2019-03-31,0,70,81,93,16,59,56,51,74
2019-04-01,0,100,94,63,88,83,93,60,94
2019-04-02,0,83,76,64,88,71,98,85,97
2019-04-03,96,77,75,62,90,84,95,92,96
2019-04-04,48,69,74,64,100,81,89,86,96
2019-04-05,0,69,80,63,96,79,77,76,90
2019-04-06,0,40,80,57,29,58,61,58,80
2019-04-07,0,75,80,62,23,48,74,64,80
2019-04-08,95,99,80,64,92,80,100,64,99
2019-04-09,0,80,91,63,81,80,97,84,100
2019-04-10,0,72,80,62,80,80,86,100,100
2019-04-11,0,67,100,64,91,85,93,66,96
2019-04-12,0,66,71,66,87,82,77,66,91
2019-04-13,0,41,80,59,34,73,60,42,77
2019-04-14,55,73,75,64,21,57,67,44,79
2019-04-15,49,100,86,67,90,80,96,91,91
2019-04-16,0,82,69,75,87,88,97,79,89
2019-04-17,100,74,78,74,76,73,76,57,84
2019-04-18,52,70,72,74,89,92,76,82,80
2019-04-19,55,59,45,68,42,71,73,44,76
2019-04-20,0,37,69,71,22,66,53,31,73
2019-04-21,0,65,73,79,20,55,58,43,74
2019-04-22,0,100,79,74,64,74,73,63,86
2019-04-23,0,79,79,77,81,93,99,79,92
2019-04-24,0,77,76,86,93,91,93,63,90
2019-04-25,0,69,81,95,97,100,84,57,94
2019-04-26,0,63,67,98,78,86,71,70,90
2019-04-27,0,38,92,96,26,58,69,60,81
2019-04-28,55,70,57,100,27,56,71,47,81
2019-04-29,0,95,84,90,88,87,81,77,89
2019-04-30,0,82,81,87,77,88,94,82,89
2019-05-01,0,84,78,100,50,70,94,12,82
2019-05-02,0,72,91,89,63,79,91,13,79
2019-05-03,89,82,100,85,55,62,69,11,78
2019-05-04,0,42,67,82,22,42,49,6,69
2019-05-05,0,72,80,85,18,46,48,14,71
2019-05-06,0,100,82,84,81,59,73,36,84
2019-05-07,0,83,86,80,73,60,75,35,86
2019-05-08,0,81,76,79,80,57,93,43,82
2019-05-09,0,75,80,79,83,74,78,64,82
2019-05-10,0,62,86,82,89,100,81,100,79
2019-05-11,0,37,81,72,22,47,58,45,72
2019-05-12,0,65,81,72,15,38,58,34,67
2019-05-13,0,98,88,76,100,58,88,97,84
2019-05-14,87,86,88,76,96,62,80,99,100
2019-05-15,87,77,64,76,68,59,100,57,99
2019-05-16,86,70,64,75,63,68,82,50,93
2019-05-17,90,62,82,71,58,63,79,49,88
2019-05-18,100,39,45,67,22,36,54,29,70
2019-05-19,0,74,74,71,13,37,65,29,73
2019-05-20,0,92,67,71,61,50,95,63,85
2019-05-21,85,82,64,69,65,59,94,54,89
2019-05-22,85,73,67,67,51,55,87,57,89
2019-05-23,84,68,76,68,65,64,76,61,80
2019-05-24,0,60,67,68,55,46,73,50,76
2019-05-25,0,37,56,66,21,34,56,35,71
2019-05-26,0,62,61,69,11,37,56,39,74
2019-05-27,87,59,78,66,29,39,61,40,78
2019-05-28,0,91,64,67,60,48,89,39,86
2019-05-29,0,82,66,66,61,57,85,50,87
2019-05-30,87,73,72,66,60,53,90,56,84
2019-05-31,0,67,76,62,77,44,79,54,77
2019-06-01,100,46,65,90,29,50,54,95,61
2019-06-02,0,68,99,97,20,46,61,100,62
2019-06-03,0,100,84,93,89,60,93,99,88
2019-06-04,86,74,86,90,100,73,85,88,100
2019-06-05,0,72,69,93,94,72,85,82,82
2019-06-06,87,66,80,100,79,77,83,75,86
2019-06-07,0,63,72,90,72,82,92,69,93
2019-06-08,0,37,67,89,21,50,67,48,83
2019-06-09,0,71,100,94,18,48,56,53,75
2019-06-10,0,92,72,86,76,80,90,72,77
2019-06-11,0,79,70,82,78,79,92,68,81
2019-06-12,0,73,77,80,68,74,97,67,81
2019-06-13,0,66,89,80,73,79,87,65,78
2019-06-14,0,59,74,79,62,74,71,56,73
2019-06-15,100,39,73,89,23,50,59,47,67
2019-06-16,0,68,89,89,21,53,60,48,63
2019-06-17,86,99,77,80,57,70,100,67,76
2019-06-18,0,81,71,78,80,88,98,54,79
2019-06-19,85,72,72,75,73,75,93,62,73
2019-06-20,0,69,73,81,97,100,90,59,73
2019-06-21,0,64,58,82,82,76,79,52,69
2019-06-22,0,39,68,84,25,54,55,37,63
2019-06-23,100,73,80,87,22,53,59,39,64
2019-06-24,0,97,70,76,67,72,99,54,68
2019-06-25,86,78,72,73,73,68,92,53,72
2019-06-26,84,76,66,77,62,67,77,59,70
2019-06-27,0,67,72,72,65,77,91,60,67
2019-06-28,0,65,72,73,64,71,75,72,61
2019-06-29,0,41,75,83,26,44,62,100,59
2019-06-30,0,72,64,85,18,53,60,62,58
2019-07-01,0,97,71,82,87,76,75,100,85
2019-07-02,0,77,75,81,82,76,86,80,86
2019-07-03,0,68,71,83,75,79,73,80,100
2019-07-04,0,36,68,87,35,62,71,72,87
2019-07-05,0,52,86,92,78,61,74,63,83
2019-07-06,0,37,75,96,23,54,59,61,78
2019-07-07,0,72,98,100,19,74,78,55,76
2019-07-08,0,100,60,86,73,77,100,86,83
2019-07-09,0,78,81,82,85,80,90,83,89
2019-07-10,84,72,72,80,83,85,90,69,88
2019-07-11,85,68,74,82,100,100,75,74,87
2019-07-12,0,61,59,81,86,89,71,76,90
2019-07-13,0,36,78,93,34,64,68,60,82
2019-07-14,96,67,69,95,19,67,79,61,77
2019-07-15,0,95,76,92,62,68,85,84,88
2019-07-16,0,75,85,88,68,99,95,74,87
2019-07-17,0,71,87,84,70,79,82,88,95
2019-07-18,0,68,78,81,66,79,73,66,95
2019-07-19,0,58,70,88,79,92,65,72,96
2019-07-20,0,35,89,93,21,58,57,58,88
2019-07-21,0,66,100,97,18,73,63,64,84
2019-07-22,87,90,94,83,66,81,82,67,86
2019-07-23,0,72,63,81,61,89,83,71,88
2019-07-24,0,65,86,79,89,86,74,81,88
2019-07-25,0,63,80,85,76,87,86,86,87
2019-07-26,0,58,77,93,74,89,73,69,84
2019-07-27,0,38,88,97,19,66,45,54,79
2019-07-28,100,74,83,100,18,74,56,55,82
2019-07-29,0,87,72,82,70,67,87,63,88
2019-07-30,0,72,83,82,76,79,89,69,85
2019-07-31,0,67,92,81,100,87,78,86,87
2019-08-01,0,74,68,80,63,73,88,33,76
2019-08-02,0,67,61,83,65,78,88,63,72
2019-08-03,0,38,67,92,21,47,59,33,68
2019-08-04,0,81,89,97,16,55,75,30,67
2019-08-05,0,100,61,86,93,82,88,83,74
2019-08-06,99,80,68,85,94,90,99,97,78
2019-08-07,0,70,69,85,76,79,77,65,76
2019-08-08,0,68,90,80,72,74,81,45,75
2019-08-09,0,57,76,84,62,68,80,41,73
2019-08-10,0,39,100,93,23,50,62,27,69
2019-08-11,0,73,94,99,18,45,68,31,67
2019-08-12,98,97,61,87,57,76,98,39,78
2019-08-13,0,85,86,85,69,91,100,53,81
2019-08-14,0,73,77,83,93,99,80,45,80
2019-08-15,100,69,71,86,100,100,82,53,75
2019-08-16,99,59,66,85,80,68,92,37,75
2019-08-17,0,39,76,92,19,63,59,28,70
2019-08-18,0,74,82,100,16,57,71,27,71
2019-08-19,0,92,56,87,66,83,94,39,100
2019-08-20,0,76,65,86,56,72,89,32,85
2019-08-21,0,72,69,84,52,74,96,32,83
2019-08-22,0,69,75,86,58,74,85,35,81
2019-08-23,0,62,69,88,76,61,81,74,79
2019-08-24,0,40,71,93,28,54,63,93,72
2019-08-25,0,75,69,100,20,50,70,79,73
2019-08-26,0,93,67,97,70,63,90,100,83
2019-08-27,0,77,68,95,72,80,95,73,87
2019-08-28,0,70,70,94,57,73,100,68,87
2019-08-29,0,68,64,99,53,81,87,63,91
2019-08-30,95,60,77,97,50,75,81,55,84
2019-08-31,0,35,55,95,14,56,61,41,73
2019-09-01,0,65,54,92,18,59,58,97,67
2019-09-02,0,59,51,99,41,63,77,99,73
2019-09-03,0,89,47,84,98,77,88,92,73
2019-09-04,0,81,60,85,80,76,92,100,78
2019-09-05,0,74,58,89,94,73,79,81,78
2019-09-06,52,70,47,88,81,85,78,76,73
2019-09-07,0,40,51,90,26,57,57,47,68
2019-09-08,58,70,51,98,18,55,70,54,71
2019-09-09,0,96,65,88,75,79,93,70,80
2019-09-10,0,79,46,85,79,80,88,78,84
2019-09-11,0,75,53,88,76,91,94,74,84
2019-09-12,0,71,61,93,100,100,88,74,83
2019-09-13,0,64,50,84,81,81,80,66,76
2019-09-14,0,36,40,84,26,60,60,46,67
2019-09-15,0,73,45,92,21,58,69,47,70
2019-09-16,0,100,68,88,71,85,88,64,80
2019-09-17,0,79,69,86,69,74,81,62,87
2019-09-18,100,75,100,86,86,95,93,61,94
2019-09-19,0,72,85,87,79,83,92,52,94
2019-09-20,0,65,68,89,85,88,82,59,85
2019-09-21,0,38,57,85,22,57,56,51,75
2019-09-22,0,70,65,93,20,54,72,52,75
2019-09-23,0,98,52,86,71,86,100,69,88
2019-09-24,0,81,63,84,93,87,89,64,96
2019-09-25,0,70,64,85,77,88,88,62,100
2019-09-26,0,77,69,87,80,93,85,61,89
2019-09-27,0,65,51,86,65,78,73,52,91
2019-09-28,0,41,44,89,20,53,67,47,76
2019-09-29,0,70,64,100,16,57,65,40,77
2019-09-30,0,99,52,97,73,82,98,60,83
2019-10-01,83,85,72,52,70,98,99,48,98
2019-10-02,0,76,54,100,100,90,82,49,99
2019-10-03,0,74,75,89,93,94,85,46,97
2019-10-04,0,74,62,76,78,80,72,50,87
2019-10-05,0,43,64,75,22,65,64,32,77
2019-10-06,0,68,67,73,16,61,62,36,80
2019-10-07,0,99,70,66,66,88,95,54,97
2019-10-08,0,84,75,63,76,83,80,59,95
2019-10-09,0,76,65,62,77,87,94,70,94
2019-10-10,0,70,68,60,83,85,80,82,93
2019-10-11,0,65,77,59,67,90,70,100,90
2019-10-12,0,38,70,60,22,65,57,62,79
2019-10-13,95,67,68,63,15,66,58,52,80
2019-10-14,0,86,72,55,62,75,80,56,96
2019-10-15,0,89,69,54,75,81,100,60,98
2019-10-16,0,82,73,52,74,88,79,39,100
2019-10-17,84,72,76,53,59,83,72,44,96
2019-10-18,0,70,67,53,61,83,75,39,86
2019-10-19,0,39,52,53,16,53,43,27,77
2019-10-20,0,68,60,57,16,54,54,29,80
2019-10-21,0,94,66,52,63,78,90,39,92
2019-10-22,0,84,100,50,63,83,96,39,100
2019-10-23,0,79,79,51,63,84,84,33,95
2019-10-24,0,69,76,50,65,98,83,38,97
2019-10-25,0,66,72,54,77,99,72,36,88
2019-10-26,100,38,78,51,25,66,56,32,79
2019-10-27,0,63,80,52,14,67,49,25,77
2019-10-28,0,100,76,51,63,90,77,39,96
2019-10-29,0,83,73,50,76,85,90,36,99
2019-10-30,0,75,64,48,74,93,93,42,92
2019-10-31,84,64,71,50,69,100,83,41,86
2019-11-01,79,64,61,87,93,91,76,60,78
2019-11-02,0,38,47,82,31,61,66,41,72
2019-11-03,0,65,60,88,18,65,52,50,76
2019-11-04,0,96,59,83,100,94,100,66,90
2019-11-05,0,75,52,86,88,90,84,68,92
2019-11-06,0,70,63,85,84,92,87,76,93
2019-11-07,0,71,70,86,87,89,89,89,95
2019-11-08,50,61,73,86,79,95,84,75,87
2019-11-09,0,38,63,85,24,68,55,46,77
2019-11-10,0,70,70,94,20,56,63,52,82
2019-11-11,98,84,70,100,72,79,87,73,91
2019-11-12,0,89,63,86,86,81,87,78,99
2019-11-13,0,79,74,81,82,100,88,70,95
2019-11-14,0,71,79,82,82,87,82,76,92
2019-11-15,0,63,64,80,85,96,82,87,87
2019-11-16,0,40,61,77,29,65,72,59,77
2019-11-17,0,71,61,95,23,71,54,62,80
2019-11-18,49,100,93,87,94,84,82,100,92
2019-11-19,48,84,74,85,84,90,84,84,96
2019-11-20,100,74,81,83,89,89,84,84,97
2019-11-21,50,70,59,83,92,87,98,89,100
2019-11-22,51,65,59,79,73,87,72,66,94
2019-11-23,0,34,59,77,23,63,58,47,79
2019-11-24,0,66,76,90,20,55,65,52,87
2019-11-25,0,95,70,77,72,89,81,84,95
2019-11-26,0,74,59,73,80,96,75,76,92
2019-11-27,0,61,53,68,82,88,66,62,86
2019-11-28,0,31,60,72,50,65,63,55,86
2019-11-29,0,40,100,72,71,76,60,45,80
2019-11-30,0,36,62,85,21,58,62,56,76
2019-12-01,0,60,67,100,18,56,71,42,81
2019-12-02,85,87,77,89,76,98,79,61,91
2019-12-03,0,75,68,89,100,84,83,61,99
2019-12-04,0,64,60,90,84,85,95,60,100
2019-12-05,0,61,59,90,82,91,85,63,95
2019-12-06,92,62,62,92,79,87,87,53,91
2019-12-07,0,39,69,86,23,62,54,38,79
2019-12-08,0,60,77,89,22,62,58,46,79
2019-12-09,0,85,67,90,59,85,100,62,97
2019-12-10,91,71,69,89,78,78,91,52,98
2019-12-11,0,63,78,88,78,79,87,61,93
2019-12-12,0,59,54,90,88,86,83,80,91
2019-12-13,0,58,71,88,89,89,75,100,89
2019-12-14,100,33,71,87,27,62,58,48,79
2019-12-15,0,61,85,89,23,57,62,56,82
2019-12-16,0,88,64,87,85,82,88,56,91
2019-12-17,0,72,79,86,81,82,86,38,90
2019-12-18,0,64,60,83,89,78,76,38,89
2019-12-19,0,63,68,85,92,85,80,36,86
2019-12-20,0,58,57,78,81,97,75,25,81
2019-12-21,0,32,53,80,35,55,52,20,77
2019-12-22,0,65,62,83,23,69,53,18,76
2019-12-23,0,85,62,75,71,80,75,28,81
2019-12-24,0,50,69,86,72,92,65,22,78
2019-12-25,0,27,90,91,36,63,38,18,76
2019-12-26,0,53,91,83,76,97,70,19,81
2019-12-27,0,56,100,80,84,100,71,21,87
2019-12-28,0,34,96,87,38,83,67,15,86
2019-12-29,0,73,74,89,20,82,68,21,84
2019-12-30,0,100,69,81,78,86,73,27,85
2019-12-31,0,63,61,81,82,86,61,25,78
2020-01-01,0,36,12,30,35,58,45,33,5
2020-01-02,0,65,12,27,65,94,66,42,6
2020-01-03,0,62,11,100,83,85,72,49,6
2020-01-04,0,38,12,98,28,65,60,34,6
2020-01-05,0,67,12,74,19,63,67,38,6
2020-01-06,0,100,10,55,68,82,80,50,6
2020-01-07,0,78,9,48,68,75,86,46,7
2020-01-08,0,68,10,69,96,75,80,56,7
2020-01-09,0,63,9,43,64,84,69,45,7
2020-01-10,91,59,9,37,65,79,69,53,7
2020-01-11,0,33,9,33,23,62,61,29,6
2020-01-12,100,69,10,32,20,64,52,33,6
2020-01-13,0,90,9,30,67,84,73,43,7
2020-01-14,0,73,10,30,69,100,77,69,7
2020-01-15,86,66,11,30,77,81,80,100,7
2020-01-16,88,61,11,30,77,89,73,94,7
2020-01-17,0,60,9,29,75,84,73,53,7
2020-01-18,0,37,12,28,24,70,59,28,9
2020-01-19,0,66,11,29,18,56,54,37,8
2020-01-20,0,73,12,26,37,63,75,44,13
2020-01-21,88,91,23,29,70,84,81,40,27
2020-01-22,0,77,43,29,75,80,79,41,37
2020-01-23,89,69,59,28,72,88,85,50,54
2020-01-24,0,63,71,28,65,78,67,41,67
2020-01-25,0,37,85,28,20,53,47,22,83
2020-01-26,96,66,99,29,22,44,57,24,90
2020-01-27,0,86,90,29,97,68,76,48,96
2020-01-28,87,74,95,29,99,81,79,38,99
2020-01-29,0,64,81,29,86,88,100,37,85
2020-01-30,0,60,94,28,80,99,87,40,98
2020-01-31,0,56,100,27,100,99,81,39,100
2020-02-01,0,39,15,87,11,25,69,53,70
2020-02-02,0,70,21,93,7,24,63,76,59
2020-02-03,0,95,33,91,25,32,88,92,52
2020-02-04,0,81,25,94,21,47,100,92,48
2020-02-05,0,86,17,92,23,56,95,95,44
2020-02-06,0,73,15,93,22,46,90,99,45
2020-02-07,0,65,15,92,22,39,81,87,45
2020-02-08,0,39,12,86,5,25,61,61,40
2020-02-09,100,75,14,96,6,28,58,47,39
2020-02-10,0,100,12,97,23,37,89,82,41
2020-02-11,0,75,11,94,23,44,90,83,41
2020-02-12,0,70,9,95,18,42,87,95,39
2020-02-13,0,65,10,96,22,38,87,87,41
2020-02-14,0,55,8,90,21,39,74,59,34
2020-02-15,0,37,9,86,6,27,64,44,31
2020-02-16,0,74,8,95,4,26,60,72,29
2020-02-17,0,77,7,86,12,26,87,74,29
2020-02-18,0,86,8,95,23,35,82,68,28
2020-02-19,0,76,8,96,20,41,90,98,26
2020-02-20,0,64,6,97,21,38,82,75,24
2020-02-21,0,61,8,93,23,39,71,79,36
2020-02-22,0,39,16,89,10,24,57,56,46
2020-02-23,0,69,24,98,5,26,58,57,63
2020-02-24,0,92,56,100,42,43,89,88,72
2020-02-25,86,77,84,99,59,55,85,78,84
2020-02-26,0,71,100,95,56,53,88,81,99
2020-02-27,0,61,88,98,76,68,77,100,99
2020-02-28,0,57,79,98,100,100,61,58,100
2020-02-29,96,35,55,90,27,54,51,45,90
2020-03-01,97,5,8,69,13,23,73,77,29
2020-03-02,86,6,10,73,52,33,92,87,39
2020-03-03,0,5,9,71,48,27,100,100,38
2020-03-04,87,4,7,72,36,27,92,80,40
2020-03-05,0,4,7,73,41,30,97,70,41
2020-03-06,0,4,7,71,43,33,82,72,41
2020-03-07,100,2,7,63,12,20,64,47,37
2020-03-08,0,5,7,73,12,21,66,60,37
2020-03-09,0,6,10,73,86,63,92,98,45
2020-03-10,0,4,12,75,67,59,85,100,52
2020-03-11,85,4,100,72,63,48,76,79,61
2020-03-12,0,5,100,69,100,92,88,89,93
2020-03-13,0,6,56,66,86,100,65,87,95
2020-03-14,0,5,43,71,22,54,55,43,86
2020-03-15,0,9,39,76,25,52,56,77,90
2020-03-16,84,25,38,67,97,85,80,68,100
2020-03-17,0,36,38,72,74,87,65,73,95
2020-03-18,0,43,37,74,83,90,74,70,92
2020-03-19,0,45,35,75,74,89,74,71,88
2020-03-20,0,49,35,76,66,79,63,66,89
2020-03-21,0,33,36,82,20,61,54,63,87
2020-03-22,0,36,38,95,20,56,51,57,90
2020-03-23,0,64,34,81,69,67,67,79,81
2020-03-24,0,55,31,82,66,73,69,71,85
2020-03-25,0,64,28,84,64,81,59,74,75
2020-03-26,0,79,28,87,63,68,64,74,67
2020-03-27,83,75,29,96,58,61,56,100,65
2020-03-28,0,57,28,97,15,42,54,61,61
2020-03-29,0,61,28,100,15,44,49,67,56
2020-03-30,0,100,25,90,51,55,74,73,50
2020-03-31,0,96,25,86,49,53,63,86,47
2020-04-01,0,85,98,95,100,59,83,74,100
2020-04-02,0,92,96,98,96,59,75,95,96
2020-04-03,0,83,94,93,82,59,85,57,91
2020-04-04,0,53,96,96,29,46,68,66,93
2020-04-05,0,63,100,100,23,43,78,77,90
2020-04-06,0,88,89,92,86,53,74,83,82
2020-04-07,0,82,84,89,94,62,91,77,74
2020-04-08,88,76,83,89,91,59,76,82,70
2020-04-09,0,82,81,90,90,64,85,85,67
2020-04-10,94,72,78,91,41,47,72,75,63
2020-04-11,0,47,73,93,18,38,54,43,63
2020-04-12,100,60,68,100,22,38,62,82,59
2020-04-13,0,100,73,94,83,52,72,68,59
2020-04-14,87,86,71,94,80,60,79,87,54
2020-04-15,0,84,72,87,78,65,77,75,54
2020-04-16,0,77,70,93,77,63,85,81,54
2020-04-17,0,67,69,94,75,68,100,78,53
2020-04-18,0,46,65,97,24,40,55,62,49
2020-04-19,98,71,66,96,20,40,56,84,49
2020-04-20,0,89,63,93,78,100,79,92,51
2020-04-21,0,78,65,94,80,96,99,100,48
2020-04-22,0,74,68,91,67,68,90,85,44
2020-04-23,85,69,64,92,61,61,78,80,46
2020-04-24,0,62,63,96,64,59,77,96,44
2020-04-25,0,44,58,95,18,39,68,77,39
2020-04-26,0,70,59,98,16,40,71,62,39
2020-04-27,87,86,60,95,61,55,84,92,38
2020-04-28,0,75,63,99,67,56,92,80,36
2020-04-29,86,66,63,100,70,70,78,64,37
2020-04-30,81,58,59,97,67,68,89,75,35
