date,open,high,low,close,volume_btc,volume_usd
2020-04-10,7315.25,7315.25,7315.25,7315.25,0,0
2020-04-09,7369.6,7378.85,7115.04,7315.25,2237,16310014
2020-04-08,7201.81,7432.23,7152.8,7369.6,2483,18138080
2020-04-07,7336.96,7468.42,7078.0,7201.81,2333,17047120
2020-04-06,6775.21,7369.76,6771.01,7336.96,3727,26533750
2020-04-05,6870.2,6907.9,6678.6,6775.21,1275,8662210
2020-04-04,6740.88,7016.0,6658.68,6870.2,1671,11383223
2020-04-03,6801.0,7048.72,6609.47,6740.88,2881,19692803
2020-04-02,6666.16,7273.0,6579.69,6801.0,5345,36577028
2020-04-01,6428.54,6714.76,6156.47,6666.16,2759,17697565
2020-03-31,6406.91,6530.83,6341.25,6428.54,1459,9418155
2020-03-30,5882.7,6629.18,5857.41,6406.91,3108,19612581
2020-03-29,6258.01,6283.41,5873.93,5882.7,1827,11038076
2020-03-28,6378.4,6378.4,6038.09,6258.01,2087,12958586
2020-03-27,6728.44,6869.5,6268.5,6378.4,2571,17079624
2020-03-26,6694.73,6793.19,6530.01,6728.44,2182,14548179
2020-03-25,6775.57,6977.69,6471.08,6694.73,4931,32952771
2020-03-24,6500.0,6866.7,6405.0,6775.57,6957,46293922
2020-03-23,5839.44,6650.0,5689.92,6500.0,8255,51170869
2020-03-22,6208.45,6416.5,5748.14,5839.44,4005,24126014
2020-03-21,6205.18,6464.21,5863.67,6208.45,3239,19987972
2020-03-20,6191.02,6961.65,5660.77,6205.18,8626,55231382
2020-03-19,5420.45,6436.99,5270.0,6191.02,8994,53179189
2020-03-18,5343.07,5450.0,5019.72,5420.45,5301,27947785
2020-03-17,5035.56,5563.18,4929.59,5343.07,6392,33945915
2020-03-16,5343.45,5350.72,4428.83,5035.56,13639,66652878
2020-03-15,5169.05,5987.11,5091.43,5343.45,5471,29486778
2020-03-14,5653.03,5780.0,5051.95,5169.05,3360,18050549
2020-03-13,4830.45,6000.0,3901.25,5653.03,18950,96600762
2020-03-12,7935.49,7966.08,4600.0,4830.45,18359,110860932
2020-03-11,7881.02,8020.0,7590.62,7935.49,2011,15747210
2020-03-10,7932.95,8153.88,7705.0,7881.02,3513,27958201
2020-03-09,8038.84,8183.18,7310.0,7932.95,5179,40591741
2020-03-08,8902.65,8905.05,8000.02,8038.84,1824,15265287
2020-03-07,9158.02,9225.0,8862.5,8902.65,659,5972639
2020-03-06,9067.35,9180.5,9012.02,9158.02,683,6223958
2020-03-05,8757.05,9168.62,8755.24,9067.35,1800,16307189
2020-03-04,8751.88,8850.47,8670.0,8757.05,1271,11148191
2020-03-03,8912.92,8921.42,8665.01,8751.88,910,7983225
2020-03-02,8528.4,8970.26,8488.18,8912.92,1244,10920151
2020-03-01,8525.13,8753.5,8410.01,8528.4,797,6818373
2020-02-29,8704.88,8804.14,8525.13,8525.13,368,3200291
2020-02-28,8809.86,8899.56,8430.0,8704.88,1631,14087962
2020-02-27,8780.08,8973.9,8520.0,8809.86,2189,19296669
2020-02-26,9311.4,9371.49,8620.0,8780.08,2631,23586378
2020-02-25,9665.85,9680.92,9247.5,9311.4,1075,10129101
2020-02-24,9977.24,10025.0,9488.33,9665.85,1345,13054508
2020-02-23,9675.67,10016.82,9673.43,9977.24,499,4948322
2020-02-22,9703.44,9728.57,9582.37,9675.67,319,3091800
2020-02-21,9610.11,9775.26,9575.01,9703.44,789,7655938
2020-02-20,9597.25,9699.06,9390.0,9610.11,1309,12514712
2020-02-19,10187.97,10310.06,9290.73,9597.25,2049,20195696
2020-02-18,9705.1,10275.62,9600.0,10187.97,1410,14046572
2020-02-17,9933.8,9964.63,9477.53,9705.1,1157,11211314
2020-02-16,9903.34,10049.39,9628.0,9933.8,869,8559305
2020-02-15,10372.74,10397.0,9751.0,9903.34,1647,16553232
2020-02-14,10245.39,10400.37,10111.0,10372.74,1653,17023800
2020-02-13,10352.74,10517.2,10087.51,10245.39,1832,18903408
2020-02-12,10269.46,10487.46,10250.2,10352.74,1772,18375776
2020-02-11,9860.08,10390.94,9714.29,10269.46,1988,20055451
2020-02-10,10168.41,10200.0,9697.09,9860.08,1717,17049183
2020-02-09,9912.53,10170.91,9884.3,10168.41,606,6097683
2020-02-08,9816.97,9947.24,9660.44,9912.53,578,5685906
2020-02-07,9761.36,9871.36,9720.59,9816.97,728,7128228
2020-02-06,9615.04,9856.43,9520.12,9761.36,1347,13063514
2020-02-05,9167.01,9767.9,9150.1,9615.04,1350,12864879
2020-02-04,9278.51,9339.0,9079.87,9167.01,816,7504286
2020-02-03,9321.0,9600.0,9225.0,9278.51,887,8285387
2020-02-02,9380.6,9468.43,9150.0,9321.0,521,4871810
2020-02-01,9330.55,9455.78,9290.7,9380.6,384,3603303
2020-01-31,9497.68,9525.01,9200.03,9330.55,974,9084855
2020-01-30,9280.04,9565.22,9186.87,9497.68,1451,13645741
2020-01-29,9399.0,9430.0,9227.79,9280.04,962,8986357
2020-01-28,8901.8,9405.42,8890.72,9399.0,1527,13899514
2020-01-27,8583.74,8989.98,8560.04,8901.8,1177,10364365
2020-01-26,8330.01,8592.06,8283.37,8583.74,464,3924863
2020-01-25,8425.18,8433.86,8260.0,8330.01,366,3054203
2020-01-24,8391.37,8513.35,8226.36,8425.18,787,6622343
2020-01-23,8664.08,8673.13,8277.81,8391.37,1717,14392489
2020-01-22,8716.76,8784.28,8575.01,8664.08,515,4462814
2020-01-21,8627.64,8776.25,8480.0,8716.76,886,7654716
2020-01-20,8700.66,8730.31,8510.02,8627.64,555,4794241
2020-01-19,8907.78,9180.18,8477.51,8700.66,1709,15027214
2020-01-18,8900.45,8971.0,8810.0,8907.78,338,3018534
2020-01-17,8715.01,9007.18,8669.0,8900.45,1260,11186184
2020-01-16,8813.5,8849.58,8580.06,8715.01,730,6341259
2020-01-15,8827.01,8920.83,8561.12,8813.5,1143,10034845
2020-01-14,8110.0,8889.0,8110.0,8827.01,2641,22684492
2020-01-13,8173.14,8190.75,8000.0,8110.0,1628,13159389
2020-01-12,8023.48,8180.0,7972.0,8173.14,275,2234783
2020-01-11,8190.89,8277.01,8000.0,8023.48,544,4422671
2020-01-10,7820.01,8199.0,7676.0,8190.89,1055,8405485
2020-01-09,8042.02,8042.02,7756.56,7820.01,951,7507310
2020-01-08,8158.5,8463.0,7871.01,8042.02,1757,14377981
2020-01-07,7762.72,8210.0,7737.5,8158.5,1870,14877546
2020-01-06,7351.77,7807.94,7349.29,7762.72,1161,8810268
2020-01-05,7352.82,7490.17,7313.53,7351.77,554,4120605
2020-01-04,7333.0,7394.4,7258.53,7352.82,402,2947287
2020-01-03,6944.9,7398.0,6860.0,7333.0,1292,9328686
2020-01-02,7175.2,7186.65,6901.02,6944.9,984,6908590
2020-01-01,7165.9,7231.65,7146.6,7175.2,776,5584370
2019-12-31,7216.27,7300.0,7115.02,7165.9,841,6048159
2019-12-30,7390.42,7390.42,7199.97,7216.27,709,5160001
2019-12-29,7300.7,7521.92,7276.4,7390.42,303,2240654
2019-12-28,7241.66,7349.24,7238.9,7300.7,436,3188539
2019-12-27,7195.83,7253.38,7062.39,7241.66,1362,9818404
2019-12-26,7192.6,7429.99,7155.0,7195.83,728,5310053
2019-12-25,7260.75,7266.0,7122.5,7192.6,237,1713235
2019-12-24,7316.57,7426.14,7162.5,7260.75,567,4131282
2019-12-23,7513.12,7690.0,7270.0,7316.57,1247,9365450
2019-12-22,7140.34,7522.01,7130.0,7513.12,606,4449423
2019-12-21,7186.87,7195.37,7116.08,7140.34,274,1960797
2019-12-20,7155.0,7218.0,7078.34,7186.87,621,4452286
2019-12-19,7292.61,7368.5,7052.5,7155.0,933,6685191
2019-12-18,6615.06,7448.0,6435.38,7292.61,1763,12043135
2019-12-17,6881.25,6928.4,6560.04,6615.06,1636,11007100
2019-12-16,7120.14,7136.31,6822.0,6881.25,1329,9260472
2019-12-15,7072.7,7212.02,7012.5,7120.14,285,2024435
2019-12-14,7250.14,7265.4,7010.01,7072.7,452,3233257
2019-12-13,7193.42,7297.6,7193.42,7250.14,599,4346965
2019-12-12,7200.5,7299.39,7082.93,7193.42,874,6291003
2019-12-11,7221.4,7267.84,7130.0,7200.5,729,5251599
2019-12-10,7340.21,7395.0,7167.5,7221.4,610,4437108
2019-12-09,7528.05,7652.0,7287.09,7340.21,991,7411846
2019-12-08,7500.0,7575.25,7392.54,7528.05,315,2362732
2019-12-07,7543.71,7636.39,7480.0,7500.0,478,3609680
2019-12-06,7393.19,7607.07,7305.0,7543.71,930,6942049
2019-12-05,7192.73,7485.0,7160.75,7393.19,1172,8600567
2019-12-04,7301.37,7820.75,7091.59,7192.73,2190,16114965
2019-12-03,7301.55,7413.27,7245.6,7301.37,865,6340876
2019-12-02,7400.18,7429.49,7170.01,7301.55,824,6016385
2019-12-01,7554.19,7554.19,7242.26,7400.18,495,3641236
2019-11-30,7758.35,7811.38,7463.0,7554.19,753,5782531
2019-11-29,7430.53,7860.95,7414.79,7758.35,1033,7933376
2019-11-28,7520.11,7651.63,7375.03,7430.53,752,5664293
2019-11-27,7162.9,7669.56,6849.95,7520.11,1919,14108262
2019-11-26,7121.7,7338.99,7028.27,7162.9,1149,8193498
2019-11-25,6912.89,7376.9,6523.92,7121.7,2768,19207151
2019-11-24,7329.11,7344.86,6862.28,6912.89,963,6826904
2019-11-23,7286.95,7349.22,7112.51,7329.11,756,5486332
2019-11-22,7615.0,7718.29,6789.0,7286.95,3543,25436887
2019-11-21,8079.0,8117.35,7387.54,7615.0,2283,17488088
2019-11-20,8120.8,8218.0,8028.05,8079.0,881,7141546
2019-11-19,8174.11,8198.73,8000.0,8120.8,874,7074189
2019-11-18,8500.0,8500.0,8033.48,8174.11,1162,9632087
2019-11-17,8479.81,8627.79,8382.61,8500.0,355,3032221
2019-11-16,8457.18,8526.08,8430.16,8479.81,245,2077802
2019-11-15,8626.66,8774.0,8368.33,8457.18,1409,12026484
2019-11-14,8761.75,8787.0,8562.83,8626.66,822,7108631
2019-11-13,8814.3,8834.98,8706.79,8761.75,580,5082929
2019-11-12,8721.54,8875.53,8561.12,8814.3,892,7779033
2019-11-11,9040.12,9065.58,8600.0,8721.54,613,5376110
2019-11-10,8809.33,9130.88,8749.02,9040.12,540,4851500
2019-11-09,8768.14,8877.36,8725.0,8809.33,306,2693884
2019-11-08,9202.17,9250.0,8670.03,8768.14,1223,10869425
2019-11-07,9350.07,9369.04,9084.95,9202.17,795,7332702
2019-11-06,9318.5,9445.38,9260.15,9350.07,740,6908137
2019-11-05,9415.61,9478.0,9177.0,9318.5,997,9298267
2019-11-04,9200.0,9600.0,9135.0,9415.61,1016,9537908
2019-11-03,9307.58,9386.45,9075.0,9200.0,333,3074478
2019-11-02,9246.88,9388.13,9206.91,9307.58,445,4144185
2019-11-01,9154.0,9299.99,9064.47,9246.88,895,8213720
2019-10-31,9171.01,9426.18,8962.5,9154.0,1073,9843833
2019-10-30,9432.41,9436.28,9001.71,9171.01,889,8170035
2019-10-29,9219.51,9555.57,9072.5,9432.41,1593,14882285
2019-10-28,9547.18,9932.29,9188.19,9219.51,1584,15106793
2019-10-27,9272.28,9809.24,9112.86,9547.18,1686,16083311
2019-10-26,8670.24,10610.0,8650.02,9272.28,5472,52400060
2019-10-25,7458.57,8800.0,7400.0,8670.24,3851,31895226
2019-10-24,7468.81,7511.99,7361.67,7458.57,745,5552194
2019-10-23,8023.14,8052.46,7275.24,7468.81,4667,35233039
2019-10-22,8212.76,8312.83,7996.19,8023.14,718,5864597
2019-10-21,8227.0,8356.21,8157.84,8212.76,796,6545773
2019-10-20,7960.0,8300.0,7882.29,8227.0,676,5468738
2019-10-19,7960.68,8102.63,7879.79,7960.0,487,3887996
2019-10-18,8074.43,8119.27,7815.1,7960.68,970,7717392
2019-10-17,8002.22,8120.6,7941.11,8074.43,715,5753027
2019-10-16,8162.95,8179.1,7915.0,8002.22,1231,9880319
2019-10-15,8355.87,8410.13,8082.77,8162.95,1196,9826685
2019-10-14,8275.99,8406.66,8220.39,8355.87,591,4919171
2019-10-13,8314.22,8470.0,8152.4,8275.99,635,5279965
2019-10-12,8272.76,8424.37,8262.87,8314.22,360,3017229
2019-10-11,8589.51,8812.61,8213.25,8272.76,1648,13941841
2019-10-10,8592.01,8655.0,8460.04,8589.51,887,7593516
2019-10-09,8188.17,8707.38,8127.22,8592.01,1812,15354979
2019-10-08,8208.67,8340.94,8110.31,8188.17,714,5859885
2019-10-07,7860.01,8311.11,7774.02,8208.67,1115,9037861
2019-10-06,8150.97,8169.73,7778.7,7860.01,999,7921427
2019-10-05,8157.3,8196.66,8028.88,8150.97,234,1900266
2019-10-04,8206.45,8239.63,8000.0,8157.3,864,7033721
2019-10-03,8384.51,8411.2,8069.51,8206.45,1186,9736294
2019-10-02,8330.62,8395.0,8180.0,8384.51,1705,14097119
2019-10-01,8301.76,8531.25,8201.64,8330.62,1640,13721824
2019-09-30,8056.19,8368.45,7705.5,8301.76,2580,20925405
2019-09-29,8227.28,8242.6,7906.15,8056.19,730,5862130
2019-09-28,8197.0,8347.44,8022.5,8227.28,1064,8720080
2019-09-27,8065.1,8281.99,7860.0,8197.0,1713,13772810
2019-09-26,8431.9,8458.43,7718.0,8065.1,5752,46120162
2019-09-25,8543.36,8745.0,8221.21,8431.9,2894,24390800
2019-09-24,9693.28,9776.27,7991.18,8543.36,9639,83653880
2019-09-23,10031.31,10047.83,9615.75,9693.28,2114,20720560
2019-09-22,9980.93,10091.19,9849.09,10031.31,326,3253066
2019-09-21,10168.86,10171.0,9922.51,9980.93,471,4721665
2019-09-20,10239.97,10274.9,10057.55,10168.86,925,9402772
2019-09-19,10162.8,10385.31,9592.5,10239.97,2523,25233373
2019-09-18,10192.0,10262.52,9900.0,10162.8,1758,17848742
2019-09-17,10271.26,10282.91,10139.73,10192.0,661,6760798
2019-09-16,10314.68,10375.66,10087.5,10271.26,1159,11849977
2019-09-15,10360.29,10386.6,10271.0,10314.68,322,3325590
2019-09-14,10359.27,10444.02,10232.04,10360.29,288,2986871
2019-09-13,10432.63,10454.48,10156.59,10359.27,833,8581848
2019-09-12,10161.12,10465.63,10033.92,10432.63,832,8561171
2019-09-11,10100.0,10308.15,9866.43,10161.12,1137,11485136
2019-09-10,10313.99,10392.72,9925.0,10100.0,1143,11530517
2019-09-09,10406.94,10542.55,10067.5,10313.99,1323,13627271
2019-09-08,10483.37,10593.92,10227.75,10406.94,477,4969512
2019-09-07,10351.0,10568.67,10330.0,10483.37,656,6842717
2019-09-06,10600.0,10972.06,10185.68,10351.0,3250,34342501
2019-09-05,10584.13,10656.52,10458.71,10600.0,808,8528024
2019-09-04,10625.2,10830.0,10380.42,10584.13,1470,15567690
2019-09-03,10392.28,10775.31,10292.88,10625.2,1812,19192642
2019-09-02,9773.12,10480.47,9750.92,10392.28,1229,12458747
2019-09-01,9604.43,9839.6,9543.86,9773.12,402,3891384
2019-08-31,9581.96,9699.0,9443.87,9604.43,375,3596661
2019-08-30,9488.28,9696.3,9348.37,9581.96,1076,10276519
2019-08-29,9726.85,9726.85,9290.3,9488.28,1984,18806695
2019-08-28,10175.8,10290.69,9512.5,9726.85,3434,33607083
2019-08-27,10367.23,10379.19,10026.73,10175.8,1058,10754088
2019-08-26,10135.59,10662.57,10135.59,10367.23,2655,27655506
2019-08-25,10151.83,10370.71,9907.5,10135.59,1085,10955510
2019-08-24,10408.14,10433.49,9888.0,10151.83,1409,14191334
2019-08-23,10164.82,10477.0,10056.5,10408.14,1407,14574367
2019-08-22,10132.44,10230.57,9759.62,10164.82,1417,14128687
2019-08-21,10747.06,10806.64,9842.51,10132.44,3066,31211146
2019-08-20,10919.99,10950.0,10560.15,10747.06,894,9615670
2019-08-19,10317.97,10931.51,10279.9,10919.99,1580,16872487
2019-08-18,10198.84,10508.93,10082.79,10317.97,637,6586778
2019-08-17,10360.22,10465.37,9981.77,10198.84,483,4935422
2019-08-16,10297.86,10539.73,9739.58,10360.22,2266,22939856
2019-08-15,10016.88,10445.74,9477.52,10297.86,4401,43998639
2019-08-14,10857.49,10858.51,9896.53,10016.88,3454,35649467
2019-08-13,11381.51,11444.13,10750.0,10857.49,2259,24871234
2019-08-12,11527.27,11550.99,11226.82,11381.51,828,9426214
2019-08-11,11284.24,11577.38,11091.75,11527.27,849,9624658
2019-08-10,11857.08,11973.68,11175.0,11284.24,2708,30958227
2019-08-09,11843.87,11961.74,11653.87,11857.08,1530,18065379
2019-08-08,11972.53,12018.99,11468.19,11841.61,1226,14347239
2019-08-07,11464.34,12141.68,11390.14,11972.53,3583,42034544
2019-08-06,11815.28,12321.01,11205.72,11464.34,3586,42115688
2019-08-05,10975.0,11950.0,10975.0,11815.28,2362,27509110
2019-08-04,10817.34,11085.34,10580.0,10975.0,948,10310198
2019-08-03,10528.81,10922.41,10512.32,10817.34,1264,13578463
2019-08-02,10409.99,10677.32,10334.51,10528.81,2161,22710886
2019-08-01,10079.54,10490.86,9893.06,10409.99,1342,13656281
2019-07-31,9599.07,10130.58,9577.65,10079.54,1380,13705760
2019-07-30,9504.23,9794.65,9374.5,9599.07,1266,12190584
2019-07-29,9523.42,9720.0,9362.5,9504.23,1252,11909747
2019-07-28,9478.3,9635.45,9110.61,9523.42,1351,12754755
2019-07-27,9851.02,10240.45,9300.0,9478.3,2757,26618168
2019-07-26,9910.54,9945.23,9652.01,9851.02,1331,13024917
2019-07-25,9770.17,10183.37,9743.3,9910.54,1479,14804115
2019-07-24,9842.72,9911.76,9509.0,9770.17,2073,20106456
2019-07-23,10326.64,10327.38,9807.7,9842.72,2143,21508362
2019-07-22,10590.0,10700.0,10065.67,10326.64,2168,22425307
2019-07-21,10753.17,10827.08,10330.0,10590.0,1126,11910545
2019-07-20,10535.46,11122.83,10373.71,10753.17,2035,21875586
2019-07-19,10647.85,10762.5,10102.06,10535.46,2046,21366864
2019-07-18,9703.58,10795.01,9290.0,10647.85,4253,43129377
2019-07-17,9429.05,9981.23,9074.0,9703.58,3948,37629170
2019-07-16,10850.0,11030.0,9358.0,9429.05,5348,53519126
2019-07-15,10200.8,11088.44,9862.89,10850.0,3214,33424877
2019-07-14,11374.76,11458.2,10095.0,10200.8,2302,24473609
2019-07-13,11776.4,11847.0,10791.73,11374.76,2235,25120178
2019-07-12,11319.42,11947.85,11082.55,11776.4,1796,20810164
2019-07-11,12097.34,12097.34,10963.27,11320.13,4685,53939623
2019-07-10,12570.42,13186.9,11536.35,12097.34,6346,78559413
2019-07-09,12307.13,12832.83,12122.51,12570.42,3496,43658786
2019-07-08,11475.07,12400.0,11332.52,12307.13,2406,28739475
2019-07-07,11242.22,11624.88,11086.72,11475.07,828,9408644
2019-07-06,10997.3,11722.58,10993.85,11242.22,1148,13112321
2019-07-05,11144.85,11441.84,10760.1,10997.3,2095,23254456
2019-07-04,11987.32,12052.86,11040.0,11144.85,2539,29605721
2019-07-03,10833.82,12023.24,10833.82,11987.32,4604,52462719
2019-07-02,10451.1,10915.95,9653.0,10833.82,3877,40051728
2019-07-01,10746.0,11199.59,9960.0,10451.1,5301,55874250
2019-06-30,11885.94,12197.03,10642.07,10746.0,3327,37480404
2019-06-29,12388.24,12388.24,11200.0,11885.94,2819,33306314
2019-06-28,11143.74,12436.0,10738.17,12388.24,3871,45240001
2019-06-27,12936.45,13359.99,10299.0,11143.74,9062,104698562
2019-06-26,11759.9,13858.37,11454.8,12936.45,10928,138561002
2019-06-25,11035.0,11791.53,11000.48,11759.9,3011,34134572
2019-06-24,10842.82,11090.0,10531.2,11035.0,2015,21872075
2019-06-23,10676.48,11200.0,10490.0,10842.82,1833,19739732
2019-06-22,10233.92,11201.0,10085.83,10676.48,5157,55101511
2019-06-21,9534.88,10243.82,9532.61,10233.92,3004,29641395
2019-06-20,9282.65,9605.44,9211.96,9534.88,1988,18731396
2019-06-19,9084.31,9324.25,9039.34,9282.65,2017,18441752
2019-06-18,9331.03,9360.74,8930.45,9084.31,2560,23356172
2019-06-17,8989.89,9472.0,8977.38,9331.03,2980,27579721
2019-06-16,8853.3,9386.98,8800.04,8989.89,3091,28115796
2019-06-15,8699.71,8911.6,8627.97,8853.3,920,8066115
2019-06-14,8256.09,8729.17,8185.0,8699.71,1508,12721601
2019-06-13,8176.44,8329.13,8048.33,8256.09,971,7973955
2019-06-12,7920.63,8290.2,7826.63,8176.44,1842,14960297
2019-06-11,8024.35,8056.23,7710.12,7920.63,1084,8543584
2019-06-10,7643.46,8095.19,7525.67,8024.35,1339,10598733
2019-06-09,7936.35,7962.68,7510.0,7643.46,586,4524910
2019-06-08,8002.98,8058.34,7787.78,7936.35,428,3387033
2019-06-07,7801.0,8130.0,7766.0,8002.98,1726,13745563
2019-06-06,7791.42,7876.91,7450.0,7801.0,1396,10729066
2019-06-05,7682.81,7923.98,7570.65,7791.42,1914,14866239
2019-06-04,8110.99,8110.99,7440.83,7682.81,6700,52363586
2019-06-03,8745.75,8745.75,8030.32,8110.99,2748,23018359
2019-06-02,8566.1,8831.69,8546.38,8745.75,505,4397819
2019-06-01,8516.2,8621.0,8458.34,8566.1,641,5483092
2019-05-31,8273.76,8554.96,8114.72,8516.2,2416,20222979
2019-05-30,8659.18,9094.51,8000.0,8273.76,4602,39405604
2019-05-29,8726.4,8760.0,8431.15,8659.18,1898,16374194
2019-05-28,8781.16,8823.75,8550.0,8726.4,2265,19669909
2019-05-27,8750.01,8946.0,8629.02,8781.16,2344,20634713
2019-05-26,8074.87,8786.32,7891.47,8750.01,2687,22739403
2019-05-25,8004.36,8149.5,7947.79,8074.87,710,5715577
2019-05-24,7879.92,8180.0,7800.0,8004.36,1574,12636731
2019-05-23,7620.0,7983.03,7470.9,7879.92,1829,14142701
2019-05-22,7954.49,8044.08,7504.0,7620.0,2278,17802633
2019-05-21,8003.97,8111.32,7809.64,7954.49,1817,14456002
2019-05-20,8192.44,8198.02,7576.35,8003.97,3771,29874745
2019-05-19,7262.52,8304.56,7257.75,8192.44,2486,19707773
2019-05-18,7361.92,7488.21,7210.98,7262.52,1254,9211267
2019-05-17,7881.38,7941.51,6630.41,7361.92,8410,60482380
2019-05-16,8198.47,8380.0,7665.47,7881.38,3821,30539555
2019-05-15,7995.48,8299.5,7840.82,8198.47,3420,27667357
2019-05-14,7822.67,8342.0,7625.0,7995.48,5334,42471157
2019-05-13,6976.25,8170.0,6869.09,7822.67,8023,62026698
2019-05-12,7227.75,7578.83,6760.0,6976.25,9696,69215337
2019-05-11,6378.01,7445.45,6354.69,7227.75,5637,39089913
2019-05-10,6146.18,6427.25,6110.3,6378.01,3414,21471495
2019-05-09,5935.1,6170.33,5935.01,6146.18,2355,14242761
2019-05-08,5745.0,5989.98,5653.65,5935.1,1892,11041418
2019-05-07,5686.65,5969.51,5686.65,5745.0,2855,16703547
2019-05-06,5715.3,5758.31,5570.0,5686.65,1451,8225288
2019-05-05,5769.51,5778.4,5630.63,5715.3,595,3404654
2019-05-04,5660.3,5837.2,5511.01,5769.51,1980,11274205
2019-05-03,5391.01,5800.02,5365.2,5660.3,3157,17825555
2019-05-02,5329.97,5421.33,5306.95,5391.01,1714,9215150
2019-05-01,5266.34,5358.3,5266.34,5329.97,1333,7081712
2019-04-30,5149.86,5285.02,5133.08,5266.34,1713,8956863
2019-04-29,5157.02,5189.14,5071.48,5149.86,1127,5803458
2019-04-28,5174.18,5213.66,5103.74,5157.02,562,2906203
2019-04-27,5140.38,5217.4,5119.47,5174.18,947,4896922
2019-04-26,5138.43,5290.47,5046.15,5140.38,2655,13663191
2019-04-25,5445.16,5515.4,4976.13,5138.43,3794,19789652
2019-04-24,5538.25,5624.58,5376.53,5445.16,3427,18821335
2019-04-23,5390.0,5643.97,5366.89,5538.25,3211,17832484
2019-04-22,5296.26,5439.99,5256.77,5390.0,1605,8587378
2019-04-21,5321.31,5342.23,5215.53,5296.26,754,3987312
2019-04-20,5286.63,5358.02,5265.78,5321.31,536,2852403
2019-04-19,5283.73,5358.64,5197.38,5286.63,1345,7082655
2019-04-18,5246.1,5315.48,5226.96,5283.73,1658,8737964
2019-04-17,5203.65,5271.87,5177.37,5246.1,2396,12519648
2019-04-16,5036.86,5230.0,5022.84,5203.65,2112,10803162
2019-04-15,5161.51,5190.0,4950.0,5036.86,2159,10985361
2019-04-14,5069.48,5187.94,5017.0,5161.51,1475,7492355
2019-04-13,5091.58,5141.74,5038.09,5069.48,1543,7864420
2019-04-12,5044.68,5117.05,4903.64,5091.58,3367,16969147
2019-04-11,5319.55,5347.07,4970.51,5044.68,4747,24319016
2019-04-10,5194.98,5471.14,5166.42,5319.55,4036,21381284
2019-04-09,5287.88,5287.89,5147.16,5194.98,2775,14485148
2019-04-08,5196.02,5350.0,5132.26,5287.88,2766,14524197
2019-04-07,5044.56,5266.74,5029.23,5196.02,1510,7777657
2019-04-06,5041.0,5239.4,4892.5,5044.56,2390,12093844
2019-04-05,4907.68,5067.41,4887.05,5041.0,2898,14474678
2019-04-04,4976.94,5072.57,4782.47,4907.68,4002,19878417
2019-04-03,4903.3,5346.68,4800.0,4976.94,11038,55729580
2019-04-02,4136.54,5090.62,4131.25,4903.3,11731,55048636
2019-04-01,4095.01,4147.99,4052.49,4136.54,2280,9408272
2019-03-31,4094.03,4102.91,4076.62,4095.01,498,2038822
2019-03-30,4082.72,4129.49,4037.28,4094.03,990,4046158
2019-03-29,4012.81,4098.04,4007.71,4082.72,1721,6993892
2019-03-28,4027.35,4027.35,3995.0,4012.81,1368,5490203
2019-03-27,3919.99,4034.0,3914.95,4027.35,2482,9916749
2019-03-26,3908.7,3921.73,3882.92,3919.99,1515,5930417
2019-03-25,3971.53,4034.13,3858.55,3908.7,2396,9428641
2019-03-24,3982.45,3982.45,3947.0,3971.53,668,2653311
2019-03-23,3986.67,4000.5,3961.01,3982.45,809,3227449
2019-03-22,3975.01,3999.73,3963.88,3986.67,1001,3989559
2019-03-21,4032.0,4059.37,3915.09,3975.01,2725,10877458
2019-03-20,4001.3,4048.85,3963.72,4032.0,2515,10066510
2019-03-19,3969.99,4012.69,3951.66,4001.3,1790,7126346
2019-03-18,3965.45,4015.85,3936.36,3969.99,1951,7744117
2019-03-17,3990.0,3992.42,3930.06,3965.45,517,2049556
2019-03-16,3901.0,4037.02,3899.0,3990.0,1895,7539679
2019-03-15,3855.87,3907.11,3847.95,3901.0,2134,8300709
2019-03-14,3850.96,3900.0,3785.0,3855.87,2577,9903376
2019-03-13,3862.12,3869.99,3826.0,3850.96,2056,7919141
2019-03-12,3851.15,3876.22,3800.0,3862.12,2271,8733286
2019-03-11,3899.07,3910.46,3815.06,3851.15,1761,6790809
2019-03-10,3917.49,3918.35,3870.0,3899.07,739,2880040
2019-03-09,3842.0,3947.88,3835.35,3917.49,847,3307557
2019-03-08,3855.26,3910.0,3771.78,3842.0,2701,10468107
2019-03-07,3850.46,3889.72,3829.54,3855.26,1991,7693446
2019-03-06,3845.73,3893.29,3811.16,3850.46,2898,11133131
2019-03-05,3700.82,3876.59,3695.0,3845.73,2545,9666566
2019-03-04,3789.61,3805.46,3675.0,3700.82,1822,6788402
2019-03-03,3812.45,3818.52,3761.95,3789.61,502,1908623
2019-03-02,3808.12,3818.31,3761.02,3812.45,584,2225132
2019-03-01,3791.49,3843.78,3791.49,3808.12,1608,6142566
2019-02-28,3800.0,3912.16,3752.05,3791.49,3708,14179915
2019-02-27,3799.99,3820.28,3650.8,3800.0,3091,11629064
2019-02-26,3820.26,3828.12,3764.95,3799.99,1620,6147361
2019-02-25,3732.48,3859.17,3732.48,3820.26,2262,8602292
2019-02-24,4110.99,4186.99,3715.51,3732.48,5902,22906892
2019-02-23,3946.56,4153.01,3914.25,4110.99,2210,8914369
2019-02-22,3901.59,3954.99,3885.12,3946.56,1570,6174383
2019-02-21,3941.16,3987.0,3870.0,3901.59,2537,9925700
2019-02-20,3892.03,3966.67,3865.02,3941.16,3014,11805181
2019-02-19,3866.99,3971.46,3844.37,3892.03,3746,14627443
2019-02-18,3626.7,3912.51,3618.09,3866.99,3804,14375151
2019-02-17,3582.3,3675.87,3557.38,3626.7,1439,5181942
2019-02-16,3567.12,3606.92,3567.12,3582.3,906,3252985
2019-02-15,3562.29,3615.79,3544.95,3567.12,2981,10649544
2019-02-14,3576.48,3657.0,3537.0,3562.29,2558,9142540
2019-02-13,3588.61,3627.79,3561.22,3576.48,1831,6560232
2019-02-12,3588.58,3618.56,3550.1,3588.61,2852,10208314
2019-02-11,3647.21,3649.99,3578.01,3588.58,3356,12072097
2019-02-10,3624.11,3655.04,3580.17,3647.21,987,3565812
2019-02-09,3622.59,3638.94,3595.01,3624.11,1614,5836310
2019-02-08,3359.99,3711.26,3343.84,3622.59,5701,20153424
2019-02-07,3366.83,3380.0,3352.29,3359.99,1274,4288604
2019-02-06,3429.98,3445.22,3331.44,3366.83,2077,7000869
2019-02-05,3411.47,3430.0,3401.84,3429.98,1335,4569082
2019-02-04,3415.99,3435.0,3397.0,3411.47,1112,3801923
2019-02-03,3469.06,3471.42,3390.0,3415.99,787,2695560
2019-02-02,3441.87,3484.99,3412.18,3469.06,691,2379749
2019-02-01,3412.1,3458.18,3370.61,3441.87,2800,9580957
2019-01-31,3436.11,3472.0,3394.43,3412.1,2776,9495071
2019-01-30,3395.49,3459.5,3372.28,3436.11,3163,10840415
2019-01-29,3429.7,3437.93,3321.0,3395.49,4105,13930725
2019-01-28,3529.63,3535.18,3369.99,3429.7,4140,14214006
2019-01-27,3558.19,3563.54,3472.94,3529.63,706,2489699
2019-01-26,3561.0,3659.38,3540.12,3558.19,1176,4211645
2019-01-25,3570.25,3578.0,3510.0,3561.0,2499,8878335
2019-01-24,3553.02,3596.65,3528.54,3570.25,1189,4234595
2019-01-23,3577.24,3611.57,3523.34,3553.02,2039,7268650
2019-01-22,3532.25,3611.63,3423.74,3577.24,2338,8284757
2019-01-21,3533.49,3568.78,3487.29,3532.25,1434,5070847
2019-01-20,3687.0,3702.09,3474.0,3533.49,2149,7639957
2019-01-19,3608.0,3760.0,3608.0,3687.0,2227,8268829
2019-01-18,3641.4,3643.69,3577.28,3608.0,1627,5884005
2019-01-17,3604.57,3657.79,3545.43,3641.4,2307,8325788
2019-01-16,3583.47,3663.58,3571.47,3604.57,4990,17998353
2019-01-15,3662.89,3682.59,3541.0,3583.47,3977,14425790
2019-01-14,3514.08,3713.16,3506.84,3662.89,2851,10353404
2019-01-13,3618.82,3644.54,3484.33,3514.08,2279,8111864
2019-01-12,3637.28,3650.0,3561.5,3618.82,1264,4580598
2019-01-11,3626.76,3695.0,3577.01,3637.28,3371,12260715
2019-01-10,4000.67,4034.61,3566.0,3626.76,6903,25909780
2019-01-09,3992.24,4044.82,3964.92,4000.67,3008,12062995
2019-01-08,4007.47,4112.12,3950.0,3992.24,4900,19684370
2019-01-07,4041.01,4069.96,3968.45,4007.47,3933,15810876
2019-01-06,3797.41,4079.04,3756.79,4041.01,2511,9969787
2019-01-05,3821.47,3859.5,3780.0,3797.41,1675,6408581
2019-01-04,3786.91,3850.3,3732.15,3821.47,2284,8642529
2019-01-03,3890.45,3894.17,3760.1,3786.91,4061,15562412
2019-01-02,3823.63,3911.99,3763.85,3890.45,3924,14998960
2019-01-01,3692.35,3840.85,3577.18,3823.63,3155,11667756
2018-12-31,3826.96,3837.91,3621.93,3692.35,4095,15282703
2018-12-30,3729.57,3864.93,3691.01,3826.96,2208,8371696
2018-12-29,3889.2,3937.21,3700.0,3729.57,3269,12638069
2018-12-28,3588.67,3965.23,3576.04,3889.2,4969,18630733
2018-12-27,3808.85,3842.27,3567.86,3588.67,6312,23410323
2018-12-26,3777.97,3863.82,3688.04,3808.85,3526,13314035
2018-12-25,4036.0,4046.24,3680.0,3777.97,5009,18935262
2018-12-24,3948.58,4238.33,3945.32,4036.0,6864,28360522
2018-12-23,3979.35,4053.04,3910.0,3948.58,2136,8481846
2018-12-22,3839.06,4005.0,3790.27,3979.35,2932,11322281
2018-12-21,4077.29,4163.66,3773.13,3839.06,9566,37997707
2018-12-20,3683.97,4200.0,3663.29,4077.29,11541,45775523
2018-12-19,3667.82,3922.6,3644.26,3683.97,11373,42682441
2018-12-18,3502.84,3681.1,3432.38,3667.82,6574,23159640
2018-12-17,3193.0,3584.99,3183.07,3502.84,7868,26979715
2018-12-16,3184.06,3263.05,3175.0,3193.0,1492,4802409
2018-12-15,3195.43,3241.0,3126.88,3184.06,3230,10250540
2018-12-14,3265.44,3295.5,3136.46,3195.43,5780,18625777
2018-12-13,3431.89,3439.52,3225.39,3265.44,5680,18959465
2018-12-12,3347.11,3486.0,3325.11,3431.89,5014,17088299
2018-12-11,3411.6,3426.68,3295.01,3356.01,3723,12516693
2018-12-10,3529.66,3591.53,3357.56,3411.6,4938,17059119
2018-12-09,3394.5,3641.28,3373.71,3529.66,3840,13431518
2018-12-08,3377.83,3459.0,3254.62,3394.5,2794,9395393
2018-12-07,3436.54,3536.36,3209.71,3377.83,10817,36284413
2018-12-06,3691.92,3846.62,3420.65,3436.54,8876,32235916
2018-12-05,3903.94,3916.74,3667.19,3691.92,4204,15906060
2018-12-04,3835.01,4034.99,3730.52,3903.94,4672,18173530
2018-12-03,4101.25,4119.39,3750.0,3835.01,5196,20247858
2018-12-02,4141.59,4261.6,4037.62,4101.25,2850,11776105
2018-12-01,3970.0,4250.0,3911.47,4141.59,2186,8987670
2018-11-30,4240.53,4295.09,3851.0,3984.01,5903,23881979
2018-11-29,4223.69,4407.45,4085.49,4240.53,8348,35371243
2018-11-28,3771.43,4350.0,3771.43,4223.69,9513,38997822
2018-11-27,3730.44,3829.26,3565.0,3771.43,8334,30864417
2018-11-26,3933.57,4075.96,3518.6,3730.44,11274,42165703
2018-11-25,3789.99,4116.92,3473.0,3933.57,10876,40871050
2018-11-24,4288.25,4371.46,3650.0,3789.99,5571,22547503
2018-11-23,4263.29,4371.16,4086.83,4288.25,7107,30015145
2018-11-22,4546.67,4596.33,4237.01,4263.29,4216,18785589
2018-11-21,4355.22,4643.54,4242.49,4546.67,9083,40286168
2018-11-20,4733.82,4896.54,4044.71,4355.22,18984,84500490
2018-11-19,5560.42,5560.42,4673.86,4733.82,11102,56455361
2018-11-18,5503.64,5658.15,5503.64,5560.42,1135,6306200
2018-11-17,5515.77,5544.33,5455.09,5503.64,1507,8267008
2018-11-16,5572.71,5608.35,5412.48,5515.77,4685,25905830
2018-11-15,5606.38,5648.04,5200.0,5572.71,7172,39157716
2018-11-14,6258.26,6297.66,5290.0,5606.38,13448,76375574
2018-11-13,6326.27,6326.4,6250.0,6258.26,1767,11111823
2018-11-12,6360.98,6382.25,6300.0,6326.27,979,6210313
2018-11-11,6350.23,6364.97,6275.0,6360.98,544,3444779
2018-11-10,6335.0,6369.99,6332.6,6350.23,323,2053866
2018-11-09,6405.88,6429.68,6312.0,6335.0,1448,9225871
2018-11-08,6501.5,6512.0,6393.84,6405.88,3154,20332988
2018-11-07,6448.41,6540.0,6445.5,6501.5,3733,24275948
2018-11-06,6403.38,6449.0,6384.75,6448.41,3803,24360874
2018-11-05,6425.09,6440.41,6368.49,6403.38,3770,24138899
2018-11-04,6332.46,6453.22,6320.01,6425.09,878,5612493
2018-11-03,6350.98,6350.98,6318.11,6332.46,349,2210908
2018-11-02,6344.3,6380.0,6330.0,6350.98,1759,11173910
2018-11-01,6305.58,6359.29,6281.91,6344.3,2794,17624049
2018-10-31,6270.43,6346.94,6200.0,6305.58,3135,19664002
2018-10-30,6263.67,6287.56,6238.94,6270.43,3173,19863024
2018-10-29,6404.8,6414.12,6200.0,6263.67,3579,22638531
2018-10-28,6410.01,6418.97,6387.64,6404.8,524,3358643
2018-10-27,6401.09,6425.0,6388.06,6410.01,403,2585971
2018-10-26,6389.7,6450.0,6375.0,6401.09,3051,19516832
2018-10-25,6412.0,6423.5,6358.82,6389.7,2762,17653569
2018-10-24,6395.25,6465.68,6390.07,6412.0,3456,22209236
2018-10-23,6407.43,6418.0,6350.1,6395.25,3789,24199297
2018-10-22,6412.64,6426.24,6371.09,6407.43,2726,17445680
2018-10-21,6413.23,6463.98,6404.99,6412.64,376,2422470
2018-10-20,6386.29,6421.68,6380.5,6413.23,990,6339399
2018-10-19,6391.01,6410.02,6342.01,6386.29,3112,19844576
2018-10-18,6439.0,6487.77,6350.92,6391.01,4634,29754186
2018-10-17,6456.48,6459.94,6406.98,6439.0,2016,12973503
2018-10-16,6437.66,6437.66,6428.43,6428.43,0,0
2018-10-15,6181.54,6769.0,6152.0,6437.66,9758,62768419
2018-10-14,6195.0,6295.08,6149.88,6181.54,1474,9171189
2018-10-13,6202.22,6245.97,6180.27,6195.0,1184,7347064
2018-10-12,6153.83,6250.53,6112.01,6202.22,3599,22317379
2018-10-11,6529.75,6529.75,6026.09,6153.83,5275,32640762
2018-10-10,6593.48,6593.48,6450.0,6529.75,2347,15290847
2018-10-09,6600.0,6616.33,6546.0,6593.48,1882,12384852
2018-10-08,6573.17,6655.0,6538.14,6600.0,2290,15072266
2018-10-07,6545.49,6589.98,6499.01,6573.17,405,2651882
2018-10-06,6581.37,6585.07,6530.34,6545.49,304,1996060
2018-10-05,6549.03,6638.0,6515.0,6581.37,1408,9228572
2018-10-04,6465.97,6600.0,6455.91,6549.03,1855,12140773
2018-10-03,6498.88,6509.99,6396.39,6465.97,2333,15039703
2018-10-02,6573.94,6594.98,6450.0,6498.88,1466,9571476
2018-10-01,6597.94,6639.05,6482.05,6573.94,2334,15347203
2018-09-30,6580.22,6644.01,6525.0,6597.94,882,5805561
2018-09-29,6621.37,6621.37,6457.1,6580.22,468,3066670
2018-09-28,6682.87,6793.49,6532.29,6621.37,3004,20012691
2018-09-27,6455.44,6732.99,6425.84,6682.87,2694,17583905
2018-09-26,6433.42,6536.33,6381.46,6455.44,2248,14561887
2018-09-25,6577.78,6577.78,6329.17,6433.42,2183,13992766
2018-09-24,6702.64,6717.4,6559.59,6577.78,1730,11458102
2018-09-23,6710.26,6764.72,6666.67,6702.64,347,2331141
2018-09-22,6759.51,6818.23,6630.0,6710.26,884,5939670
2018-09-21,6495.87,6778.0,6492.41,6759.51,3401,22646336
2018-09-20,6383.42,6535.89,6338.65,6495.87,2325,14938946
2018-09-19,6339.92,6518.24,6107.74,6383.42,3692,23432546
2018-09-18,6251.56,6384.29,6230.5,6339.92,2240,14136811
2018-09-17,6498.37,6529.99,6209.01,6251.56,2736,17367416
2018-09-16,6530.08,6530.08,6357.9,6498.37,524,3391634
2018-09-15,6523.38,6566.47,6469.0,6530.08,592,3863105
2018-09-14,6485.0,6581.04,6389.25,6523.38,2780,18059077
2018-09-13,6324.13,6529.99,6324.13,6485.0,2332,15062740
2018-09-12,6278.84,6347.51,6200.0,6324.13,2192,13747156
2018-09-11,6300.0,6418.71,6165.44,6278.84,2499,15677856
2018-09-10,6243.21,6371.76,6226.31,6300.0,2051,12900274
2018-09-09,6185.27,6463.07,6140.01,6243.21,2087,13045123
2018-09-08,6395.85,6460.68,6120.0,6185.27,2021,12766962
2018-09-07,6496.37,6529.99,6320.71,6395.85,2780,17953667
2018-09-06,6688.01,6702.32,6226.0,6496.37,6273,40196776
2018-09-05,7354.92,7380.53,6666.0,6688.01,4301,30317410
2018-09-04,7252.41,7409.27,7215.02,7354.92,3439,25204320
2018-09-03,7284.57,7325.0,7170.7,7252.41,1467,10628270
2018-09-02,7196.18,7330.99,7129.56,7284.57,1235,8959013
2018-09-01,7017.1,7250.0,7015.67,7196.18,1103,7876737
2018-08-31,6977.96,7088.22,6880.0,7017.1,2720,19008922
2018-08-30,7033.83,7049.99,6795.7,6977.96,3543,24538442
2018-08-29,7075.1,7119.5,6908.92,7033.83,2348,16503702
2018-08-28,6909.0,7125.0,6866.78,7075.1,4428,30915953
2018-08-27,6706.31,6938.83,6653.82,6909.0,3657,24664842
2018-08-26,6730.95,6767.99,6571.0,6706.31,1000,6671216
2018-08-25,6692.0,6788.88,6669.7,6730.95,1059,7125580
2018-08-24,6524.17,6728.46,6450.01,6692.0,3411,22349075
2018-08-23,6350.0,6570.85,6347.73,6524.17,2942,18946723
2018-08-22,6476.53,6900.0,6251.0,6350.0,6588,43169169
2018-08-21,6258.36,6493.0,6250.0,6476.53,2000,12790616
2018-08-20,6491.5,6524.06,6232.21,6258.36,2762,17630966
2018-08-19,6389.99,6552.23,6317.73,6491.5,1082,6946616
2018-08-18,6580.76,6619.79,6300.0,6389.99,1429,9173905
2018-08-17,6313.83,6580.76,6292.36,6580.76,3322,21597295
2018-08-16,6269.74,6475.0,6210.04,6313.83,2781,17717210
2018-08-15,6196.17,6623.09,6187.68,6269.74,4706,30064668
2018-08-14,6257.31,6262.44,5886.0,6196.17,6264,37887453
2018-08-13,6318.21,6546.29,6150.0,6257.31,3190,20164785
2018-08-12,6091.87,6091.87,6091.87,6091.87,0,0
2018-08-11,6109.19,6208.0,6013.61,6091.87,1536,9395605
2018-08-10,6540.47,6588.97,6010.5,6109.19,3362,21227385
2018-08-09,6274.5,6626.62,6195.01,6540.47,3450,22107421
2018-08-08,6720.18,6720.18,6104.82,6274.5,5724,36488150
2018-08-07,6931.59,7148.53,6670.5,6720.18,2389,16594592
2018-08-06,7032.06,7184.0,6835.0,6931.59,1789,12437634
2018-08-05,7014.55,7084.95,6891.0,7032.06,779,5441639
2018-08-04,7413.7,7485.0,6930.37,7014.55,1463,10421504
2018-08-03,7536.0,7536.01,7291.5,7413.7,2439,18031782
2018-08-02,7602.14,7706.7,7456.52,7536.0,1663,12612346
2018-08-01,7725.05,7751.28,7431.0,7602.14,2227,16850557
2018-07-31,8166.86,8184.07,7640.33,7725.05,3512,27587934
2018-07-30,8216.06,8274.97,7849.54,8166.86,2951,23894009
2018-07-29,8234.98,8280.0,8120.34,8216.06,492,4043646
2018-07-28,8192.21,8234.98,8055.67,8234.98,895,7297971
2018-07-27,7926.36,8269.62,7795.0,8192.21,3763,30210292
2018-07-26,8160.0,8290.0,7843.05,7926.36,3460,28220038
2018-07-25,8400.73,8480.0,8039.99,8160.0,3815,31429136
2018-07-24,7713.62,8480.0,7700.0,8400.73,4541,36903770
2018-07-23,7400.37,7810.0,7378.89,7713.62,3363,25863287
2018-07-22,7408.79,7567.8,7333.98,7400.37,734,5481433
2018-07-21,7334.8,7459.81,7214.96,7408.79,584,4295046
2018-07-20,7466.58,7676.31,7272.01,7334.8,2991,22225290
2018-07-19,7378.55,7557.28,7285.37,7466.58,3843,28493456
2018-07-18,7322.78,7584.03,7241.19,7378.55,4611,34177313
2018-07-17,6729.22,7464.98,6657.66,7322.78,4768,33441709
2018-07-16,6347.99,6747.65,6334.47,6729.22,2858,18800372
2018-07-15,6250.02,6382.7,6233.14,6347.99,904,5720351
2018-07-14,6210.0,6321.58,6185.19,6250.02,488,3044549
2018-07-13,6249.75,6331.16,6128.32,6203.79,1035,6450862
2018-07-12,6380.0,6380.0,6075.0,6249.75,3131,19414473
2018-07-11,6299.0,6400.0,6287.54,6380.0,3416,21678518
2018-07-10,6666.0,6683.68,6262.94,6299.0,5598,36155373
2018-07-09,6700.88,6798.97,6620.0,6666.0,2748,18417559
2018-07-08,6754.14,6782.95,6669.0,6700.88,1966,13243386
2018-07-07,6587.45,6848.84,6510.17,6754.14,2417,16003935
2018-07-06,6529.47,6641.09,6451.31,6582.51,3417,22353665
2018-07-05,6583.72,6700.0,6446.68,6529.47,5533,36422647
2018-07-04,6508.36,6794.53,6313.27,6583.72,4430,28979165
2018-07-03,6615.13,6669.47,6463.17,6508.36,4316,28405008
2018-07-02,6345.53,6673.9,6267.68,6615.13,4595,29812470
2018-07-01,6389.01,6430.01,6254.23,6345.53,1839,11680577
2018-06-30,6202.49,6531.61,6193.28,6389.01,1981,12618700
2018-06-29,5850.13,6600.0,5785.17,6202.49,4887,29281958
2018-06-28,6135.8,6158.1,5825.26,5850.13,1971,11847774
2018-06-27,6060.01,6177.31,5987.01,6135.8,2465,15013804
2018-06-26,6242.53,6275.0,6051.01,6060.01,2142,13260615
2018-06-25,6149.99,6349.46,6075.19,6242.53,2697,16753610
2018-06-24,6172.55,6254.16,5768.4,6149.99,2849,17065277
2018-06-23,6073.38,6259.09,6031.03,6172.55,1025,6287170
2018-06-22,6717.88,6730.0,5940.05,6076.88,5771,36253129
2018-06-21,6758.31,6785.87,6685.18,6717.88,1162,7821556
2018-06-20,6740.96,6815.21,6550.59,6758.31,2285,15234421
2018-06-19,6711.16,6831.0,6665.13,6740.96,1455,9797841
2018-06-18,6444.35,6800.0,6380.41,6711.16,2336,15410558
2018-06-17,6486.86,6574.34,6430.77,6444.35,691,4497996
2018-06-16,6388.98,6550.0,6333.98,6486.86,1742,11247709
2018-06-15,6639.66,6664.53,6365.52,6388.98,3320,21768162
2018-06-14,6297.7,6711.42,6280.01,6639.66,5311,34427551
2018-06-13,6550.0,6619.84,6122.94,6297.7,6909,44033200
2018-06-12,6878.0,6879.99,6444.03,6550.0,4026,26903711
2018-06-11,6770.0,6913.59,6646.19,6878.0,4598,31049870
2018-06-10,7501.64,7501.64,6630.5,6770.0,6317,43870922
2018-06-09,7647.19,7684.22,7457.5,7501.64,726,5520341
2018-06-08,7691.26,7695.0,7539.97,7647.08,1306,9968506
2018-06-07,7657.92,7745.0,7635.89,7691.26,1573,12099431
2018-06-06,7610.0,7694.92,7480.79,7657.92,1647,12505572
2018-06-05,7500.0,7677.03,7341.73,7610.0,1918,14409195
2018-06-04,7709.99,7754.96,7447.02,7500.0,2124,16086764
2018-06-03,7643.52,7790.91,7587.53,7709.99,1186,9128283
2018-06-02,7521.01,7698.92,7441.0,7643.52,1598,12159163
2018-06-01,7484.84,7616.63,7356.08,7521.01,2933,21926048
2018-05-31,7387.88,7616.63,7340.0,7484.84,2639,19756095
2018-05-30,7460.0,7567.72,7268.76,7387.88,2452,18180788
2018-05-29,7098.11,7531.21,7055.94,7460.0,3530,25878485
2018-05-28,7349.12,7445.89,7076.6,7098.11,2509,18176967
2018-05-27,7333.2,7400.0,7208.1,7349.12,1021,7463322
2018-05-26,7462.65,7647.46,7300.01,7333.2,1792,13445959
2018-05-25,7572.49,7659.97,7322.29,7462.65,4706,35187173
2018-05-24,7497.47,7746.18,7268.99,7572.49,5287,39867877
2018-05-23,7985.77,8026.37,7438.43,7497.47,5912,45546536
2018-05-22,8395.71,8402.79,7955.01,7985.77,3183,26123850
2018-05-21,8515.17,8588.0,8315.49,8395.71,2113,17794228
2018-05-20,8240.01,8600.0,8168.01,8515.17,1041,8774206
2018-05-19,8230.0,8392.0,8152.49,8240.01,1379,11388658
2018-05-18,8060.01,8279.0,7919.2,8230.0,3888,31448707
2018-05-17,8344.94,8487.15,7999.0,8060.01,4268,35213650
2018-05-16,8475.58,8501.53,8110.0,8344.94,7379,61025040
2018-05-15,8682.73,8846.13,8418.65,8475.58,5301,45627564
2018-05-14,8685.5,8899.62,8283.55,8682.73,4787,41260201
2018-05-13,8466.31,8755.0,8340.1,8685.5,1369,11696058
2018-05-12,8451.19,8647.84,8221.0,8466.31,2892,24255884
2018-05-11,9017.58,9022.05,8350.18,8398.44,5238,45703932
2018-05-10,9308.45,9387.98,9006.0,9017.58,3004,27801859
2018-05-09,9181.42,9359.25,8953.26,9308.45,3506,32093682
2018-05-08,9361.96,9450.0,9050.0,9181.42,2510,23130695
2018-05-07,9599.88,9618.16,9175.0,9361.96,3300,30842280
2018-05-06,9812.81,9890.0,9399.0,9599.88,1610,15460759
2018-05-05,9691.37,9940.0,9668.67,9812.81,2078,20438119
2018-05-04,9727.5,9780.0,9508.0,9691.37,3898,37570363
2018-05-03,9211.7,9786.01,9163.25,9727.5,4921,46632706
2018-05-02,9059.84,9259.0,8975.0,9211.7,2483,22642808
2018-05-01,9244.38,9248.8,8816.08,9059.84,3399,30524866
2018-04-30,9393.29,9440.91,9110.0,9244.38,2588,24032272
2018-04-29,9343.83,9522.12,9176.76,9393.29,2040,19158173
2018-04-28,8926.0,9422.29,8880.01,9343.83,2547,23518680
2018-04-27,9281.95,9368.0,8901.27,8926.0,3278,30172815
2018-04-26,8865.01,9315.24,8660.0,9281.95,4477,39771333
2018-04-25,9649.99,9762.75,8755.0,8865.01,7596,70250882
2018-04-24,8933.0,9740.97,8925.0,9649.99,5164,48118391
2018-04-23,8800.0,8990.0,8775.0,8933.0,2063,18341146
2018-04-22,8920.0,9017.0,8755.0,8800.0,1495,13291042
2018-04-21,8847.07,9038.0,8602.08,8920.0,3399,29918579
2018-04-20,8269.3,8932.16,8215.0,8855.49,4993,42325280
2018-04-19,8167.0,8295.73,8090.0,8269.3,2787,22906354
2018-04-18,7894.0,8227.32,7880.0,8167.0,3126,25187382
2018-04-17,8052.27,8165.07,7820.01,7894.0,3078,24605816
2018-04-16,8357.43,8415.0,7900.0,8052.27,4734,38358033
2018-04-15,7998.07,8413.43,7998.07,8357.43,2302,18994463
2018-04-14,7875.94,8175.86,7820.67,7998.07,2126,17016841
2018-04-13,7920.39,8223.58,7732.43,7875.94,7669,61464491
2018-04-12,6939.43,8076.83,6766.18,7920.39,9957,74604260
2018-04-11,6830.68,6966.84,6801.68,6939.43,2866,19778338
2018-04-10,6771.01,6876.33,6651.12,6830.68,2802,19003389
2018-04-09,7022.72,7176.99,6612.35,6771.01,4793,32762618
2018-04-08,6895.99,7100.0,6889.5,7022.72,2494,17460763
2018-04-07,6592.94,7069.18,6592.94,6895.99,2337,16178550
2018-04-06,6777.0,6848.0,6512.79,6564.06,5906,39214142
2018-04-05,6794.31,6923.01,6574.3,6777.0,7331,49348791
2018-04-04,7418.53,7421.08,6707.5,6794.31,6865,48325954
2018-04-03,7049.99,7500.0,7016.87,7418.53,7164,52515668
2018-04-02,6811.02,7113.01,6766.84,7049.99,5330,37254176
2018-04-01,6920.5,7043.5,6442.49,6811.02,5962,40038020
2018-03-31,6838.71,7242.47,6788.51,6920.5,4842,33961333
2018-03-30,7086.6,7271.9,6600.0,6838.71,11373,77813320
2018-03-29,7941.87,7965.0,6903.0,7086.6,12113,90220518
2018-03-28,7794.46,8095.0,7749.53,7941.87,5099,40255451
2018-03-27,8149.46,8221.79,7753.0,7794.46,6505,51702143
2018-03-26,8457.04,8495.73,7827.95,8149.46,6902,56193530
2018-03-25,8540.33,8687.3,8375.5,8457.04,3802,32383644
2018-03-24,8925.0,9000.0,8500.0,8540.33,3002,26488822
2018-03-23,8710.44,8925.01,8288.01,8925.0,6207,52936947
2018-03-22,8902.53,9100.0,8494.62,8710.44,6485,56753217
2018-03-21,8904.23,9180.0,8755.0,8902.53,6594,59212481
2018-03-20,8599.01,9037.0,8327.35,8904.23,7272,63129514
2018-03-19,8197.29,8744.68,8119.7,8599.01,8472,71070074
2018-03-18,7870.99,8297.0,7319.0,8197.29,9669,74104522
2018-03-17,8265.81,8350.0,7737.49,7870.99,4357,35033565
2018-03-16,8266.99,8607.11,7900.01,8265.81,6576,54696030
2018-03-15,8198.82,8416.92,7675.35,8266.99,10294,82957878
2018-03-14,9146.18,9366.16,7932.65,8198.82,9260,79124355
2018-03-13,9105.0,9500.0,8850.0,9146.18,6443,58856352
2018-03-12,9530.94,9898.0,8760.0,9105.0,7429,69137084
2018-03-11,8769.2,9772.42,8544.95,9530.94,4575,42306636
2018-03-10,9257.0,9515.21,8731.0,8769.2,4581,42340279
2018-03-09,9295.77,9409.21,8370.0,9257.0,11095,98510525
2018-03-08,9884.26,10100.0,9050.0,9295.77,8774,83652551
2018-03-07,10696.87,10898.99,9375.0,9884.26,10297,103482427
2018-03-06,11400.01,11401.64,10563.93,10696.87,5128,56123956
2018-03-05,11467.19,11650.01,11400.0,11400.01,2939,33912541
2018-03-04,11433.72,11500.0,11060.01,11467.19,1874,21117794
2018-03-03,11027.77,11484.98,11026.91,11433.72,1842,20876860
2018-03-02,10900.95,11200.0,10779.44,11027.77,4046,44474264
2018-03-01,10296.86,11100.0,10200.0,10900.95,5125,54839997
2018-02-28,10562.46,11050.0,10260.85,10296.86,6013,63890938
2018-02-27,10300.0,10850.0,10117.0,10562.46,5538,58574042
2018-02-26,9595.0,10433.88,9399.0,10300.0,5550,55993158
2018-02-25,9697.21,9870.0,9290.0,9595.0,3491,33472164
2018-02-24,10161.62,10534.77,9388.97,9697.21,5375,53590192
2018-02-23,9829.96,10400.0,9595.0,10161.62,6470,64650739
2018-02-22,10475.0,10939.9,9740.0,9829.96,10771,109881832
2018-02-21,11206.22,11282.53,10248.0,10475.0,11441,122866113
2018-02-20,11166.92,11750.0,11084.99,11206.22,6641,76268926
2018-02-19,10403.01,11250.0,10315.0,11166.92,3764,40969900
2018-02-18,11100.0,11270.0,10150.0,10403.01,6902,74029051
2018-02-17,10183.63,11140.45,10039.73,11100.0,4311,45959466
2018-02-16,10017.18,10307.6,9710.0,10183.63,5439,54605905
2018-02-15,9480.27,10259.29,9353.0,10017.18,8989,88764794
2018-02-14,8519.07,9510.0,8519.07,9480.27,8789,80166786
2018-02-13,8900.0,8940.0,8379.0,8519.07,4953,42654131
2018-02-12,8073.9,8985.0,8070.68,8900.0,5466,47208118
2018-02-11,8553.5,8576.42,7824.48,8073.9,5306,43469260
2018-02-10,8697.78,9069.0,8146.78,8553.5,6004,51732287
2018-02-09,8200.0,8728.53,7750.0,8697.78,9425,77002096
2018-02-08,7582.76,8638.99,7556.0,8200.0,12127,99256298
2018-02-07,7682.75,8589.0,7200.0,7582.76,15859,125575748
2018-02-06,6892.67,7944.0,5931.34,7682.75,29967,202478482
2018-02-05,8162.94,8334.0,6500.0,6892.67,22800,166315391
2018-02-04,9221.14,9353.45,7847.39,8162.94,8182,68994814
2018-02-03,8845.07,9494.86,8123.62,9221.14,7572,66978512
2018-02-02,9000.73,9090.0,7603.0,8845.07,21886,185823833
2018-02-01,10112.6,10164.68,8411.11,9000.73,17746,162257631
2018-01-31,10007.42,10299.99,9555.0,10112.6,9378,93072172
2018-01-30,11130.34,11168.7,9734.63,10007.42,11594,120154143
2018-01-29,11633.11,11698.0,10900.0,11130.34,5693,63639125
2018-01-28,11372.85,11878.1,11312.2,11633.11,4203,48573754
2018-01-27,11091.99,11535.0,10821.76,11372.85,4717,52981583
2018-01-26,11114.0,11600.0,10300.0,11091.99,9023,98917678
2018-01-25,11346.58,11693.7,10805.56,11114.0,6974,78666560
2018-01-24,10820.81,11480.01,10500.0,11346.58,8410,92514894
2018-01-23,10780.0,11372.51,9940.0,10820.81,10779,115208955
2018-01-22,11501.0,11865.0,10026.03,10780.0,11158,120643064
2018-01-21,12744.98,12774.17,11112.0,11501.0,5898,69104786
2018-01-20,11535.56,12999.0,11528.68,12744.98,6862,85011809
2018-01-19,11298.0,12018.39,11048.66,11535.56,9545,109669984
2018-01-18,11240.19,12110.0,10677.33,11298.0,16661,191729689
2018-01-17,11399.01,11850.0,9125.0,11240.19,24459,258538366
2018-01-16,13597.6,13601.25,10001.0,11399.01,20640,242184935
2018-01-15,13626.27,14283.26,13400.0,13597.6,4552,62791167
2018-01-14,14174.38,14310.0,13100.0,13626.27,3985,54199076
2018-01-13,13815.26,14550.0,13803.8,14174.38,4901,69653074
2018-01-12,13301.77,14106.0,12900.0,13815.26,8668,118064269
2018-01-11,14929.39,14970.0,12810.0,13301.77,10854,147562255
2018-01-10,14477.55,14933.42,13500.0,14929.39,9009,127693435
2018-01-09,14980.01,15419.24,14161.55,14477.55,7721,114072096
2018-01-08,16150.15,16250.0,13825.22,14980.01,12623,190764811
2018-01-07,17175.0,17175.01,15741.08,16150.15,5625,92772910
2018-01-06,16945.5,17236.46,16298.31,17175.0,5294,88436511
2018-01-05,15199.99,17124.44,14800.0,16945.5,11519,184239283
2018-01-04,15148.92,15503.59,14000.0,15199.99,12450,184306290
2018-01-03,14740.09,15400.0,14583.47,15148.92,8551,127985170
2018-01-02,13338.41,15249.97,12851.0,14740.09,8822,124203791
2018-01-01,13820.26,13824.23,12800.0,13338.41,4575,60856282
2017-12-31,12675.68,14191.2,12511.0,13820.26,8176,108241376
2017-12-30,14574.99,14607.77,12481.44,12675.68,8734,115811566
2017-12-29,14488.61,15115.1,13949.5,14574.99,6391,92789943
2017-12-28,15418.95,15499.99,13514.81,14488.61,11001,156554167
2017-12-27,15830.86,16500.0,14521.0,15418.95,9255,143145845
2017-12-26,13986.68,16150.0,13921.0,15830.86,7183,110604193
2017-12-25,14100.01,14698.99,13317.0,13986.68,5365,75234933
2017-12-24,15002.72,15500.0,12600.0,14100.01,10661,145491336
2017-12-23,14000.0,15894.0,13701.0,15002.72,7712,115094888
2017-12-22,15797.49,15947.97,10611.0,14000.0,41616,560653861
2017-12-21,16596.09,17375.2,15044.7,15797.49,12169,194996102
2017-12-20,17640.01,17881.37,15600.0,16596.09,17000,282413333
2017-12-19,18981.88,19050.0,16750.0,17640.01,12441,223708682
2017-12-18,19260.5,19315.01,18125.45,18981.88,8257,154530092
2017-12-17,19499.99,19999.0,18870.0,19260.5,5561,107762059
2017-12-16,17744.5,19739.0,17713.87,19499.99,5081,95278934
2017-12-15,16678.79,17920.0,16655.12,17744.5,8311,145441853
2017-12-14,16460.9,17150.0,16135.18,16678.79,8702,144057342
2017-12-13,17382.19,17582.15,15902.0,16460.9,11607,195771736
2017-12-12,16800.19,17613.0,16347.71,17382.19,9067,154830186
2017-12-11,15268.98,17488.0,15223.1,16800.19,11136,185348148
2017-12-10,15041.0,16120.0,13141.5,15268.98,15077,221306968
2017-12-09,16250.0,16500.98,14899.99,15041.0,8109,125998456
2017-12-08,17050.0,17712.65,14000.0,16250.0,22184,351152416
2017-12-07,13725.53,17050.0,13400.01,17050.0,25215,379296114
2017-12-06,11711.2,13924.98,11711.19,13725.53,17496,223456763
2017-12-05,11668.84,11900.0,11489.92,11711.2,7153,83791780
2017-12-04,11231.21,11681.0,10850.0,11668.84,7425,84290521
2017-12-03,10888.01,11870.0,10500.17,11231.21,9362,105713191
2017-12-02,10910.18,11200.0,10700.0,10888.01,6316,69145415
2017-12-01,9934.4,10970.0,9360.01,10910.18,12477,128347093
2017-11-30,9827.29,10900.0,8975.0,9934.4,23193,227879938
2017-11-29,9941.7,11454.0,9500.0,9827.29,17642,184437015
2017-11-28,9763.44,9987.0,9649.0,9941.7,7940,78367083
2017-11-27,9304.19,9769.47,9300.0,9763.44,8081,77581809
2017-11-26,8779.62,9475.0,8732.66,9304.19,8532,77276520
2017-11-25,8209.88,8788.5,8152.01,8779.62,5087,43248410
2017-11-24,8009.88,8340.02,7900.0,8209.88,4769,39021234
2017-11-23,8240.82,8279.45,8009.88,8009.88,3457,28235152
2017-11-22,8120.36,8304.98,8100.0,8240.82,3308,27112646
2017-11-21,8246.01,8360.01,7790.0,8120.36,8571,69479610
2017-11-20,8046.98,8314.95,7920.0,8246.01,6511,53305336
2017-11-19,7776.54,8099.0,7668.06,8046.98,3475,27545013
2017-11-18,7677.17,7862.62,7450.0,7776.54,4013,30747193
2017-11-17,7852.44,7993.0,7550.0,7677.17,6185,48368250
2017-11-16,7286.93,7990.0,7131.5,7852.44,7868,59742305
2017-11-15,6606.75,7367.94,6606.75,7286.93,9254,65166171
2017-11-14,6550.76,6761.59,6479.93,6606.75,7781,51440654
2017-11-13,5849.37,6804.87,5800.0,6550.76,16854,107588331
2017-11-12,6340.0,6500.0,5450.0,5849.37,23486,141026382
2017-11-11,6585.11,6850.0,6184.63,6340.0,10387,67052124
2017-11-10,7151.49,7335.05,6420.0,6585.11,16339,110697130
2017-11-09,7465.53,7478.57,7101.02,7151.49,7643,55388780
2017-11-08,7109.7,7950.03,7050.11,7465.53,14651,109081947
2017-11-07,6975.01,7234.68,6975.0,7109.7,5242,37184640
2017-11-06,7394.44,7410.0,6947.63,6975.01,7809,55914080
2017-11-05,7371.55,7589.79,7300.0,7394.44,5159,38544604
2017-11-04,7177.28,7511.34,7099.01,7371.55,3565,26126178
2017-11-03,7037.48,7448.78,6952.59,7177.28,8643,62637881
2017-11-02,6741.02,7336.0,6730.0,7037.48,14647,102052501
2017-11-01,6448.36,6750.0,6365.0,6741.02,8002,52360522
2017-10-31,6124.69,6467.32,6097.8,6448.36,6053,38278978
2017-10-30,6132.76,6204.6,6025.25,6124.69,4699,28772477
2017-10-29,5730.01,6295.03,5699.33,6132.76,6634,40036625
2017-10-28,5765.32,5884.97,5660.79,5730.01,2566,14759022
2017-10-27,5889.42,5992.01,5703.08,5765.32,5054,29347679
2017-10-26,5741.66,5992.51,5692.0,5889.42,5548,32458083
2017-10-25,5517.21,5750.97,5375.0,5741.66,7413,40991869
2017-10-24,5899.6,5903.0,5464.0,5517.21,9343,52870248
2017-10-23,5974.97,6060.28,5625.31,5899.6,9049,52981345
2017-10-22,6012.58,6069.67,5750.0,5974.97,5172,30502617
2017-10-21,5984.03,6178.79,5900.01,6012.58,6020,36519787
2017-10-20,5695.01,6050.0,5615.0,5984.03,11271,66012207
2017-10-19,5569.33,5745.03,5512.9,5695.01,6813,38469075
2017-10-18,5592.26,5604.05,5082.24,5569.33,10300,55159334
2017-10-17,5748.56,5769.99,5513.45,5592.26,5442,30564045
2017-10-16,5694.61,5778.35,5575.0,5748.56,4852,27615319
2017-10-15,5799.99,5833.72,5450.0,5694.61,7194,40519793
2017-10-14,5636.28,5800.0,5555.89,5799.99,3622,20633868
2017-10-13,5437.68,5868.78,5390.93,5636.28,15361,86512838
2017-10-12,4813.85,5437.69,4811.06,5437.68,13090,67814428
2017-10-11,4756.22,4864.67,4720.0,4813.85,7341,35219675
2017-10-10,4751.08,4919.01,4712.11,4756.22,4033,19398039
2017-10-09,4602.5,4875.0,4550.0,4751.08,7416,34797102
2017-10-08,4425.01,4609.0,4412.42,4602.5,3207,14462969
2017-10-07,4362.42,4448.0,4320.01,4425.01,1828,8000413
2017-10-06,4318.57,4410.26,4300.0,4362.42,5189,22626193
2017-10-05,4214.25,4360.38,4145.0,4318.57,4053,17314733
2017-10-04,4300.0,4339.98,4175.0,4214.25,4624,19650002
2017-10-03,4385.7,4417.98,4104.51,4300.0,5092,21933517
2017-10-02,4388.74,4457.01,4361.0,4385.7,5714,25174900
2017-10-01,4327.63,4399.0,4250.0,4388.74,2672,11527231
2017-09-30,4182.89,4339.99,4182.89,4327.63,2981,12765562
2017-09-29,4188.0,4209.85,4020.0,4182.9,6190,25539861
2017-09-28,4204.51,4281.6,3336.67,4188.0,9122,37892835
2017-09-27,3885.14,4225.0,3876.01,4204.51,8659,35090663
2017-09-26,3916.48,3958.06,3852.61,3885.14,4585,17957210
2017-09-25,3667.99,3956.86,3665.98,3916.48,6413,24626181
2017-09-24,3783.6,3783.61,3619.76,3667.99,1995,7381293
2017-09-23,3620.96,3812.88,3562.8,3783.6,3322,12349932
2017-09-22,3616.74,3758.12,3510.84,3620.96,5845,21133557
2017-09-21,3866.0,3899.86,3573.0,3616.74,9864,36923731
2017-09-20,3903.4,4034.99,3828.93,3866.0,6216,24528663
2017-09-19,4098.03,4117.03,3850.0,3903.4,9550,37798595
2017-09-18,3716.46,4115.93,3716.45,4098.03,10652,42385452
2017-09-17,3715.38,3825.54,3505.94,3716.46,3911,14409256
2017-09-16,3709.85,3854.7,3580.01,3715.38,5582,20638634
2017-09-15,3242.63,3839.19,2955.01,3709.85,35731,120712069
2017-09-14,3855.01,3920.2,3219.89,3242.63,24715,86739154
2017-09-13,4155.55,4173.78,3743.75,3855.01,16477,64469196
2017-09-12,4209.69,4372.05,4070.01,4155.55,7698,32452537
2017-09-11,4243.48,4370.28,4110.48,4209.69,9638,40567670
2017-09-10,4325.17,4329.97,4083.55,4243.48,7200,30296416
2017-09-09,4346.24,4405.0,4182.16,4325.17,5908,25492488
2017-09-08,4623.19,4669.98,4000.0,4346.24,14814,64259227
2017-09-07,4609.17,4665.23,4484.68,4623.19,5900,27021543
2017-09-06,4393.0,4645.0,4380.78,4609.17,9981,45222315
2017-09-05,4278.86,4494.6,4012.02,4393.0,14333,61738092
2017-09-04,4607.47,4614.36,4100.0,4278.86,14221,61338241
2017-09-03,4642.85,4740.41,4460.05,4607.47,9618,44313445
2017-09-02,4924.0,4985.0,4505.0,4642.85,13482,63608581
2017-09-01,4736.28,4924.0,4709.28,4924.0,8173,39489710
2017-08-31,4583.85,4762.76,4579.91,4736.28,7396,34644172
2017-08-30,4589.99,4641.43,4495.05,4583.85,9151,41797324
2017-08-29,4379.96,4705.07,4345.13,4589.99,10485,47403678
2017-08-28,4340.88,4400.0,4202.48,4379.96,8832,38084155
2017-08-27,4371.25,4371.26,4321.86,4340.88,4077,17724588
2017-08-26,4371.25,4371.25,4371.25,4371.25,0,0
2017-08-25,4313.21,4480.01,4284.83,4371.25,9363,40887057
2017-08-24,4147.1,4350.0,4108.82,4313.21,8727,36738021
2017-08-23,4093.28,4250.02,4066.23,4147.1,9973,41442542
2017-08-22,3993.87,4140.05,3600.01,4093.28,17464,68475115
2017-08-21,4049.98,4073.73,3943.44,3993.87,16390,65626674
2017-08-20,4145.11,4168.88,4010.8,4049.98,9480,38733839
2017-08-19,4102.48,4184.8,3985.0,4145.11,9563,39073968
2017-08-18,4284.45,4355.0,3971.01,4102.48,13305,55591110
2017-08-17,4322.44,4474.0,4226.99,4284.45,11985,52171030
2017-08-16,4154.84,4364.05,3935.01,4322.44,9478,39103029
2017-08-15,4318.3,4436.01,3821.85,4154.84,22864,94144558
2017-08-14,4046.34,4325.0,3961.65,4318.3,17144,72021231
2017-08-13,3863.3,4174.48,3843.72,4046.34,14120,56816704
2017-08-12,3639.99,3972.53,3594.31,3863.3,13722,51835081
2017-08-11,3421.45,3705.16,3420.29,3639.99,10646,37685761
2017-08-10,3348.99,3441.17,3318.16,3421.45,8117,27627933
2017-08-09,3421.11,3425.31,3237.14,3348.99,10679,35580943
2017-08-08,3391.48,3483.39,3345.97,3421.11,11636,39753753
2017-08-07,3218.74,3410.97,3180.15,3391.48,9480,31485789
2017-08-06,3252.34,3279.63,3147.0,3218.74,6757,21768273
2017-08-05,2844.99,3332.09,2840.16,3252.34,14597,45917293
2017-08-04,2783.43,2870.91,2760.68,2844.99,7120,20199510
2017-08-03,2703.44,2795.67,2703.44,2783.43,9804,27046479
2017-08-02,2730.0,2753.87,2650.0,2703.44,7993,21574784
2017-08-01,2871.27,2924.22,2641.42,2730.0,7575,20896983
2017-07-31,2749.99,2960.0,2703.15,2871.27,7849,21992989
2017-07-30,2706.14,2749.99,2600.0,2749.99,5230,14086858
2017-07-29,2786.19,2788.9,2648.75,2706.14,7753,21049297
2017-07-28,2662.99,2821.55,2652.21,2786.19,12193,33527884
2017-07-27,2524.52,2687.15,2514.15,2662.99,10307,26655123
2017-07-26,2558.27,2599.99,2401.01,2524.52,14675,36524447
2017-07-25,2758.5,2772.99,2450.0,2558.27,22993,59204763
2017-07-24,2761.45,2795.0,2715.2,2758.5,9193,25261098
2017-07-23,2838.07,2849.99,2668.05,2761.45,9717,26910949
2017-07-22,2661.99,2872.86,2650.01,2838.07,8416,23474021
2017-07-21,2889.98,2910.0,2609.89,2661.99,19174,52681625
2017-07-20,2264.29,2950.47,2264.28,2889.98,49229,129039295
2017-07-19,2304.36,2404.01,2222.88,2264.29,21093,48678226
2017-07-18,2229.07,2389.99,2145.65,2304.36,27980,64219054
2017-07-17,1904.0,2229.07,1897.35,2229.07,18163,37714588
2017-07-16,1967.34,2039.0,1800.0,1904.0,13823,26431755
2017-07-15,2213.01,2218.52,1965.13,1967.34,14804,30554833
2017-07-14,2343.48,2352.67,2142.22,2213.01,13645,30558401
2017-07-13,2383.82,2420.0,2315.61,2343.48,11854,27975709
2017-07-12,2305.05,2401.4,2242.87,2383.82,13488,31621874
2017-07-11,2329.4,2400.0,2251.07,2305.05,16399,38322164
2017-07-10,2501.02,2520.1,2252.57,2329.4,16472,39663519
2017-07-09,2547.77,2572.31,2501.02,2501.02,5918,15047582
2017-07-08,2493.79,2550.1,2461.46,2547.77,5463,13677738
2017-07-07,2605.53,2609.87,2457.12,2493.79,13327,33627161
2017-07-06,2625.06,2645.54,2579.79,2605.53,8435,21944313
2017-07-05,2606.64,2650.0,2550.01,2625.06,19342,50208008
2017-07-04,2540.94,2631.32,2540.93,2606.64,4419,11447348
2017-07-03,2507.84,2584.0,2477.13,2540.94,6289,15926572
2017-07-02,2416.12,2541.87,2375.03,2507.84,5574,13662752
2017-07-01,2456.01,2500.0,2385.0,2416.12,5227,12731882
2017-06-30,2549.89,2549.9,2441.14,2456.01,8660,21711417
2017-06-29,2554.97,2589.51,2503.01,2549.89,7972,20365455
2017-06-28,2573.77,2596.26,2466.62,2554.97,12428,31577678
2017-06-27,2415.62,2573.77,2269.46,2573.77,18608,44650715
2017-06-26,2497.6,2549.72,2275.27,2415.62,14723,35653110
2017-06-25,2572.96,2636.55,2429.42,2497.6,6128,15611580
2017-06-24,2684.63,2710.51,2510.01,2572.96,4988,13104724
2017-06-23,2689.58,2729.34,2672.24,2684.63,5613,15185666
2017-06-22,2645.1,2726.96,2595.0,2689.58,8141,21714756
2017-06-21,2734.14,2769.99,2586.27,2645.1,11073,29746424
2017-06-20,2594.99,2786.0,2589.67,2734.14,7802,21003970
2017-06-19,2519.87,2594.99,2491.12,2594.99,6321,16129629
2017-06-18,2638.24,2663.66,2458.59,2519.87,5487,14010760
2017-06-17,2484.64,2664.89,2430.32,2638.24,4953,12714753
2017-06-16,2416.16,2508.23,2310.81,2484.64,9859,24102323
2017-06-15,2459.56,2510.38,2059.41,2416.16,22303,51364962
2017-06-14,2715.86,2800.0,2341.2,2459.56,14483,37437465
2017-06-13,2656.3,2772.03,2647.56,2715.86,12222,32989227
2017-06-12,2960.0,2975.0,2470.0,2656.3,19056,50503982
2017-06-11,2903.77,2960.0,2859.76,2960.0,4092,11917922
2017-06-10,2807.01,2903.96,2803.0,2903.77,5968,17018471
2017-06-09,2800.0,2854.12,2794.31,2807.01,7035,19832299
2017-06-08,2690.0,2815.39,2610.67,2800.0,10231,28122808
2017-06-07,2880.23,2884.98,2618.28,2690.0,8627,24000641
2017-06-06,2689.43,2924.0,2689.4,2880.23,12177,34291677
2017-06-05,2520.05,2700.2,2520.04,2689.43,5934,15478385
2017-06-04,2554.91,2566.26,2483.03,2520.05,3719,9387640
2017-06-03,2484.04,2589.69,2461.36,2554.91,4101,10395286
2017-06-02,2412.34,2484.04,2375.0,2484.04,8743,21120497
2017-06-01,2303.62,2459.0,2300.0,2412.34,11493,27291433
2017-05-31,2197.33,2325.89,2179.98,2303.62,14248,32014961
2017-05-30,2284.3,2324.27,2151.21,2197.33,14157,31837094
2017-05-29,2230.77,2340.1,2150.0,2284.3,6429,14604821
2017-05-28,2096.77,2323.99,2095.61,2230.77,4915,10885221
2017-05-27,2267.37,2342.1,1910.55,2096.77,10130,21322187
2017-05-26,2330.84,2628.71,2055.55,2267.37,17459,41282802
2017-05-25,2436.45,2779.0,2199.6,2330.84,25383,64640506
2017-05-24,2261.22,2479.0,2261.22,2436.45,10964,26072742
2017-05-23,2101.33,2264.0,2101.33,2261.22,11254,24940822
2017-05-22,2026.0,2249.0,1998.5,2101.33,11332,23928854
2017-05-21,2044.4,2089.44,1981.37,2026.0,3903,7956641
2017-05-20,1965.01,2045.0,1965.01,2044.4,5545,11082377
2017-05-19,1895.55,1965.23,1894.64,1965.01,7865,15189698
2017-05-18,1812.57,1895.55,1808.15,1895.55,7852,14523445
2017-05-17,1769.71,1837.36,1750.0,1812.57,10046,18227098
2017-05-16,1742.67,1770.0,1701.01,1769.71,6480,11330852
2017-05-15,1794.01,1794.01,1667.0,1742.67,12693,21860802
2017-05-14,1781.71,1817.57,1754.83,1794.01,1660,2975269
2017-05-13,1694.64,1781.71,1602.36,1781.71,6266,10714851
2017-05-12,1834.1,1838.59,1657.86,1694.64,15969,28152441
2017-05-11,1793.26,1884.0,1775.0,1834.1,17803,32420035
2017-05-10,1719.51,1796.01,1698.0,1793.26,7849,13849146
2017-05-09,1686.39,1779.0,1681.93,1719.51,9382,16257862
2017-05-08,1602.17,1686.39,1602.17,1686.39,8776,14331745
2017-05-07,1580.99,1609.0,1566.14,1602.17,2752,4365686
2017-05-06,1546.93,1585.6,1546.92,1580.99,2347,3684798
2017-05-05,1550.0,1626.73,1521.24,1546.93,7434,11662171
2017-05-04,1517.95,1650.0,1475.01,1550.0,9561,14883276
2017-05-03,1464.94,1535.6,1444.99,1517.95,5684,8447912
2017-05-02,1440.82,1489.61,1421.11,1464.94,6791,9877052
2017-05-01,1362.63,1480.0,1352.8,1440.82,19714,28391677
2017-04-30,1351.08,1363.84,1325.0,1362.63,1982,2658879
2017-04-29,1347.19,1355.1,1330.9,1351.08,2133,2868277
2017-04-28,1346.04,1367.65,1300.0,1347.19,15562,20895489
2017-04-27,1294.91,1370.0,1293.07,1346.04,11591,15592322
2017-04-26,1282.56,1314.05,1278.89,1294.91,6360,8239433
2017-04-25,1255.71,1282.87,1253.96,1282.56,4145,5270743
2017-04-24,1247.83,1259.91,1240.21,1255.71,4462,5575223
2017-04-23,1247.66,1250.48,1235.46,1247.83,1514,1886267
2017-04-22,1250.0,1250.0,1226.0,1247.66,1637,2036284
2017-04-21,1238.45,1256.0,1237.5,1250.0,4460,5557584
2017-04-20,1211.45,1244.73,1210.6,1238.45,5817,7140008
2017-04-19,1204.0,1211.45,1189.18,1211.45,5957,7156869
2017-04-18,1193.81,1209.27,1193.81,1204.0,5232,6280213
2017-04-17,1178.01,1196.38,1175.06,1193.81,3824,4531180
2017-04-16,1174.69,1183.99,1166.51,1178.01,1184,1395055
2017-04-15,1175.5,1194.54,1170.0,1174.69,1784,2111074
2017-04-14,1177.88,1193.08,1170.11,1175.5,5034,5947842
2017-04-13,1218.12,1221.48,1153.36,1177.88,6101,7210239
2017-04-12,1223.76,1226.5,1210.69,1218.12,5563,6777571
2017-04-11,1210.64,1232.62,1200.63,1223.76,4821,5860285
2017-04-10,1210.08,1216.99,1202.8,1210.64,4505,5454153
2017-04-09,1184.5,1217.49,1180.9,1210.08,1953,2348907
2017-04-08,1194.67,1198.0,1167.0,1184.5,1722,2043342
2017-04-07,1195.77,1206.0,1176.37,1194.67,4176,4989277
2017-04-06,1134.73,1207.8,1134.7,1195.77,6208,7286599
2017-04-05,1149.03,1149.03,1115.54,1134.73,4170,4712142
2017-04-04,1152.94,1159.67,1126.8,1149.03,5161,5909365
2017-04-03,1107.45,1161.46,1107.45,1152.94,5394,6151840
2017-04-02,1089.99,1114.15,1081.45,1107.45,1938,2131345
2017-04-01,1084.22,1112.43,1073.68,1089.99,2174,2371663
2017-03-31,1041.75,1090.65,1041.7,1084.22,5102,5425230
2017-03-30,1041.03,1049.84,1022.12,1041.75,5146,5327151
2017-03-29,1045.04,1055.89,1011.0,1041.03,5048,5237319
2017-03-28,1045.01,1064.98,1019.02,1045.04,6806,7097106
2017-03-27,967.14,1046.16,959.88,1045.01,5114,5191542
2017-03-26,966.76,1000.0,948.33,967.14,3442,3366712
2017-03-25,936.83,978.6,892.12,966.76,3976,3705211
2017-03-24,1033.0,1033.99,925.0,936.83,5517,5393455
2017-03-23,1037.97,1052.82,1017.55,1033.0,3872,4022112
2017-03-22,1113.81,1114.33,990.1,1037.97,6072,6292795
2017-03-21,1041.61,1119.4,1041.61,1113.81,5528,6064968
2017-03-20,1010.63,1051.32,1010.01,1041.61,2569,2662398
2017-03-19,965.1,1060.0,965.1,1010.63,2224,2248709
2017-03-18,1070.6,1097.68,948.6,965.1,5799,5877646
2017-03-17,1175.29,1175.29,1065.92,1070.6,7824,8777881
2017-03-16,1261.75,1263.11,1131.76,1175.29,6008,7218977
2017-03-15,1248.2,1265.0,1246.0,1261.75,2791,3498724
2017-03-14,1246.86,1258.48,1228.86,1248.2,2235,2790544
2017-03-13,1232.63,1250.0,1215.98,1246.86,2507,3100333
2017-03-12,1182.64,1237.68,1176.4,1232.63,1209,1471321
2017-03-11,1109.29,1197.72,1109.03,1182.64,3076,3575284
2017-03-10,1197.2,1325.0,980.01,1109.29,13988,16846615
2017-03-09,1151.39,1211.82,1135.51,1197.2,2887,3399309
2017-03-08,1236.29,1245.99,1150.01,1151.39,5376,6413854
2017-03-07,1288.88,1288.89,1188.97,1236.29,7207,9028123
2017-03-06,1273.99,1288.98,1273.99,1288.88,3216,4124731
2017-03-05,1270.0,1275.0,1245.21,1273.99,1628,2052223
2017-03-04,1287.98,1287.99,1241.01,1270.0,1807,2288054
2017-03-03,1260.21,1293.35,1258.65,1287.98,15630,20087111
2017-03-02,1228.9,1285.1,1215.36,1260.21,12749,16179315
2017-03-01,1195.2,1230.0,1190.62,1228.9,3481,4243681
2017-02-28,1194.5,1214.96,1181.16,1195.2,5476,6550162
2017-02-27,1182.03,1201.03,1172.67,1194.5,3142,3737663
2017-02-26,1148.77,1185.99,1133.33,1182.03,2427,2827742
2017-02-25,1183.72,1186.69,1126.54,1148.77,2471,2854606
2017-02-24,1181.02,1213.39,1107.56,1183.72,8656,10200773
2017-02-23,1128.54,1193.99,1126.13,1181.02,4716,5457799
2017-02-22,1133.68,1140.0,1109.99,1128.54,4097,4619409
2017-02-21,1085.13,1134.59,1079.67,1133.68,3831,4246258
2017-02-20,1054.72,1085.13,1048.05,1085.13,2586,2747077
2017-02-19,1059.84,1062.2,1047.35,1054.72,1204,1269774
2017-02-18,1059.75,1069.23,1053.84,1059.84,1652,1759408
2017-02-17,1034.33,1063.99,1034.33,1059.75,2965,3128329
2017-02-16,1013.67,1042.14,1013.54,1034.33,3525,3636909
2017-02-15,1012.65,1015.57,1006.0,1013.67,2614,2650538
2017-02-14,1000.05,1020.01,994.35,1012.65,2125,2144390
2017-02-13,1008.49,1014.99,990.0,1000.05,2683,2678810
2017-02-12,1015.18,1016.55,1004.43,1008.49,448,452863
2017-02-11,1003.97,1020.43,995.62,1015.18,827,835008
2017-02-10,984.81,1009.09,955.99,1003.97,2458,2412479
2017-02-09,1060.31,1079.99,948.22,984.81,7562,7468414
2017-02-08,1055.0,1071.3,1023.58,1060.31,3190,3358745
2017-02-07,1024.99,1055.0,1023.19,1055.0,3097,3241833
2017-02-06,1011.9,1028.12,1009.9,1024.99,3594,3669393
2017-02-05,1032.98,1032.99,998.88,1011.9,957,972422
2017-02-04,1015.09,1041.97,1005.01,1032.98,1479,1513440
2017-02-03,1005.97,1024.0,995.98,1015.09,3865,3925432
2017-02-02,989.1,1013.92,977.51,1005.97,3122,3117788
2017-02-01,967.02,990.0,962.35,989.1,2404,2346365
2017-01-31,923.02,970.04,921.99,967.02,1836,1748798
2017-01-30,916.77,923.99,912.01,923.02,1660,1529001
2017-01-29,921.29,922.99,915.0,916.77,311,286509
2017-01-28,921.01,922.99,918.78,921.29,389,358903
2017-01-27,918.42,924.88,909.97,921.01,2187,2013902
2017-01-26,894.06,920.59,893.23,918.42,2109,1923339
2017-01-25,890.66,903.02,882.01,894.06,2502,2233394
2017-01-24,923.87,925.09,887.29,890.66,3830,3457393
2017-01-23,921.82,928.0,915.37,923.87,2578,2371902
2017-01-22,923.25,940.42,895.51,921.82,1302,1196674
2017-01-21,899.53,928.97,896.77,923.25,1350,1235056
2017-01-20,901.75,906.56,885.01,899.53,3193,2868680
2017-01-19,878.02,908.97,878.01,901.75,2843,2554131
2017-01-18,907.19,916.89,851.39,878.02,3364,2970220
2017-01-17,835.13,910.99,831.82,907.19,3967,3517231
2017-01-16,827.56,841.28,822.53,835.13,869,724199
2017-01-15,824.65,829.58,812.0,827.56,348,285946
2017-01-14,826.69,839.78,815.0,824.65,766,633743
2017-01-13,813.02,833.79,777.91,826.69,4320,3505548
2017-01-12,789.31,832.15,752.0,813.02,3914,3115110
2017-01-11,907.99,921.77,760.11,789.31,7171,5873948
2017-01-10,902.98,913.99,900.38,907.99,2473,2241278
2017-01-09,912.99,913.99,880.5,902.98,3164,2833043
2017-01-08,898.75,940.1,890.0,912.99,1555,1424914
2017-01-07,893.49,908.1,820.99,898.75,2263,1969093
2017-01-06,989.99,1025.56,879.1,893.49,6506,6112552
2017-01-05,1142.15,1167.16,879.0,989.99,6007,5971785
2017-01-04,1038.0,1155.54,1032.73,1142.15,3318,3612399
2017-01-03,1020.23,1038.26,1014.06,1038.0,2179,2231435
2017-01-02,999.95,1035.9,995.0,1020.23,1446,1472541
2017-01-01,974.55,1003.54,965.0,999.95,1061,1052682
2016-12-31,966.71,974.55,950.0,974.55,764,735542
2016-12-30,978.57,978.57,929.9,966.71,1629,1558808
2016-12-29,981.92,985.43,950.3,978.57,1914,1850466
2016-12-28,932.65,981.92,932.48,981.92,2510,2412458
2016-12-27,905.57,941.19,900.86,932.65,2490,2319656
2016-12-26,896.98,919.41,896.22,905.57,793,717607
2016-12-25,893.68,900.33,860.76,896.98,789,697385
2016-12-24,919.23,923.47,886.08,893.68,1010,913468
2016-12-23,859.0,919.23,858.37,919.23,4465,3994223
2016-12-22,826.21,871.36,826.15,859.0,4242,3636380
2016-12-21,800.88,829.09,796.89,826.21,3842,3144178
2016-12-20,790.2,800.88,788.11,800.88,2592,2052476
2016-12-19,790.12,790.99,785.1,790.2,2835,2236338
2016-12-18,789.39,790.28,785.71,790.12,541,427042
2016-12-17,782.47,791.13,782.47,789.39,815,642319
2016-12-16,775.18,782.47,774.16,782.47,2846,2218125
2016-12-15,774.84,780.25,774.55,775.18,3988,3100862
2016-12-14,780.64,780.99,772.61,774.84,2177,1691510
2016-12-13,779.65,790.84,768.26,780.64,2543,1983054
2016-12-12,769.44,780.8,769.44,779.65,1895,1472893
2016-12-11,771.79,771.79,765.28,769.44,573,440245
2016-12-10,770.1,775.99,769.14,771.79,777,601424
2016-12-09,768.68,773.35,764.5,770.1,2011,1549362
2016-12-08,765.49,772.46,762.5,768.68,1913,1468737
2016-12-07,758.99,769.98,752.24,765.49,2370,1817145
2016-12-06,754.88,759.38,752.13,758.99,2224,1683436
2016-12-05,765.69,765.99,743.73,754.88,2312,1743529
2016-12-04,766.47,769.97,763.02,765.69,505,386967
2016-12-03,774.14,774.98,760.51,766.47,1289,991356
2016-12-02,753.99,777.05,753.99,774.14,3228,2483261
2016-12-01,742.11,757.0,742.11,753.99,2099,1578190
2016-11-30,732.36,745.5,732.36,742.11,2238,1657189
2016-11-29,732.99,735.36,731.88,732.36,1990,1460133
2016-11-28,728.35,734.6,724.81,732.99,2569,1880058
2016-11-27,736.45,736.45,728.35,728.35,1412,1035273
2016-11-26,741.28,742.54,724.49,736.45,530,389579
2016-11-25,737.99,741.75,730.25,741.28,1688,1242725
2016-11-24,742.41,745.72,728.0,737.99,1528,1125495
2016-11-23,748.35,748.35,732.18,742.41,1796,1333425
2016-11-22,737.48,751.67,733.52,748.35,4130,3072634
2016-11-21,727.36,738.73,725.45,737.48,1896,1394461
2016-11-20,750.98,751.99,710.03,727.36,1434,1043439
2016-11-19,748.13,755.5,745.0,750.98,593,445035
2016-11-18,736.03,750.0,735.61,748.13,1207,898999
2016-11-17,739.99,750.0,733.5,736.03,2782,2058291
2016-11-16,712.44,742.81,710.36,739.99,3462,2534527
2016-11-15,707.03,716.85,705.54,712.44,2631,1878245
2016-11-14,702.0,708.46,696.37,707.03,1532,1078063
2016-11-13,700.31,704.12,684.46,702.0,898,622639
2016-11-12,715.23,715.23,698.99,700.31,524,369709
2016-11-11,710.99,718.07,710.92,715.23,1793,1279859
2016-11-10,721.48,721.48,705.99,710.99,3329,2365206
2016-11-09,713.6,739.85,709.68,721.48,2677,1944232
2016-11-08,709.29,713.99,704.01,713.6,3239,2302691
2016-11-07,711.15,711.16,701.24,709.29,2874,2033893
2016-11-06,706.33,714.91,698.85,711.15,1283,907878
2016-11-05,706.98,711.34,698.0,706.33,582,410662
2016-11-04,685.62,707.83,685.61,706.98,3267,2280192
2016-11-03,734.99,746.15,674.98,685.62,4715,3328428
2016-11-02,730.48,734.99,720.04,734.99,2628,1910849
2016-11-01,697.7,736.61,697.7,730.48,2299,1665667
2016-10-31,700.01,707.7,685.04,697.7,3383,2380006
2016-10-30,715.94,715.94,695.23,700.01,1017,719479
2016-10-29,688.99,722.21,688.98,715.94,1798,1281108
2016-10-28,680.0,690.32,679.99,688.99,2649,1820276
2016-10-27,668.82,683.26,668.82,680.0,2810,1912383
2016-10-26,649.56,678.55,646.99,668.82,3185,2133802
2016-10-25,648.73,658.99,648.25,649.56,2589,1692215
2016-10-24,650.51,650.51,645.36,648.73,3386,2195061
2016-10-23,656.06,664.54,648.78,650.51,473,309814
2016-10-22,630.15,657.47,630.15,656.06,2102,1366292
2016-10-21,629.0,631.87,628.23,630.15,2635,1661384
2016-10-20,628.61,629.55,622.83,629.0,2096,1314517
2016-10-19,635.0,637.29,625.69,628.61,3193,2006496
2016-10-18,637.79,638.88,633.69,635.0,2456,1561046
2016-10-17,639.58,639.58,634.52,637.79,2660,1692964
2016-10-16,635.17,640.68,635.17,639.58,757,482783
2016-10-15,636.93,639.67,633.23,635.17,595,379145
2016-10-14,635.45,641.59,632.44,636.93,3519,2244783
2016-10-13,635.33,640.0,634.64,635.45,2934,1866680
2016-10-12,640.0,640.0,634.74,635.33,3698,2359830
2016-10-11,617.37,640.0,617.3,640.0,4341,2764907
2016-10-10,616.06,617.99,614.73,617.37,2148,1324475
2016-10-09,617.99,618.38,615.18,616.06,759,468728
2016-10-08,617.99,618.15,616.96,617.99,773,477844
2016-10-07,611.8,617.99,610.0,617.99,3135,1931579
2016-10-06,612.38,613.19,611.27,611.8,3245,1987364
2016-10-05,609.98,613.94,609.67,612.38,2562,1566205
2016-10-04,612.91,612.99,609.05,609.98,2759,1683483
2016-10-03,610.5,613.0,610.4,612.91,2500,1531896
2016-10-02,614.04,614.04,607.0,610.5,774,471431
2016-10-01,607.2,616.0,607.2,614.04,1114,684672
2016-09-30,604.87,607.2,603.51,607.2,3356,2030182
2016-09-29,604.24,606.52,603.86,604.87,3610,2184652
2016-09-28,604.9,605.7,602.75,604.24,3271,1973586
2016-09-27,606.98,607.2,601.11,604.9,3770,2278251
2016-09-26,600.0,607.58,599.72,606.98,2418,1463058
2016-09-25,601.32,601.48,598.19,600.0,1363,817615
2016-09-24,601.25,603.28,598.51,601.32,1593,954617
2016-09-23,594.69,601.34,593.82,601.25,4969,2976842
2016-09-22,595.61,596.17,592.93,594.69,3118,1857241
2016-09-21,608.59,608.59,591.95,595.61,4385,2609562
2016-09-20,608.99,608.99,606.81,608.59,634,385888
2016-09-19,608.99,610.3,608.0,608.99,1575,960234
2016-09-18,606.38,608.99,606.37,608.99,228,138948
2016-09-17,607.14,607.94,606.36,606.38,500,303480
2016-09-16,605.76,609.03,605.68,607.14,1253,761390
2016-09-15,608.99,609.5,604.71,605.76,1486,902841
2016-09-14,607.94,610.73,607.1,608.99,674,410983
2016-09-13,607.81,610.78,605.84,607.94,836,509225
2016-09-12,604.86,609.13,604.08,607.81,698,423511
2016-09-11,623.45,628.79,591.93,604.86,811,493538
2016-09-10,622.15,623.8,619.33,623.45,486,302387
2016-09-09,624.7,625.7,618.24,622.15,898,558400
2016-09-08,614.48,628.23,614.48,624.7,1379,859528
2016-09-07,611.89,617.1,609.9,614.48,1513,931506
2016-09-06,605.98,611.89,605.45,611.89,541,329527
2016-09-05,607.67,608.57,601.1,605.98,300,181521
2016-09-04,600.17,611.84,500.0,607.67,662,397938
2016-09-03,574.85,607.14,573.93,600.17,1213,716423
2016-09-02,571.53,577.35,570.73,574.85,820,471476
2016-09-01,574.22,577.35,570.73,571.53,1247,716144
2016-08-31,577.91,577.91,572.52,574.22,1491,855848
2016-08-30,573.36,579.36,573.35,577.91,1263,727900
2016-08-29,572.98,575.99,571.71,573.36,972,558705
2016-08-28,569.82,572.98,569.82,572.98,310,177486
2016-08-27,578.77,578.99,568.01,569.82,278,159265
2016-08-26,575.97,578.99,575.76,578.77,606,350319
2016-08-25,579.24,579.24,566.0,575.97,2026,1161333
2016-08-24,581.98,581.99,577.99,579.24,901,522461
2016-08-23,586.97,586.97,580.66,581.98,943,549857
2016-08-22,579.85,588.96,579.85,586.97,1418,829418
2016-08-21,580.21,580.99,579.21,579.85,146,84777
2016-08-20,573.7,580.21,573.7,580.21,449,259301
2016-08-19,574.08,576.99,570.0,573.7,1458,837295
2016-08-18,574.99,576.72,573.0,574.08,1316,757122
2016-08-17,580.35,580.35,571.16,574.99,1328,762121
2016-08-16,569.33,582.87,565.11,580.35,2250,1294063
2016-08-15,571.7,573.43,560.32,569.33,1004,569293
2016-08-14,586.99,586.99,566.0,571.7,517,296890
2016-08-13,588.83,589.01,584.54,586.99,312,183870
2016-08-12,587.57,590.22,584.13,588.83,1178,693614
2016-08-11,595.14,597.19,587.01,587.57,994,588907
2016-08-10,585.76,600.0,584.07,595.14,1297,771219
2016-08-09,595.65,595.96,583.43,585.76,1461,861476
2016-08-08,593.65,598.99,589.66,595.65,1086,646963
2016-08-07,588.16,598.99,583.68,593.65,481,284717
2016-08-06,575.51,590.68,572.14,588.16,727,423689
2016-08-05,585.0,585.15,572.0,575.51,1314,756689
2016-08-04,572.38,602.15,567.61,585.0,1214,699809
2016-08-03,515.86,573.99,508.12,572.38,2105,1161353
2016-08-02,606.78,614.38,456.36,515.86,3356,1891926
2016-08-01,622.17,626.61,606.0,606.78,1344,833402
2016-07-31,655.01,655.01,622.17,622.17,638,404947
2016-07-30,657.99,657.99,654.83,655.01,198,130374
2016-07-29,657.32,657.99,655.87,657.99,1021,671745
2016-07-28,658.24,659.24,654.63,657.32,676,444509
2016-07-27,655.16,659.68,650.27,658.24,643,422526
2016-07-26,656.26,659.1,646.27,655.16,1243,814487
2016-07-25,663.95,663.99,652.74,656.26,968,637333
2016-07-24,655.92,665.08,652.7,663.95,231,152903
2016-07-23,649.03,656.85,649.03,655.92,433,283517
2016-07-22,665.86,666.99,644.08,649.03,677,444381
2016-07-21,664.86,667.31,660.02,665.86,712,473882
2016-07-20,672.98,673.52,662.04,664.86,2106,1404858
2016-07-19,672.74,674.43,667.67,672.98,727,488504
2016-07-18,678.34,682.71,667.49,672.74,1102,745286
2016-07-17,663.84,687.56,663.84,678.34,1145,778228
2016-07-16,665.0,668.72,660.0,663.84,202,134713
2016-07-15,658.98,669.01,658.69,665.0,891,591878
2016-07-14,661.55,663.48,650.67,658.98,1384,912790
2016-07-13,673.99,673.99,657.02,661.55,1512,1001514
2016-07-12,650.83,674.83,647.73,673.99,1808,1200532
2016-07-11,649.99,658.99,645.0,650.83,1042,677341
2016-07-10,654.78,654.78,640.4,649.99,506,327412
2016-07-09,661.99,661.99,625.33,654.78,1238,798850
2016-07-08,637.99,662.71,637.98,661.99,919,599367
2016-07-07,674.99,679.51,611.35,637.99,2061,1306966
2016-07-06,666.23,679.5,665.7,674.99,871,586279
2016-07-05,679.45,679.89,661.13,666.23,1199,804016
2016-07-04,664.67,679.88,649.38,679.45,918,618617
2016-07-03,699.99,703.03,645.86,664.67,644,433777
2016-07-02,680.96,699.99,677.6,699.99,896,619632
2016-07-01,673.43,693.31,668.6,680.96,1702,1154838
2016-06-30,640.32,675.28,637.34,673.43,2150,1420640
2016-06-29,648.78,650.51,631.43,640.32,1770,1136953
2016-06-28,650.09,657.15,636.47,648.78,1357,881985
2016-06-27,631.14,655.0,621.38,650.09,1478,950148
2016-06-26,665.15,665.15,614.04,631.14,752,473629
2016-06-25,662.66,696.99,646.42,665.15,602,409368
2016-06-24,628.11,680.0,625.13,662.66,2033,1324010
2016-06-23,600.16,634.83,560.01,628.11,3468,2055230
2016-06-22,673.71,678.99,600.16,600.16,2846,1826484
2016-06-21,741.84,741.84,625.0,673.71,3538,2378322
2016-06-20,763.99,763.99,725.95,741.84,1448,1076472
2016-06-19,755.14,765.0,746.28,763.99,887,676639
2016-06-18,757.06,788.55,735.64,755.14,1571,1201480
2016-06-17,764.76,774.32,707.45,757.06,3186,2374921
2016-06-16,692.93,773.74,692.66,764.76,5929,4398013
2016-06-15,685.37,696.46,668.39,692.93,2888,1967969
2016-06-14,704.0,704.01,662.01,685.37,4373,2999059
2016-06-13,663.09,719.0,663.09,704.0,3540,2447557
2016-06-12,597.77,683.63,597.77,663.09,2148,1367149
2016-06-11,578.99,598.64,578.99,597.77,758,446469
2016-06-10,579.13,580.9,575.05,578.99,1282,740757
2016-06-09,581.99,583.15,572.42,579.13,1104,638344
2016-06-08,580.0,583.75,574.87,581.99,1506,873277
2016-06-07,584.44,589.08,566.75,580.0,1167,676863
2016-06-06,574.05,587.89,574.04,584.44,1169,682767
2016-06-05,573.51,584.8,566.56,574.05,359,207230
2016-06-04,570.02,590.0,562.48,573.51,685,393390
2016-06-03,539.78,577.13,535.71,570.02,2370,1324395
2016-06-02,539.99,539.99,533.25,539.78,1057,567672
2016-06-01,530.62,544.99,524.76,539.99,2248,1207745
2016-05-31,532.66,544.84,520.86,530.62,1446,771433
2016-05-30,519.29,542.81,516.63,532.66,368,195825
2016-05-29,526.87,558.46,500.0,519.29,793,415659
2016-05-28,476.99,535.73,472.85,526.87,1922,957274
2016-05-27,454.27,480.0,454.27,476.99,1669,788742
2016-05-26,449.9,454.3,449.9,454.27,1238,561015
2016-05-25,445.87,449.99,445.64,449.9,719,322660
2016-05-24,443.86,446.98,442.98,445.87,1462,651256
2016-05-23,437.74,443.86,437.35,443.86,1225,541640
2016-05-22,443.41,443.41,436.48,437.74,701,309283
2016-05-21,442.99,443.46,442.08,443.41,751,333109
2016-05-20,443.01,443.63,438.2,442.99,990,437622
2016-05-19,455.01,455.01,441.79,443.01,1457,653772
2016-05-18,454.69,455.99,454.43,455.01,1672,761711
2016-05-17,454.43,455.48,452.74,454.69,962,437597
2016-05-16,457.99,458.67,452.54,454.43,1178,538651
2016-05-15,456.67,457.99,456.36,457.99,230,105158
2016-05-14,457.46,457.48,454.01,456.67,275,125656
2016-05-13,453.99,458.0,453.99,457.46,1368,624569
2016-05-12,451.98,453.99,449.3,453.99,1126,509610
2016-05-11,451.75,454.05,451.74,451.98,1612,731150
2016-05-10,460.98,462.98,446.01,451.75,1006,455323
2016-05-09,458.0,463.99,456.81,460.98,1280,590431
2016-05-08,459.66,459.66,456.92,458.0,158,72453
2016-05-07,461.36,461.88,458.83,459.66,556,255968
2016-05-06,448.99,463.4,448.28,461.36,943,428824
2016-05-05,448.0,448.99,447.01,448.99,916,410899
2016-05-04,451.99,451.99,447.46,448.0,1108,497659
2016-05-03,446.36,452.0,443.69,451.99,1124,504046
2016-05-02,452.66,453.99,441.31,446.36,1898,846639
2016-05-01,450.3,453.63,448.26,452.66,345,156471
2016-04-30,455.91,456.78,448.24,450.3,289,131025
2016-04-29,448.99,456.98,448.83,455.91,1438,651149
2016-04-28,448.44,448.99,435.72,448.99,2024,901276
2016-04-27,468.44,469.36,447.03,448.44,2264,1036759
2016-04-26,465.9,470.69,463.49,468.44,1326,619399
2016-04-25,461.05,468.67,453.78,465.9,2696,1245577
2016-04-24,452.0,462.88,449.97,461.05,1451,663084
2016-04-23,447.79,452.0,447.23,452.0,962,433217
2016-04-22,451.0,451.03,445.26,447.79,1071,479782
2016-04-21,443.54,451.0,441.86,451.0,2331,1038975
2016-04-20,435.0,445.0,434.99,443.54,1732,760561
2016-04-19,427.99,435.0,427.98,435.0,1419,609416
2016-04-18,426.2,428.7,426.2,427.99,870,372478
2016-04-17,429.99,430.09,426.2,426.2,218,93759
2016-04-16,429.53,432.5,429.52,429.99,493,212553
2016-04-15,424.96,429.84,424.96,429.53,1549,663556
2016-04-14,424.53,425.6,424.1,424.96,938,398729
2016-04-13,426.43,426.75,421.99,424.53,2049,871512
2016-04-12,423.23,427.24,423.23,426.43,1405,598581
2016-04-11,420.73,423.24,419.51,423.23,1184,499197
2016-04-10,416.67,420.74,416.67,420.73,444,185924
2016-04-09,418.39,418.39,412.21,416.67,425,177374
2016-04-08,422.59,424.39,415.45,418.39,2910,1227064
2016-04-07,422.82,422.84,419.65,422.59,1063,448516
2016-04-06,422.48,423.28,422.3,422.82,1184,500636
2016-04-05,419.99,423.44,419.86,422.48,1068,450811
2016-04-04,419.45,419.99,417.74,419.99,692,289850
2016-04-03,420.0,420.0,418.93,419.45,106,44510
2016-04-02,416.48,421.18,416.48,420.0,826,346497
2016-04-01,416.36,416.88,414.59,416.48,732,304703
2016-03-31,413.7,416.94,413.7,416.36,1122,466556
2016-03-30,414.25,414.64,408.62,413.7,733,302278
2016-03-29,422.16,423.75,405.83,414.25,1440,594301
2016-03-28,424.47,424.47,422.0,422.16,870,368112
2016-03-27,416.92,426.75,416.65,424.47,2006,846262
2016-03-26,416.11,416.98,416.11,416.92,411,171326
2016-03-25,415.55,416.98,412.79,416.11,952,396135
2016-03-24,417.01,417.16,413.92,415.55,940,391557
2016-03-23,416.83,418.54,416.83,417.01,794,331613
2016-03-22,411.4,418.0,411.39,416.83,922,383507
2016-03-21,410.99,411.4,408.66,411.4,811,332971
2016-03-20,409.88,410.99,409.88,410.99,307,125995
2016-03-19,407.59,409.88,405.66,409.88,595,242633
2016-03-18,418.95,418.95,403.47,407.59,1017,415330
2016-03-17,416.0,419.0,416.0,418.95,938,392406
2016-03-16,416.0,416.0,414.71,416.0,1443,599306
2016-03-15,413.99,416.09,413.98,416.0,1294,537881
2016-03-14,411.18,414.14,411.16,413.99,569,235320
2016-03-13,409.72,412.54,409.25,411.18,1668,685385
2016-03-12,418.93,420.17,405.96,409.72,1090,447418
2016-03-11,414.68,420.34,414.68,418.93,1525,638915
2016-03-10,410.79,414.68,410.07,414.68,1792,738683
2016-03-09,412.09,412.99,408.22,410.79,3337,1370297
2016-03-08,413.16,413.49,408.0,412.09,1369,562777
2016-03-07,403.44,413.31,399.26,413.16,2423,988846
2016-03-06,393.5,403.96,378.71,403.44,400,156921
2016-03-05,408.87,409.06,367.0,393.5,3115,1247431
2016-03-04,419.24,421.07,408.4,408.87,2517,1049127
2016-03-03,423.97,423.97,414.06,419.24,2856,1196323
2016-03-02,432.32,433.73,422.29,423.97,869,372954
2016-03-01,437.05,438.98,427.41,432.32,902,391113
2016-02-29,431.59,440.99,430.14,437.05,984,429948
2016-02-28,431.47,433.36,421.01,431.59,420,179601
2016-02-27,427.5,434.18,427.5,431.47,485,208782
2016-02-26,423.98,427.51,418.89,427.5,803,340617
2016-02-25,421.32,426.55,416.86,423.98,673,284397
2016-02-24,418.77,422.99,410.82,421.32,775,326202
2016-02-23,436.45,438.23,412.07,418.77,1580,661748
2016-02-22,439.28,440.12,431.13,436.45,1300,569935
2016-02-21,440.75,448.0,426.2,439.28,543,237933
2016-02-20,419.04,442.0,419.04,440.75,949,407875
2016-02-19,422.21,422.21,416.18,419.04,829,348577
2016-02-18,415.9,422.92,414.44,422.21,1800,755629
2016-02-17,406.72,420.25,406.72,415.9,1425,596048
2016-02-16,398.27,409.33,398.23,406.72,1144,465347
2016-02-15,406.18,407.94,396.71,398.27,867,350254
2016-02-14,386.51,406.18,386.51,406.18,1676,670546
2016-02-13,383.85,386.52,383.85,386.51,164,63308
2016-02-12,376.09,384.71,376.03,383.85,1650,629776
2016-02-11,380.07,380.57,373.07,376.09,1032,389108
2016-02-10,374.0,384.19,373.02,380.07,1559,594481
2016-02-09,371.47,377.09,371.47,374.0,935,350955
2016-02-08,376.03,377.86,371.31,371.47,958,358682
2016-02-07,375.31,378.55,373.39,376.03,184,69217
2016-02-06,387.21,387.21,371.09,375.31,480,181099
2016-02-05,390.17,390.17,384.8,387.21,894,346279
2016-02-04,368.7,391.7,368.7,390.17,1799,686745
2016-02-03,373.2,373.2,367.41,368.7,907,336253
2016-02-02,371.74,375.41,371.74,373.2,977,365562
2016-02-01,370.0,378.99,366.62,371.74,935,349785
2016-01-31,378.33,380.0,369.54,370.0,162,61072
2016-01-30,379.39,380.0,374.53,378.33,247,93570
2016-01-29,380.92,383.97,365.0,379.39,973,366715
2016-01-28,395.54,395.54,378.36,380.92,479,184161
2016-01-27,389.0,396.99,389.0,395.54,652,257391
2016-01-26,393.08,396.79,389.0,389.0,1061,417990
2016-01-25,401.74,403.6,387.65,393.08,1085,427392
2016-01-24,387.8,404.24,383.57,401.74,492,195967
2016-01-23,393.0,411.0,380.03,387.8,198,77017
2016-01-22,412.14,416.99,375.0,393.0,2505,977136
2016-01-21,417.51,425.38,405.0,412.14,1558,638247
2016-01-20,380.58,423.19,376.27,417.51,3195,1300414
2016-01-19,385.03,385.53,376.33,380.58,4096,1557914
2016-01-18,383.9,387.25,374.83,385.03,2854,1099063
2016-01-17,384.25,389.85,380.19,383.9,205,79204
2016-01-16,372.04,386.27,353.32,384.25,778,291177
2016-01-15,430.42,431.31,358.74,372.04,1724,677966
2016-01-14,431.68,433.99,426.75,430.42,502,216413
2016-01-13,445.4,445.4,420.0,431.68,970,415972
2016-01-12,451.28,451.28,444.11,445.4,727,324599
2016-01-11,444.6,451.64,444.6,451.28,464,207924
2016-01-10,450.11,450.11,440.01,444.6,17,7640
2016-01-09,456.68,456.68,446.33,450.11,188,84963
2016-01-08,457.0,464.0,448.52,456.68,889,405467
2016-01-07,431.1,457.0,430.89,457.0,1697,760356
2016-01-06,432.98,433.99,427.88,431.1,386,166807
2016-01-05,435.0,435.63,431.55,432.98,259,112388
2016-01-04,424.26,436.49,424.26,435.0,485,209194
2016-01-03,435.75,437.99,409.11,424.26,496,209726
2016-01-02,434.55,439.53,432.7,435.75,107,46885
2016-01-01,432.5,437.8,429.95,434.55,110,48057
2015-12-31,428.24,434.99,422.01,432.5,206,89190
2015-12-30,430.76,436.79,422.1,428.24,211,90822
2015-12-29,420.8,434.26,420.8,430.76,742,317103
2015-12-28,422.06,429.31,418.53,420.8,89,37899
2015-12-27,418.72,423.64,407.77,422.06,172,71710
2015-12-26,458.59,458.59,407.07,418.72,387,164472
2015-12-25,455.46,461.86,453.99,458.59,79,36386
2015-12-24,444.54,457.22,444.54,455.46,375,169870
2015-12-23,435.82,444.71,435.75,444.54,411,181367
2015-12-22,437.99,442.46,434.79,435.82,286,125801
2015-12-21,439.51,449.99,428.52,437.99,190,83319
2015-12-20,461.8,462.99,432.33,439.51,321,143210
2015-12-19,463.02,466.93,455.0,461.8,114,52855
2015-12-18,458.0,465.73,456.56,463.02,497,229780
2015-12-17,456.34,459.89,450.25,458.0,312,142561
2015-12-16,465.99,466.24,440.0,456.34,452,206807
2015-12-15,445.7,480.0,445.1,465.99,974,447962
2015-12-14,435.9,450.36,429.86,445.7,1019,456179
2015-12-13,435.0,441.53,422.0,435.9,120,52006
2015-12-12,452.0,473.34,408.45,435.0,537,234650
2015-12-11,416.49,454.97,416.49,452.0,905,395780
2015-12-10,418.98,422.89,412.54,416.49,652,272274
2015-12-09,412.13,424.48,347.5,418.98,695,285473
2015-12-08,398.62,412.13,390.84,412.13,501,200415
2015-12-07,395.5,400.0,385.01,398.62,779,307497
2015-12-06,385.82,403.33,385.82,395.5,220,86851
2015-12-05,362.03,389.9,361.53,385.82,746,278215
2015-12-04,361.5,364.48,356.0,362.03,912,329262
2015-12-03,361.18,369.99,358.0,361.5,965,350211
2015-12-02,363.01,364.03,349.0,361.18,422,151625
2015-12-01,377.29,379.99,355.01,363.01,511,186714
2015-11-30,368.11,380.99,367.5,377.29,1510,565830
2015-11-29,357.0,380.0,354.01,368.11,462,168299
2015-11-28,360.4,360.41,352.0,357.0,161,57658
2015-11-27,360.0,369.04,347.76,360.4,1023,370511
2015-11-26,327.5,365.37,327.5,360.0,510,175433
2015-11-25,317.52,332.0,315.21,327.5,546,178654
2015-11-24,322.75,324.53,305.0,317.52,884,283519
2015-11-23,324.37,326.32,320.01,322.75,1010,326786
2015-11-22,325.22,328.75,320.99,324.37,301,97804
2015-11-21,320.51,328.97,318.28,325.22,324,105230
2015-11-20,325.01,328.3,310.0,320.51,371,119626
2015-11-19,335.99,335.99,322.34,325.01,908,302039
2015-11-18,334.51,337.9,330.01,335.99,1545,517355
2015-11-17,336.99,340.24,328.33,334.51,892,299171
2015-11-16,318.66,338.99,315.0,336.99,475,155088
2015-11-15,349.99,354.99,317.76,318.66,396,132609
2015-11-14,338.45,2200.0,332.92,349.99,616,254383
2015-11-13,335.5,348.58,326.6,338.45,478,160014
2015-11-12,306.0,344.8,300.51,335.5,1215,397146
2015-11-11,336.18,343.75,300.0,306.0,1225,385120
2015-11-10,381.46,383.0,236.0,336.18,728,255925
2015-11-09,377.0,386.79,361.43,381.46,1134,426641
2015-11-08,388.13,389.61,363.47,377.0,152,58646
2015-11-07,376.0,391.92,374.97,388.13,824,316125
2015-11-06,379.42,399.7,354.01,376.0,1183,443559
2015-11-05,410.0,450.0,369.73,379.42,1655,671522
2015-11-04,400.0,500.0,365.0,410.0,2104,957774
2015-11-03,367.85,424.62,362.25,400.0,3009,1182587
2015-11-02,330.0,370.0,326.1,367.85,3028,1062068
2015-11-01,315.0,330.0,299.76,330.0,377,120386
2015-10-31,330.36,336.69,309.15,315.0,193,62936
2015-10-30,314.89,374.0,314.89,330.36,2078,681306
2015-10-29,307.05,320.01,261.51,314.89,1675,522681
2015-10-28,298.2,309.0,298.2,307.05,1219,369278
2015-10-27,288.54,299.0,288.53,298.2,691,202956
2015-10-26,289.38,296.99,283.99,288.54,339,97784
2015-10-25,285.0,297.0,285.0,289.38,46,13502
2015-10-24,280.2,285.0,280.19,285.0,438,123247
2015-10-23,276.89,283.95,276.89,280.2,590,164962
2015-10-22,271.64,279.98,271.23,276.89,588,162664
2015-10-21,272.1,272.75,269.5,271.64,364,99066
2015-10-20,272.49,275.99,266.02,272.1,202,54949
2015-10-19,268.46,274.77,265.0,272.49,132,35836
2015-10-18,272.47,274.89,264.01,268.46,53,14484
2015-10-17,263.75,285.0,263.14,272.47,664,180981
2015-10-16,255.9,269.98,255.9,263.75,101,26743
2015-10-15,253.0,258.98,253.0,255.26,197,50535
2015-10-14,250.0,254.75,250.0,253.0,119,30115
2015-10-13,247.6,252.87,245.75,250.0,51,12875
2015-10-12,249.5,249.5,247.6,247.6,38,9493
2015-10-11,246.3,249.5,246.3,249.5,12,3021
2015-10-10,245.39,246.3,244.6,246.3,12,2984
2015-10-09,243.95,249.97,243.6,245.39,30,7651
2015-10-08,242.5,245.0,242.5,243.95,18,4595
