date,market_cap,market_volume
2013-04-28,1575449984,0
2013-04-29,1675190016,0
2013-04-30,1619559936,0
2013-05-01,1402989952,0
2013-05-02,1315340032,0
2013-05-03,1105149952,0
2013-05-04,1348720000,0
2013-05-05,1375699968,0
2013-05-06,1300349952,0
2013-05-07,1274419968,0
2013-05-08,1335149952,0
2013-05-09,1330179968,0
2013-05-10,1391299968,0
2013-05-11,1356610048,0
2013-05-12,1359920000,0
2013-05-13,1365900032,0
2013-05-14,1350889984,0
2013-05-15,1348179968,0
2013-05-16,1358960000,0
2013-05-17,1443719936,0
2013-05-18,1456780032,0
2013-05-19,1419440000,0
2013-05-20,1447820032,0
2013-05-21,1438589952,0
2013-05-22,1447200000,0
2013-05-23,1476480000,0
2013-05-24,1533260032,0
2013-05-25,1536920064,0
2013-05-26,1585619968,0
2013-05-27,1508080000,0
2013-05-28,1513570048,0
2013-05-29,1553200000,0
2013-05-30,1502599936,0
2013-05-31,1493939968,0
2013-06-01,1510279936,0
2013-06-02,1406339968,0
2013-06-03,1431629952,0
2013-06-04,1428269952,0
2013-06-05,1427209984,0
2013-06-06,1412060032,0
2013-06-07,1318800000,0
2013-06-08,1286630016,0
2013-06-09,1202759936,0
2013-06-10,1253709952,0
2013-06-11,1266380032,0
2013-06-12,1278060032,0
2013-06-13,1269190016,0
2013-06-14,1176179968,0
2013-06-15,1176920064,0
2013-06-16,1168519936,0
2013-06-17,1202680064,0
2013-06-18,1246710016,0
2013-06-19,1259660032,0
2013-06-20,1314620032,0
2013-06-21,1298439936,0
2013-06-22,1307869952,0
2013-06-23,1276720000,0
2013-06-24,1223040000,0
2013-06-25,1222530048,0
2013-06-26,1251810048,0
2013-06-27,1228390016,0
2013-06-28,1143129984,0
2013-06-29,1154889984,0
2013-06-30,1171469952,0
2013-07-01,1071960000,0
2013-07-02,1085350016,0
2013-07-03,1005480000,0
2013-07-04,986305024,0
2013-07-05,870001984,0
2013-07-06,839560000,0
2013-07-07,876041024,0
2013-07-08,941924992,0
2013-07-09,936377984,0
2013-07-10,1026990016,0
2013-07-11,1064470016,0
2013-07-12,1131229952,0
2013-07-13,1135689984,0
2013-07-14,1150429952,0
2013-07-15,1201260032,0
2013-07-16,1179879936,0
2013-07-17,1184649984,0
2013-07-18,1107879936,0
2013-07-19,1121360000,0
2013-07-20,1123010048,0
2013-07-21,1091520000,0
2013-07-22,1118029952,0
2013-07-23,1165639936,0
2013-07-24,1163449984,0
2013-07-25,1170940032,0
2013-07-26,1176169984,0
2013-07-27,1146230016,0
2013-07-28,1204829952,0
2013-07-29,1231800064,0
2013-07-30,1271990016,0
2013-07-31,1303480064,0
2013-08-01,1255379968,0
2013-08-02,1270659968,0
2013-08-03,1277560064,0
2013-08-04,1331990016,0
2013-08-05,1346589952,0
2013-08-06,1337200000,0
2013-08-07,1335650048,0
2013-08-08,1293760000,0
2013-08-09,1277629952,0
2013-08-10,1289769984,0
2013-08-11,1313890048,0
2013-08-12,1311980032,0
2013-08-13,1343139968,0
2013-08-14,1407699968,0
2013-08-15,1376189952,0
2013-08-16,1368230016,0
2013-08-17,1418150016,0
2013-08-18,1426470016,0
2013-08-19,1489149952,0
2013-08-20,1520220032,0
2013-08-21,1556249984,0
2013-08-22,1526759936,0
2013-08-23,1489049984,0
2013-08-24,1519190016,0
2013-08-25,1533730048,0
2013-08-26,1516780032,0
2013-08-27,1587160064,0
2013-08-28,1565750016,0
2013-08-29,1538919936,0
2013-08-30,1661389952,0
2013-08-31,1754720000,0
2013-09-01,1728009984,0
2013-09-02,1698429952,0
2013-09-03,1709830016,0
2013-09-04,1579459968,0
2013-09-05,1618179968,0
2013-09-06,1522029952,0
2013-09-07,1570040064,0
2013-09-08,1528999936,0
2013-09-09,1585430016,0
2013-09-10,1595299968,0
2013-09-11,1644979968,0
2013-09-12,1691500032,0
2013-09-13,1706579968,0
2013-09-14,1632940032,0
2013-09-15,1648179968,0
2013-09-16,1665849984,0
2013-09-17,1691320064,0
2013-09-18,1704009984,0
2013-09-19,1686669952,0
2013-09-20,1637340032,0
2013-09-21,1639769984,0
2013-09-22,1666969984,0
2013-09-23,1629900032,0
2013-09-24,1642739968,0
2013-09-25,1661330048,0
2013-09-26,1658339968,0
2013-09-27,1753840000,0
2013-09-28,1759190016,0
2013-09-29,1790040064,0
2013-09-30,1707590016,0
2013-10-01,1708780032,0
2013-10-02,1536739968,0
2013-10-03,1584499968,0
2013-10-04,1671000064,0
2013-10-05,1653590016,0
2013-10-06,1663600000,0
2013-10-07,1646569984,0
2013-10-08,1625740032,0
2013-10-09,1677129984,0
2013-10-10,1677740032,0
2013-10-11,1679139968,0
2013-10-12,1739900032,0
2013-10-13,1755059968,0
2013-10-14,1789970048,0
2013-10-15,1838550016,0
2013-10-16,1814400000,0
2013-10-17,1857959936,0
2013-10-18,1965859968,0
2013-10-19,2121250048,0
2013-10-20,2167790080,0
2013-10-21,2281870080,0
2013-10-22,2375719936,0
2013-10-23,2620659968,0
2013-10-24,2417070080,0
2013-10-25,2292760064,0
2013-10-26,2211599872,0
2013-10-27,2426759936,0
2013-10-28,2481750016,0
2013-10-29,2551340032,0
2013-10-30,2515500032,0
2013-10-31,2558040064,0
2013-11-01,2577210112,0
2013-11-02,2595909888,0
2013-11-03,2695209984,0
2013-11-04,2864960000,0
2013-11-05,3039409920,0
2013-11-06,3298990080,0
2013-11-07,3747640064,0
2013-11-08,4169240064,0
2013-11-09,4453429760,0
2013-11-10,3900800000,0
2013-11-11,4273509888,0
2013-11-12,4408779776,0
2013-11-13,5151249920,0
2013-11-14,5184139776,0
2013-11-15,5270669824,0
2013-11-16,5537730048,0
2013-11-17,6048640000,0
2013-11-18,7982380032,0
2013-11-19,7761430016,0
2013-11-20,7100460032,0
2013-11-21,8760259584,0
2013-11-22,9175570432,0
2013-11-23,10309600256,0
2013-11-24,9616220160,0
2013-11-25,9753870336,0
2013-11-26,11534399488,0
2013-11-27,13127799808,0
2013-11-28,14032499712,0
2013-11-29,15002600448,0
2013-11-30,15452999680,0
2013-12-01,12893899776,0
2013-12-02,13996499968,0
2013-12-03,14714600448,0
2013-12-04,15788000256,0
2013-12-05,14471100416,0
2013-12-06,12133699584,0
2013-12-07,10157400064,0
2013-12-08,10172800000,0
2013-12-09,12031399936,0
2013-12-10,13574500352,0
2013-12-11,11961600000,0
2013-12-12,11854399488,0
2013-12-13,11893399552,0
2013-12-14,11906899968,0
2013-12-15,11921699840,0
2013-12-16,9845279744,0
2013-12-17,9211849728,0
2013-12-18,7374219776,0
2013-12-19,9104950272,0
2013-12-20,8603100160,0
2013-12-21,8128300032,0
2013-12-22,8426549760,0
2013-12-23,8786820096,0
2013-12-24,9053899776,0
2013-12-25,9374869504,0
2013-12-26,10512600064,0
2013-12-27,10008000512,85192304
2013-12-28,10046100480,52004600
2013-12-29,10231600128,27588800
2013-12-30,10617700352,44039300
2013-12-31,10473400320,31947600
2014-01-01,10672199680,37903500
2014-01-02,11307899904,88245800
2014-01-03,11299200000,97572800
2014-01-04,11870499840,61036800
2014-01-05,12911800320,111673000
2014-01-06,13146600448,161280000
2014-01-07,11646999552,121870000
2014-01-08,11450399744,155696000
2014-01-09,11531799552,82020200
2014-01-10,11647500288,43510600
2014-01-11,12404500480,85232704
2014-01-12,12039100416,65249700
2014-01-13,11446200320,59770300
2014-01-14,11486900224,39273100
2014-01-15,11742900224,45754900
2014-01-16,11595899904,27920300
2014-01-17,11091500032,52067700
2014-01-18,11500099584,30348200
2014-01-19,11718700032,36665700
2014-01-20,12196599808,49783500
2014-01-21,11973300224,42872500
2014-01-22,11646699520,42599600
2014-01-23,11417400320,36912200
2014-01-24,11020099584,70425904
2014-01-25,11800200192,47212500
2014-01-26,12202200064,59511300
2014-01-27,11025500160,60805500
2014-01-28,11288099840,86068896
2014-01-29,11384999936,29914900
2014-01-30,11301600256,44832900
2014-01-31,11402800128,26088200
2014-02-01,11667699712,32302800
2014-02-02,11465900032,20083400
2014-02-03,11385100288,23609000
2014-02-04,11496299520,29383600
2014-02-05,11350700032,29593000
2014-02-06,10856099840,67239600
2014-02-07,10042900480,142819008
2014-02-08,9594430464,43695200
2014-02-09,9621950464,60115400
2014-02-10,9242919936,148206000
2014-02-11,8993080320,94005296
2014-02-12,9256890368,56337300
2014-02-13,8448580096,56896600
2014-02-14,9083230208,155651008
2014-02-15,9040039936,46980200
2014-02-16,8377990144,50774500
2014-02-17,10094600192,55548400
2014-02-18,8683110400,32117900
2014-02-19,8809530368,25683700
2014-02-20,8034489856,69074304
2014-02-21,7907919872,69410096
2014-02-22,8427290112,44778600
2014-02-23,8540199936,49060100
2014-02-24,7676210176,69561296
2014-02-25,7234880000,158600000
2014-02-26,7919280128,85796200
2014-02-27,8157250048,41668100
2014-02-28,7933839872,39536100
2014-03-01,8096309760,32558100
2014-03-02,7986079744,16194200
2014-03-03,9623940096,124395000
2014-03-04,10007199744,121087000
2014-03-05,9758109696,42056700
2014-03-06,9422220288,30817500
2014-03-07,8938449920,45928500
2014-03-08,8820519936,29136000
2014-03-09,9176309760,28040900
2014-03-10,8931439616,27818400
2014-03-11,9160550400,21975600
2014-03-12,9132669952,40169400
2014-03-13,9169110016,21278500
2014-03-14,9010089984,19284500
2014-03-15,9047969792,12374300
2014-03-16,8966530048,14033900
2014-03-17,8802660352,26138300
2014-03-18,8831200256,54067500
2014-03-19,8744059904,57054100
2014-03-20,8431719936,42215100
2014-03-21,8263130112,64871800
2014-03-22,8151790080,27225000
2014-03-23,8119540224,17361200
2014-03-24,8390009856,33084800
2014-03-25,8259720192,28968900
2014-03-26,8278709760,28992100
2014-03-27,7202169856,83376400
2014-03-28,6918709760,92689696
2014-03-29,6991699968,19730200
2014-03-30,6376829952,55263100
2014-03-31,6405850112,49849900
2014-04-01,6773859840,45358000
2014-04-02,6116950016,68563200
2014-04-03,6200059904,57307400
2014-04-04,6229510144,32557200
2014-04-05,6342320128,16469600
2014-04-06,6415909888,19104600
2014-04-07,6288569856,21789400
2014-04-08,6317320192,17299900
2014-04-09,6182119936,17891600
2014-04-10,5371720192,61837300
2014-04-11,5874429952,98978096
2014-04-12,5921019904,31594900
2014-04-13,5666549760,29988200
2014-04-14,6376620032,74853200
2014-04-15,7033390080,77970000
2014-04-16,7262669824,92459800
2014-04-17,7016419840,63427800
2014-04-18,6776739840,36744500
2014-04-19,7050070016,34161800
2014-04-20,6987129856,25784600
2014-04-21,6986370048,24633600
2014-04-22,6934069760,19528400
2014-04-23,6921440256,18949600
2014-04-24,6983009792,21414800
2014-04-25,6466540032,70243904
2014-04-26,6435680256,22325100
2014-04-27,6169280000,18215200
2014-04-28,6214870016,31150300
2014-04-29,6212660224,24182100
2014-04-30,6287399936,28274600
2014-05-01,6426420224,21762600
2014-05-02,6289549824,16082900
2014-05-03,6164649984,15503900
2014-05-04,6108550144,9929800
2014-05-05,6078430208,14439400
2014-05-06,6038260224,19712200
2014-05-07,6237069824,25205900
2014-05-08,6197879808,15465600
2014-05-09,6349159936,18841700
2014-05-10,6375000064,12923500
2014-05-11,6166130176,19740200
2014-05-12,6214069760,14248200
2014-05-13,6208339968,13431800
2014-05-14,6293819904,15545600
2014-05-15,6320209920,19204000
2014-05-16,6339570176,14387100
2014-05-17,6343980032,9112410
2014-05-18,6295320064,8757560
2014-05-19,6320220160,11539800
2014-05-20,6813859840,49938300
2014-05-21,6924579840,24735000
2014-05-22,7279909888,46461500
2014-05-23,7395460096,63429400
2014-05-24,7376979968,25131300
2014-05-25,7999929856,65042400
2014-05-26,8125400064,43243900
2014-05-27,8041999872,55371700
2014-05-28,7950689792,34298700
2014-05-29,7950580224,36285100
2014-05-30,8509190144,49589500
2014-05-31,8629520384,31004100
2014-06-01,9001849856,65031400
2014-06-02,9071040512,56113900
2014-06-03,9269109760,64649200
2014-06-04,9019180032,50221300
2014-06-05,9156740096,43016700
2014-06-06,9111459840,28973900
2014-06-07,9107749888,24465900
2014-06-08,9123529728,18270200
2014-06-09,9034030080,29636900
2014-06-10,9102510080,28704400
2014-06-11,8972059648,29613100
2014-06-12,8445069824,44812100
2014-06-13,8306390016,64831100
2014-06-14,7890109952,42368800
2014-06-15,8039430144,26569900
2014-06-16,8377959936,41105900
2014-06-17,8503470080,23788000
2014-06-18,8507959808,30046000
2014-06-19,8508440064,24315100
2014-06-20,8339270144,34614900
2014-06-21,8358470144,18213000
2014-06-22,8434789888,16943500
2014-06-23,8285120000,20878000
2014-06-24,8292440064,16758900
2014-06-25,7993880064,30113100
2014-06-26,8041460224,21852100
2014-06-27,8181720064,24727600
2014-06-28,8388320256,24674900
2014-06-29,8356980224,14079400
2014-06-30,8953629696,56213200
2014-07-01,9022109696,48686900
2014-07-02,9000059904,44767400
2014-07-03,8907499520,28534600
2014-07-04,8775040000,27748800
2014-07-05,8711100416,21104600
2014-07-06,8752409600,16376500
2014-07-07,8647289856,26164200
2014-07-08,8674450432,18084700
2014-07-09,8683799552,16671100
2014-07-10,8586500096,23641200
2014-07-11,8764359680,22218400
2014-07-12,8769449984,23135000
2014-07-13,8734189568,20991300
2014-07-14,8671439872,19089400
2014-07-15,8658010112,16443000
2014-07-16,8593089536,19267200
2014-07-17,8705739776,23703400
2014-07-18,8769130496,21239300
2014-07-19,8782839808,13275600
2014-07-20,8707349504,10155800
2014-07-21,8722950144,14947200
2014-07-22,8716529664,14713200
2014-07-23,8676410368,15415900
2014-07-24,8408220160,26717200
2014-07-25,8405440000,19506000
2014-07-26,8337290240,14750100
2014-07-27,8333579776,12083600
2014-07-28,8221109760,24366100
2014-07-29,8183510016,15592500
2014-07-30,8004400128,18792100
2014-07-31,8219570176,30676500
2014-08-01,8378999808,23987100
2014-08-02,8274370048,12927900
2014-08-03,8233650176,11274900
2014-08-04,8251080192,14032500
2014-08-05,8186480128,14891400
2014-08-06,8179780096,13851600
2014-08-07,8253309952,17250100
2014-08-08,8303969792,15903100
2014-08-09,8236460032,14224000
2014-08-10,8249699840,10363700
2014-08-11,8035180032,21545000
2014-08-12,7902459904,26185000
2014-08-13,7526349824,35133800
2014-08-14,7108789760,43156000
2014-08-15,6932950016,30323400
2014-08-16,7195820032,25523300
2014-08-17,6802939904,29755900
2014-08-18,6331010048,60288700
2014-08-19,6683469824,49765000
2014-08-20,7163019776,57629500
2014-08-21,7315279872,66315300
2014-08-22,7264099840,51115000
2014-08-23,6936540160,31160400
2014-08-24,7166680064,31016800
2014-08-25,7123840000,29392600
2014-08-26,7311680000,37005300
2014-08-27,7362059776,33860300
2014-08-28,7261749760,27665400
2014-08-29,7273310208,25198700
2014-08-30,7200710144,17117900
2014-08-31,6877459968,53881000
2014-09-01,6887269888,24417200
2014-09-02,6843440128,29301200
2014-09-03,6872520192,18759700
2014-09-04,7046539776,32555000
2014-09-05,6970189824,21174700
2014-09-06,7000419840,17524500
2014-09-07,6975090176,14002200
2014-09-08,6855830016,37608200
2014-09-09,6889229824,26881700
2014-09-10,6978910208,31878500
2014-09-11,6933779968,25528600
2014-09-12,6922880000,21569400
2014-09-13,6969379840,23262300
2014-09-14,6976629760,24906800
2014-09-15,6939250176,27338500
2014-09-16,6798700032,24331700
2014-09-17,6621089792,30233700
2014-09-18,6304659968,47905500
2014-09-19,5856699904,50730300
2014-09-20,5956740096,46108800
2014-09-21,5848220160,35192300
2014-09-22,5949870080,28194400
2014-09-23,6473059840,51595600
2014-09-24,6252800000,42255700
2014-09-25,6028199936,35226600
2014-09-26,5994070016,31518700
2014-09-27,5887450112,21386200
2014-09-28,5644910080,26742800
2014-09-29,5598870016,37709800
2014-09-30,5723729920,40631500
2014-10-01,5682209792,32334200
2014-10-02,5592430080,24923600
2014-10-03,5347049984,33190400
2014-10-04,4948389888,57078500
2014-10-05,4555030016,84475296
2014-10-06,4984160256,100587000
2014-10-07,4956279808,63537900
2014-10-08,5166560256,62040000
2014-10-09,5408039936,88960704
2014-10-10,5327819776,62923900
2014-10-11,5391960064,20378500
2014-10-12,5522659840,18969700
2014-10-13,5808659968,37024200
2014-10-14,5999430144,56252900
2014-10-15,5829609984,36061000
2014-10-16,5661309952,33641400
2014-10-17,5669740032,21371100
2014-10-18,5841090048,16362200
2014-10-19,5773020160,10156600
2014-10-20,5670759936,21532100
2014-10-21,5761030144,19197700
2014-10-22,5694049792,17372700
2014-10-23,5312260096,29991200
2014-10-24,5326839808,23970900
2014-10-25,5189629952,22231500
2014-10-26,5245320192,15071800
2014-10-27,5280119808,16823500
2014-10-28,5313280000,12993300
2014-10-29,5036029952,21138100
2014-10-30,5200979968,31365400
2014-10-31,5060429824,23400600
2014-11-01,4800949760,39162400
2014-11-02,4846929920,12903100
2014-11-03,4892100096,16057700
2014-11-04,4888160256,19683800
2014-11-05,5090449920,24888800
2014-11-06,5203829760,22854700
2014-11-07,5096710144,22812400
2014-11-08,5139350016,11933300
2014-11-09,5336240128,25642100
2014-11-10,5514220032,35790000
2014-11-11,5443500032,23747700
2014-11-12,6258440192,53264300
2014-11-13,6111099904,61432400
2014-11-14,5834149888,43407500
2014-11-15,5584339968,21169800
2014-11-16,5742280192,17448900
2014-11-17,5724680192,45779000
2014-11-18,5625030144,39826000
2014-11-19,5627760128,24628600
2014-11-20,5372389888,30611300
2014-11-21,5316219904,35506100
2014-11-22,5413539840,21424200
2014-11-23,5588919808,17251600
2014-11-24,5870889984,37397900
2014-11-25,5738780160,37514700
2014-11-26,5652089856,25838800
2014-11-27,5782289920,19027000
2014-11-28,5981150208,27663200
2014-11-29,5892689920,24265500
2014-11-30,5842030080,14201400
2014-12-01,5880209920,18163700
2014-12-02,5946829824,17628100
2014-12-03,5909459968,17840000
2014-12-04,5841540096,20388800
2014-12-05,5944339968,20537600
2014-12-06,5929039872,12830300
2014-12-07,5938630144,10052800
2014-12-08,5782249984,22955100
2014-12-09,5630060032,41936300
2014-12-10,5583790080,20900400
2014-12-11,5685020160,34581300
2014-12-12,5671430144,23083200
2014-12-13,5611420160,18308900
2014-12-14,5691679744,14814200
2014-12-15,5628539904,22876100
2014-12-16,5607490048,44404300
2014-12-17,5538229760,49864000
2014-12-18,5529469952,51784100
2014-12-19,5429879808,38242300
2014-12-20,5633840128,31618000
2014-12-21,5643010048,22541100
2014-12-22,5843820032,31617900
2014-12-23,5820069888,24692700
2014-12-24,5587010048,21593300
2014-12-25,5559099904,15680900
2014-12-26,5768580096,20304600
2014-12-27,5524160000,22591700
2014-12-28,5542090240,17175100
2014-12-29,5535379968,17408000
2014-12-30,5474820096,18675900
2014-12-31,5498659840,16310300
2015-01-01,5506019840,14411300
2015-01-02,5478870016,12172800
2015-01-03,5061100032,37220800
2015-01-04,4592070144,72131200
2015-01-05,4677850112,58162800
2015-01-06,4887580160,32716700
2015-01-07,5049930240,31962100
2015-01-08,4963990016,27821100
2015-01-09,4948060160,24345300
2015-01-10,4682610176,24950400
2015-01-11,4535040000,21452300
2015-01-12,4592470016,24001700
2015-01-13,3984320000,76006096
2015-01-14,3196800000,112487000
2015-01-15,3525509888,92217400
2015-01-16,3643030016,49886600
2015-01-17,3464529920,28969800
2015-01-18,3615170048,33532600
2015-01-19,3688790016,20492100
2015-01-20,3667369984,29314000
2015-01-21,3779440128,24186300
2015-01-22,3980389888,46868600
2015-01-23,4012110080,27607500
2015-01-24,4168100096,30846900
2015-01-25,4227140096,40812500
2015-01-26,4462150144,123364000
2015-01-27,4357009920,53983400
2015-01-28,4014860032,45250600
2015-01-29,3938690048,43838000
2015-01-30,3880290048,32311100
2015-01-31,3819660032,20260500
2015-02-01,3851460096,39887400
2015-02-02,3791660032,29630700
2015-02-03,3796770048,50475200
2015-02-04,3785019904,35168400
2015-02-05,3687269888,28556400
2015-02-06,3837070080,29654000
2015-02-07,3843689984,25933400
2015-02-08,3789910016,19642200
2015-02-09,3759689984,28985900
2015-02-10,3751439872,26619800
2015-02-11,3710919936,22271300
2015-02-12,3768659968,17957900
2015-02-13,3995480064,46450200
2015-02-14,4305679872,47001200
2015-02-15,3923310080,68068304
2015-02-16,4000140032,32904000
2015-02-17,4033679872,31231000
2015-02-18,3915200000,27020400
2015-02-19,4021189888,21136600
2015-02-20,4047589888,27137000
2015-02-21,4066710016,15549500
2015-02-22,3925639936,21193300
2015-02-23,3999620096,17931600
2015-02-24,3993629952,18206700
2015-02-25,3988999936,13912900
2015-02-26,3971200000,16267600
2015-02-27,4237949952,47089100
2015-02-28,4222040064,16863700
2015-03-01,4136610048,18476600
2015-03-02,4463680000,50415100
2015-03-03,4561820160,56953700
2015-03-04,4345600000,49625000
2015-03-05,4380510208,41716300
2015-03-06,4424659968,40724400
2015-03-07,4459709952,19603200
2015-03-08,4417900032,24812200
2015-03-09,4674370048,62498000
2015-03-10,4690679808,77191800
2015-03-11,4733409792,41713000
2015-03-12,4727620096,35746000
2015-03-13,4649950208,35031000
2015-03-14,4550530048,27503500
2015-03-15,4601399808,14335000
2015-03-16,4680790016,25325900
2015-03-17,4615240192,23745000
2015-03-18,4231859968,52157300
2015-03-19,4275869952,70122000
2015-03-20,4245929984,23853900
2015-03-21,4204359936,20018400
2015-03-22,4315930112,18182900
2015-03-23,4333210112,26811400
2015-03-24,4038269952,44708100
2015-03-25,3962319872,42084700
2015-03-26,4016570112,27952400
2015-03-27,4017339904,21465700
2015-03-28,4068640000,17938600
2015-03-29,3924709888,22800300
2015-03-30,3997989888,27488000
2015-03-31,3904049920,25210000
2015-04-01,3950929920,26583200
2015-04-02,4047709952,30067900
2015-04-03,4099840000,26187900
2015-04-04,4089720064,14960000
2015-04-05,4140329984,19182300
2015-04-06,4097609984,23825000
2015-04-07,4096379904,22427300
2015-04-08,3991810048,33615300
2015-04-09,3922040064,24519200
2015-04-10,3795010048,32223000
2015-04-11,3815190016,19165600
2015-04-12,3813110016,14730000
2015-04-13,3623219968,27412800
2015-04-14,3524329984,39514500
2015-04-15,3561609984,24738600
2015-04-16,3697499904,28155900
2015-04-17,3604940032,23342100
2015-04-18,3616049920,14959200
2015-04-19,3597210112,16372400
2015-04-20,3619150080,19909200
2015-04-21,3760329984,26470600
2015-04-22,3771209984,27711600
2015-04-23,3788250112,19649700
2015-04-24,3733499904,24027200
2015-04-25,3698269952,15618600
2015-04-26,3545200128,31517900
2015-04-27,3626129920,32301300
2015-04-28,3617430016,32240900
2015-04-29,3650510080,21475100
2015-04-30,3809349888,36691200
2015-05-01,3775889920,21745100
2015-05-02,3792329984,15444600
2015-05-03,3874810112,20105900
2015-05-04,3834249984,24146100
2015-05-05,3781019904,25764700
2015-05-06,3754129920,19659400
2015-05-07,3810070016,45405300
2015-05-08,3914599936,31190300
2015-05-09,3868659968,22084800
2015-05-10,3842720000,17517100
2015-05-11,3883770112,22306000
2015-05-12,3875249920,22750500
2015-05-13,3892620032,22414100
2015-05-14,3776890112,31965300
2015-05-15,3801260032,20725900
2015-05-16,3769890048,14250400
2015-05-17,3780699904,11948900
2015-05-18,3715680000,19698700
2015-05-19,3732649984,18864300
2015-05-20,3761540096,18295400
2015-05-21,3789459968,22239000
2015-05-22,3887729920,36556100
2015-05-23,3877989888,24331700
2015-05-24,3908199936,19306500
2015-05-25,3850710016,22433600
2015-05-26,3860009984,24238000
2015-05-27,3865009920,28842900
2015-05-28,3905509888,24835000
2015-05-29,3941870080,26429600
2015-05-30,3846320128,22248600
2015-05-31,3824790016,19910800
2015-06-01,3659579904,33576900
2015-06-02,3727670016,30154900
2015-06-03,3740849920,23703000
2015-06-04,3718629888,20549600
2015-06-05,3735660032,24435300
2015-06-06,3728450048,16619400
2015-06-07,3700630016,18900800
2015-06-08,3783290112,29038900
2015-06-09,3794220032,34241900
2015-06-10,3787640064,22203300
2015-06-11,3797499904,21325800
2015-06-12,3816420096,19347200
2015-06-13,3854619904,20292200
2015-06-14,3873580032,21413700
2015-06-15,3951340032,26794400
2015-06-16,4151800064,53648700
2015-06-17,4251879936,69529000
2015-06-18,4248250112,49071700
2015-06-19,4211760128,37528900
2015-06-20,4200519936,31679700
2015-06-21,4153720064,30533000
2015-06-22,4228499968,38846500
2015-06-23,4194309888,22228500
2015-06-24,4143709952,27032900
2015-06-25,4152399872,25387000
2015-06-26,4164320000,18951100
2015-06-27,4261880064,26954000
2015-06-28,4273530112,26704000
2015-06-29,4429380096,49667300
2015-06-30,4513880064,68503200
2015-07-01,4473670144,40927300
2015-07-02,4427850240,33111500
2015-07-03,4430450176,27252400
2015-07-04,4487589888,22077300
2015-07-05,4596299776,55639000
2015-07-06,4738619904,85192304
2015-07-07,4547279872,49590100
2015-07-08,4636499968,64574600
2015-07-09,4709470208,91825904
2015-07-10,4800379904,167508000
2015-07-11,4929659904,81505600
2015-07-12,5192949760,79874600
2015-07-13,4924210176,83791296
2015-07-14,4901409792,40678900
2015-07-15,4888079872,35847000
2015-07-16,4643740160,72263904
2015-07-17,4659350016,43173300
2015-07-18,4603200000,37434100
2015-07-19,4604199936,20723500
2015-07-20,4634570240,30291000
2015-07-21,4655179776,29804000
2015-07-22,4625090048,26561700
2015-07-23,4615170048,22997700
2015-07-24,4830790144,53300000
2015-07-25,4841160192,36013300
2015-07-26,4911929856,26734800
2015-07-27,4983629824,36671500
2015-07-28,4993359872,41060300
2015-07-29,4922379776,34408900
2015-07-30,4852729856,29950800
2015-07-31,4820380160,30441200
2015-08-01,4732230144,27575000
2015-08-02,4740129792,25832000
2015-08-03,4780109824,29452800
2015-08-04,4811570176,28295800
2015-08-05,4769480192,24711700
2015-08-06,4691290112,24780300
2015-08-07,4876950016,56736500
2015-08-08,4605109760,103855000
2015-08-09,4514579968,34502900
2015-08-10,4533729792,25280300
2015-08-11,4574369792,28091200
2015-08-12,4629429760,37460000
2015-08-13,4592620032,36080100
2015-08-14,4643250176,37108200
2015-08-15,4582020096,23147400
2015-08-16,4456840192,39005900
2015-08-17,4482339840,28387500
2015-08-18,4350960128,38446800
2015-08-19,3948430080,83743600
2015-08-20,4125639936,44831700
2015-08-21,4081779968,30403100
2015-08-22,4044539904,28447500
2015-08-23,3968219904,25286600
2015-08-24,3757690112,65911000
2015-08-25,3873309952,80805200
2015-08-26,3929299968,42889200
2015-08-27,3933019904,26610000
2015-08-28,4043120128,39970900
2015-08-29,3953479936,22471400
2015-08-30,3963510016,25423400
2015-08-31,4013519872,26646600
2015-09-01,3960659968,25475000
2015-09-02,3984489984,24673600
2015-09-03,3930579968,21630600
2015-09-04,3988760064,24377000
2015-09-05,4081230080,24701700
2015-09-06,4189050112,34472700
2015-09-07,4179150080,26465900
2015-09-08,4221850112,33010400
2015-09-09,4139440128,28710100
2015-09-10,4126119936,26711100
2015-09-11,4162340096,25173200
2015-09-12,4094870016,21958800
2015-09-13,4006769920,21145400
2015-09-14,3992730112,26583000
2015-09-15,3983040000,24056700
2015-09-16,3947510016,25281200
2015-09-17,3971940096,24879000
2015-09-18,4033469952,25138500
2015-09-19,4001489920,17289300
2015-09-20,4013029888,18355300
2015-09-21,3941280000,23630000
2015-09-22,3975960064,31093400
2015-09-23,3965329920,22046900
2015-09-24,4039510016,28507900
2015-09-25,4022159872,28752800
2015-09-26,4013769984,15861100
2015-09-27,3982299904,15826000
2015-09-28,4063399936,30260000
2015-09-29,4025560064,31226300
2015-09-30,4018579968,25748900
2015-10-01,4034459904,23683100
2015-10-02,4032019968,22661200
2015-10-03,4054939904,19540300
2015-10-04,4028849920,15250600
2015-10-05,4040229888,24104800
2015-10-06,4144659968,31392300
2015-10-07,4132049920,25351100
2015-10-08,4095630080,23915900
2015-10-09,4110200064,22210400
2015-10-10,4123950080,19854200
2015-10-11,4159859968,16957300
2015-10-12,4149789952,23549300
2015-10-13,4196199936,32495400
2015-10-14,4247970048,32411100
2015-10-15,4269420032,31075800
2015-10-16,4371319808,38450500
2015-10-17,4443230208,47773500
2015-10-18,4359869952,27626800
2015-10-19,4372299776,28851500
2015-10-20,4451619840,34009500
2015-10-21,4429219840,30221600
2015-10-22,4548870144,40777100
2015-10-23,4566989824,35014500
2015-10-24,4602549760,26430100
2015-10-25,4755659776,47387500
2015-10-26,4706449920,40721300
2015-10-27,4864880128,49555600
2015-10-28,4994869760,56735000
2015-10-29,5219160064,79599200
2015-10-30,5382530048,98972304
2015-10-31,5169569792,56199200
2015-11-01,5341450240,39533400
2015-11-02,5835290112,92194896
2015-11-03,6643749888,248852992
2015-11-04,7416450048,270040000
2015-11-05,6606739968,229752000
2015-11-06,6047810048,140663008
2015-11-07,6277440000,70127000
2015-11-08,6212389888,48104000
2015-11-09,6141170176,84488600
2015-11-10,5713449984,83322096
2015-11-11,5102080000,131852000
2015-11-12,5361880064,85237600
2015-11-13,5446300160,58884200
2015-11-14,5454490112,38813300
2015-11-15,5308980224,48881800
2015-11-16,5396230144,53759200
2015-11-17,5489280000,57396700
2015-11-18,5477239808,46403600
2015-11-19,5393099776,50665400
2015-11-20,5282950144,58550400
2015-11-21,5344509952,31906600
2015-11-22,5320050176,25301000
2015-11-23,5325040128,29776400
2015-11-24,5271770112,32999600
2015-11-25,5413539840,47182700
2015-11-26,5674109952,112467000
2015-11-27,5888750080,66383900
2015-11-28,5829109760,42087100
2015-11-29,5970630144,36576900
2015-11-30,6150159872,83183296
2015-12-01,5923729920,68911504
2015-12-02,5856860160,58763600
2015-12-03,5924069888,55852200
2015-12-04,5922310144,39907400
2015-12-05,6212729856,58862900
2015-12-06,6500850176,95872400
2015-12-07,6457549824,71581000
2015-12-08,6534589952,50801900
2015-12-09,6872209920,116390000
2015-12-10,6918839808,62942600
2015-12-11,7396230144,113093000
2015-12-12,7046490112,144904992
2015-12-13,7248300032,61395300
2015-12-14,7375220224,140480992
2015-12-15,7561860096,93086704
2015-12-16,7441789952,119012000
2015-12-17,7445009920,54357000
2015-12-18,7564210176,63274500
2015-12-19,7527520256,52910500
2015-12-20,7221559808,78774200
2015-12-21,7158640128,83859000
2015-12-22,7163440128,56354800
2015-12-23,7271309824,52735600
2015-12-24,7415190016,63377600
2015-12-25,7464450048,44623000
2015-12-26,6850919936,117896000
2015-12-27,6941000192,60563000
2015-12-28,6917579776,52740900
2015-12-29,7069779968,54344000
2015-12-30,7040560128,54565600
2015-12-31,7119110144,51442400
2016-01-01,7142819840,40293100
2016-01-02,7145699840,36066700
2016-01-03,7014069760,40574000
2016-01-04,7117969920,45512000
2016-01-05,7120849920,40325000
2016-01-06,7100299776,38545100
2016-01-07,7454430208,88973800
2016-01-08,7446450176,71722896
2016-01-09,7402959872,42922100
2016-01-10,7332519936,40946800
2016-01-11,7383139840,49360800
2016-01-12,7373779968,111597000
2016-01-13,7103139840,194458000
2016-01-14,7161549824,54015600
2016-01-15,6532850176,150544992
2016-01-16,6352159744,152664000
2016-01-17,6445250048,57048400
2016-01-18,6446130176,66197000
2016-01-19,6374099968,55224800
2016-01-20,6851089920,113933000
2016-01-21,6814819840,99379504
2016-01-22,6367029760,111357000
2016-01-23,6590600192,83286600
2016-01-24,6793419776,74933400
2016-01-25,6655929856,90882600
2016-01-26,6717069824,109765000
2016-01-27,6851550208,100581000
2016-01-28,6621369856,91858400
2016-01-29,6524570112,105395000
2016-01-30,6524559872,51238400
2016-01-31,6509320192,51408900
2016-02-01,6404619776,73252600
2016-02-02,6482440192,54162000
2016-02-03,6428890112,54767000
2016-02-04,6719159808,78598704
2016-02-05,6705860096,57076500
2016-02-06,6572420096,62232000
2016-02-07,6607479808,50143600
2016-02-08,6606020096,59277900
2016-02-09,6649019904,72246400
2016-02-10,6793880064,121190000
2016-02-11,6837720064,100093000
2016-02-12,6966470144,115422000
2016-02-13,7028149760,90953904
2016-02-14,7224569856,88644704
2016-02-15,7226789888,100591000
2016-02-16,7265299968,98492000
2016-02-17,7394149888,105944000
2016-02-18,7463499776,108327000
2016-02-19,7474140160,73117696
2016-02-20,7762719744,109919000
2016-02-21,7771829760,106367000
2016-02-22,7833460224,102593000
2016-02-23,7579570176,111306000
2016-02-24,7684530176,86236400
2016-02-25,7656260096,100010000
2016-02-26,7688390144,71943200
2016-02-27,7814700032,64773100
2016-02-28,7869409792,73915504
2016-02-29,7875420160,74937400
2016-03-01,7920450048,101952000
2016-03-02,7955400192,104358000
2016-03-03,7939100160,154140000
2016-03-04,7849800192,115209000
2016-03-05,7841019904,207472992
2016-03-06,7848770048,164694000
2016-03-07,7855499776,132482000
2016-03-08,7873880064,114229000
2016-03-09,8019180032,109645000
2016-03-10,8076490240,132160000
2016-03-11,8166550016,119610000
2016-03-12,8159710208,151650000
2016-03-13,8351130112,116188000
2016-03-14,8247969792,165052000
2016-03-15,8195270144,121377000
2016-03-16,8206119936,97344896
2016-03-17,8151699968,145468000
2016-03-18,7833019904,162246000
2016-03-19,7892989952,97148200
2016-03-20,7936399872,72248000
2016-03-21,8050520064,92871904
2016-03-22,8110830080,99206096
2016-03-23,8225909760,89313400
2016-03-24,8116619776,104578000
2016-03-25,8083140096,76698000
2016-03-26,8116939776,60992900
2016-03-27,8217310208,94139904
2016-03-28,8240399872,104868000
2016-03-29,8132040192,102790000
2016-03-30,8126130176,93855104
2016-03-31,8125280256,82752304
2016-04-01,8143170048,73385400
2016-04-02,8201610240,62826300
2016-04-03,8206929920,48811500
2016-04-04,8197579776,64858800
2016-04-05,8157479936,80373200
2016-04-06,8198280192,90240600
2016-04-07,8118720000,77445696
2016-04-08,8044149760,84157000
2016-04-09,7962540032,74824400
2016-04-10,7912379904,122655000
2016-04-11,7920300032,75759400
2016-04-12,7863110144,100832000
2016-04-13,7926929920,114037000
2016-04-14,7954220032,66702200
2016-04-15,8037309952,72800600
2016-04-16,8062199808,50867200
2016-04-17,8105569792,82797504
2016-04-18,8106080256,84970304
2016-04-19,8147500032,60744900
2016-04-20,8316449792,99924096
2016-04-21,8403380224,85552600
2016-04-22,8318569984,84213800
2016-04-23,8392690176,64739300
2016-04-24,8524969984,89799600
2016-04-25,8557230080,106609000
2016-04-26,8613040128,120528000
2016-04-27,8373879808,119745000
2016-04-28,8286479872,103617000
2016-04-29,8409549824,65629300
2016-04-30,8470430208,109270000
2016-05-01,8482010112,66570100
2016-05-02,8479390208,133748000
2016-05-03,8503159808,89082400
2016-05-04,8450449920,75729296
2016-05-05,8510770176,77031200
2016-05-06,8674320384,98584896
2016-05-07,8663780352,63702800
2016-05-08,8654879744,60294600
2016-05-09,8685910016,72844304
2016-05-10,8553769984,81396000
2016-05-11,8592789504,74681600
2016-05-12,8613279744,82926800
2016-05-13,8695770112,102159000
2016-05-14,8687320064,65895500
2016-05-15,8706459648,42478700
2016-05-16,8735979520,91077000
2016-05-17,8810160128,109243000
2016-05-18,8898669568,154632000
2016-05-19,8846399488,142012992
2016-05-20,8793589760,163471008
2016-05-21,8808599552,78719504
2016-05-22,8783049728,60487500
2016-05-23,8795559936,76239904
2016-05-24,8770560000,117351000
2016-05-25,8798959616,112546000
2016-05-26,8877230080,109719000
2016-05-27,9082659840,248543008
2016-05-28,9827789824,225924992
2016-05-29,10363599872,213454000
2016-05-30,10385300480,138422000
2016-05-31,10283299840,188040992
2016-06-01,10491499520,139160992
2016-06-02,10496300032,80512000
2016-06-03,11087500288,159884992
2016-06-04,11068699648,131791000
2016-06-05,11121600512,84222304
2016-06-06,11278300160,99201600
2016-06-07,11202899968,142638000
2016-06-08,11280000000,107453000
2016-06-09,11207600128,98664200
2016-06-10,11211100160,90870800
2016-06-11,11265599488,79530896
2016-06-12,12890699776,325259008
2016-06-13,13342100480,331983008
2016-06-14,13542400000,295324000
2016-06-15,13580900352,151703008
2016-06-16,14943299584,323432992
2016-06-17,14278599680,602392000
2016-06-18,13834399744,457551008
2016-06-19,14108199936,234930000
2016-06-20,13779800064,263808000
2016-06-21,12396300288,385376992
2016-06-22,11948199936,407975008
2016-06-23,11735499776,341822016
2016-06-24,12505900032,292752000
2016-06-25,12640900096,161836992
2016-06-26,12163800064,148115008
2016-06-27,12389199872,141800992
2016-06-28,12339500032,221343008
2016-06-29,12263600128,204856992
2016-06-30,12697700352,178719008
2016-07-01,12814499840,173151008
2016-07-02,13122599936,139171008
2016-07-03,12485699584,167300000
2016-07-04,12801599488,119561000
2016-07-05,12602699776,195678000
2016-07-06,12715200512,164134000
2016-07-07,11630399488,268980992
2016-07-08,12480900096,184804992
2016-07-09,12270999552,223072000
2016-07-10,12316800000,125411000
2016-07-11,12325000192,138064000
2016-07-12,12768700416,163528000
2016-07-13,12756299776,161588992
2016-07-14,12864300032,138367008
2016-07-15,12968999936,125999000
2016-07-16,12863299584,73023600
2016-07-17,13104799744,99892496
2016-07-18,12936800256,97450496
2016-07-19,13102999552,102013000
2016-07-20,13070799872,168692992
2016-07-21,13066900480,101561000
2016-07-22,13066900480,207574000
2016-07-23,12941500416,137836992
2016-07-24,12957500416,220926000
2016-07-25,12853900288,130046000
2016-07-26,12850400256,414768992
2016-07-27,12839999488,308928992
2016-07-28,12846699520,166158000
2016-07-29,12824500224,110753000
2016-07-30,12802299904,68669504
2016-07-31,12386499584,162048992
2016-08-01,12090600448,190756000
2016-08-02,11230999552,501768992
2016-08-03,11198199808,474199008
2016-08-04,11304200192,237916000
2016-08-05,11439500288,117992000
2016-08-06,11571900416,130116000
2016-08-07,11645599744,142308000
2016-08-08,11705700352,102107000
2016-08-09,11677100032,174147008
2016-08-10,11766400000,158479008
2016-08-11,11671600128,133788000
2016-08-12,11614199808,117395000
2016-08-13,11612999680,71695600
2016-08-14,11326799872,91912704
2016-08-15,11299200000,85937600
2016-08-16,11492800512,87613696
2016-08-17,11352699904,81275904
2016-08-18,11387100160,84165600
2016-08-19,11415100416,76876304
2016-08-20,11522899968,67571104
2016-08-21,11482800128,56196100
2016-08-22,11619900416,86996704
2016-08-23,11502699520,169896000
2016-08-24,11448899584,93019904
2016-08-25,11389100032,163838000
2016-08-26,11433299968,81807296
2016-08-27,11268299776,57345700
2016-08-28,11324699648,156764000
2016-08-29,11407599616,206724000
2016-08-30,11468399616,125866000
2016-08-31,11434300416,129320000
2016-09-01,11445199872,132468000
2016-09-02,11505500160,133776000
2016-09-03,11848099840,257342000
2016-09-04,12026900480,164128992
2016-09-05,12040699904,137631008
2016-09-06,12087499776,134424000
2016-09-07,12117900288,133091000
2016-09-08,12309499904,128533000
2016-09-09,12282200064,109559000
2016-09-10,12354299904,76250200
2016-09-11,11896999936,113881000
2016-09-12,12043700224,111163000
2016-09-13,12099099648,136856992
2016-09-14,12119499776,77452496
2016-09-15,12134299648,101388000
2016-09-16,12113000448,116505000
2016-09-17,12116500480,63077800
2016-09-18,12155400192,84809600
2016-09-19,12171799552,85920600
2016-09-20,12256000000,127162000
2016-09-21,11988400128,141040992
2016-09-22,12001899520,119199000
2016-09-23,12111099904,82433800
2016-09-24,12091899904,60447400
2016-09-25,12087300096,54111200
2016-09-26,12169299968,89441000
2016-09-27,12138000384,76232704
2016-09-28,12192000000,79008000
2016-09-29,12187700224,84655000
2016-09-30,12209600512,84561504
2016-10-01,12259000320,93601400
2016-10-02,12211900416,62970200
2016-10-03,12255299584,68109600
2016-10-04,12179399680,72313000
2016-10-05,12302399488,117932000
2016-10-06,12283400192,99422496
2016-10-07,12293699584,93862400
2016-10-08,12283100160,70327400
2016-10-09,12254100480,60462800
2016-10-10,12252000256,103053000
2016-10-11,12586999808,150811008
2016-10-12,12540000256,96716600
2016-10-13,12536800256,115371000
2016-10-14,12629600256,84664704
2016-10-15,12557500416,56227200
2016-10-16,12635100160,53294500
2016-10-17,12606600192,90492000
2016-10-18,12609000448,103429000
2016-10-19,12472299520,103211000
2016-10-20,12499300352,85992304
2016-10-21,12562400256,79210496
2016-10-22,12919600128,105068000
2016-10-23,12919799808,74894896
2016-10-24,12879599616,80596200
2016-10-25,12907400192,111378000
2016-10-26,13176000512,133498000
2016-10-27,13274600448,133657000
2016-10-28,13269199872,115425000
2016-10-29,13636700160,202835008
2016-10-30,13529499648,143032992
2016-10-31,13531100160,136611008
2016-11-01,13877499904,177471008
2016-11-02,13895300096,116588000
2016-11-03,13368299520,204376000
2016-11-04,13400299520,149410000
2016-11-05,13535099904,81851904
2016-11-06,13565599744,75786704
2016-11-07,13540400128,92466600
2016-11-08,13628699648,109224000
2016-11-09,13788600320,180544992
2016-11-10,13617500160,90154096
2016-11-11,13653000192,87568200
2016-11-12,13479400448,98961504
2016-11-13,13483200512,113041000
2016-11-14,13506599936,84635000
2016-11-15,13656200192,96958400
2016-11-16,14138399744,168440992
2016-11-17,14060199936,144096992
2016-11-18,14078999552,114212000
2016-11-19,14164400128,136331008
2016-11-20,13748599808,169832992
2016-11-21,13964000256,79691400
2016-11-22,14182400000,161599008
2016-11-23,14048900096,98969104
2016-11-24,13899499520,122265000
2016-11-25,13938100224,92303600
2016-11-26,13861699584,73180000
2016-11-27,13838799872,66146600
2016-11-28,13816399872,84888704
2016-11-29,13787700224,100032000
2016-11-30,14003399680,110979000
2016-12-01,14137499648,107865000
2016-12-02,14344200192,157180000
2016-12-03,14304600064,106328000
2016-12-04,14285899776,75086200
2016-12-05,14021900288,141262000
2016-12-06,14131000320,195032000
2016-12-07,14370299904,143047008
2016-12-08,14423199744,115035000
2016-12-09,14440099840,96136400
2016-12-10,14424899584,73740000
2016-12-11,14341300224,75947504
2016-12-12,14542399488,96444600
2016-12-13,14570600448,104055000
2016-12-14,14561200128,100918000
2016-12-15,14478999552,109523000
2016-12-16,14590300160,108737000
2016-12-17,14655599616,101595000
2016-12-18,14686000128,81681000
2016-12-19,14730999808,91423800
2016-12-20,14769200128,113209000
2016-12-21,15279099904,201178000
2016-12-22,15924400128,257684000
2016-12-23,16563399680,309764000
2016-12-24,16556099584,217260000
2016-12-25,16441499648,188234000
2016-12-26,16664000512,155467008
2016-12-27,17143400448,206684992
2016-12-28,17653200896,292793984
2016-12-29,17782900736,275652000
2016-12-30,17687500800,250644000
2016-12-31,17670899712,143360992
2017-01-01,18317699072,181119008
2017-01-02,18699599872,284174016
2017-01-03,19086000128,255810000
2017-01-04,20644200448,414916992
2017-01-05,18093799424,612446976
2017-01-06,17020999680,441231008
2017-01-07,16652399616,347372992
2017-01-08,17100199936,212076000
2017-01-09,16895399936,191751008
2017-01-10,17177900032,167480992
2017-01-11,14880000000,382307008
2017-01-12,15529100288,295675008
2017-01-13,15635800064,240491008
2017-01-14,15696900096,140514000
2017-01-15,15573399552,130214000
2017-01-16,15735000064,119852000
2017-01-17,16974499840,190286000
2017-01-18,16578400256,267346000
2017-01-19,17056799744,124000000
2017-01-20,16995300352,129808000
2017-01-21,17479499776,144996992
2017-01-22,17420599296,157334000
2017-01-23,17428699136,100907000
2017-01-24,17146000384,132845000
2017-01-25,17066600448,160076992
2017-01-26,17324199936,160086000
2017-01-27,17411198976,198810000
2017-01-28,17473900544,106957000
2017-01-29,17457500160,91951600
2017-01-30,17511299072,110435000
2017-01-31,18112399360,208128000
2017-02-01,18539999232,201191008
2017-02-02,18974099456,180002000
2017-02-03,19309899776,255619008
2017-02-04,19589699584,198799008
2017-02-05,19347200000,156592000
2017-02-06,19593099264,141899008
2017-02-07,19961300992,178559008
2017-02-08,20073799680,243128000
2017-02-09,18444300288,462550016
2017-02-10,18673600512,235547008
2017-02-11,19037399040,136379008
2017-02-12,18894999552,92385104
2017-02-13,18737700864,125856000
2017-02-14,19090800640,198099008
2017-02-15,19232700416,139538000
2017-02-16,19568500736,187264992
2017-02-17,19883900928,173330000
2017-02-18,20010000384,132169000
2017-02-19,19835500544,111158000
2017-02-20,20023199744,119547000
2017-02-21,20746000384,251228000
2017-02-22,20996999168,177056000
2017-02-23,21608099840,203616992
2017-02-24,21763799040,425256000
2017-02-25,21377300480,193904000
2017-02-26,21816600576,158526000
2017-02-27,22195499008,170871008
2017-02-28,22385100800,299235008
2017-03-01,22899499008,287484992
2017-03-02,24044099584,576084992
2017-03-03,24312299520,532863008
2017-03-04,23886999552,259911008
2017-03-05,24187899904,200576992
2017-03-06,24426799104,229296992
2017-03-07,23710099456,367136992
2017-03-08,22350299136,414348992
2017-03-09,22917500928,323744000
2017-03-10,21394200576,542892992
2017-03-11,23008700416,609499008
2017-03-12,24187099136,427420000
2017-03-13,25073100800,804852992
2017-03-14,25247500288,441208992
2017-03-15,25883299840,576115968
2017-03-16,25549500416,1191000064
2017-03-17,25326800896,1497799936
2017-03-18,21678100480,1066529984
2017-03-19,24387500032,887228992
2017-03-20,23984001024,580000000
2017-03-21,24944599040,594248000
2017-03-22,23445700608,625217024
2017-03-23,24099600384,401628992
2017-03-24,23384100864,840462976
2017-03-25,23324999680,899601984
2017-03-26,23432900608,540643008
2017-03-27,24384800768,597721024
2017-03-28,24650500096,647006016
2017-03-29,24996300800,536812000
2017-03-30,24987199488,725420992
2017-03-31,25587599360,959219968
2017-04-01,26106200064,562177024
2017-04-02,27467100160,1051459968
2017-04-03,27098300416,1170060032
2017-04-04,26967599104,1010019968
2017-04-05,27120500736,852505024
2017-04-06,27495800832,1049430016
2017-04-07,27712899072,661219968
2017-04-08,27875399680,452686016
2017-04-09,27865300992,471876992
2017-04-10,27777900544,420956992
2017-04-11,28120199168,404681984
2017-04-12,28605999104,1499360000
2017-04-13,28443899904,711505984
2017-04-14,28206399488,511028000
2017-04-15,28759699456,402803008
2017-04-16,28867600384,386351008
2017-04-17,29079099392,488281984
2017-04-18,29580500992,589678016
2017-04-19,29543000064,489812992
2017-04-20,29760100352,684758016
2017-04-21,29617299456,529656992
2017-04-22,29897099264,528491008
2017-04-23,29533399040,586304000
2017-04-24,30594799616,483145984
2017-04-25,30974599168,449680000
2017-04-26,31722399744,662627968
2017-04-27,33267300352,956630016
2017-04-28,34021799936,1134989952
2017-04-29,35507798016,1000600000
2017-04-30,36378599424,942041024
2017-05-01,37739298816,1557520000
2017-05-02,38405799936,1025110016
2017-05-03,39926300672,1168290048
2017-05-04,41758101504,1814409984
2017-05-05,44521500672,2214259968
2017-05-06,45834199040,1238080000
2017-05-07,48571199488,2065539968
2017-05-08,51404500992,3013139968
2017-05-09,52218298368,1629430016
2017-05-10,51746799616,1896700032
2017-05-11,53479198720,1530050048
2017-05-12,51864399872,1378930048
2017-05-13,54037299200,1153420032
2017-05-14,55060299776,886230976
2017-05-15,54905700352,1410130048
2017-05-16,57795801088,2012800000
2017-05-17,62427000832,2350390016
2017-05-18,63627698176,1855030016
2017-05-19,67386298368,2430929920
2017-05-20,71392198656,2281410048
2017-05-21,73103196160,2579589888
2017-05-22,78066999296,4569840128
2017-05-23,81391001600,3232320000
2017-05-24,85979701248,3667719936
2017-05-25,83722100736,6081829888
2017-05-26,75906203648,4195599872
2017-05-27,65829199872,4581989888
2017-05-28,70155501568,2971180032
2017-05-29,78369996800,2337520128
2017-05-30,78986199040,3597060096
2017-05-31,80848297984,4458169856
2017-06-01,86915399680,4105189888
2017-06-02,88948400128,3150170112
2017-06-03,90193297408,3303920128
2017-06-04,92856696832,3446739968
2017-06-05,97041899520,3010510080
2017-06-06,101658001408,4337950208
2017-06-07,99901095936,3228160000
2017-06-08,100418002944,2943460096
2017-06-09,104947998720,3287810048
2017-06-10,107246002176,5234460160
2017-06-11,112804003840,5555080192
2017-06-12,108958998528,7087960064
2017-06-13,114929000448,5055929856
2017-06-14,109994000384,4385439744
2017-06-15,102115999744,6154990080
2017-06-16,107695996928,3969129984
2017-06-17,112124002304,5158190080
2017-06-18,109972996096,4637519872
2017-06-19,112399998976,4944809984
2017-06-20,114306998272,5520940032
2017-06-21,109062995968,4745869824
2017-06-22,110019002368,3725220096
2017-06-23,114688999424,2998619904
2017-06-24,109819002880,3073900032
2017-06-25,104567996416,3458909952
2017-06-26,92971098112,5441610240
2017-06-27,98354896896,5263000064
2017-06-28,106524000256,4891149824
2017-06-29,104382996480,3870490112
2017-06-30,101798002688,2766960128
2017-07-01,94952603648,2798459904
2017-07-02,98825199616,3126419968
2017-07-03,101811003392,3946240000
2017-07-04,101144002560,3526700032
2017-07-05,101110996992,3439759872
2017-07-06,100833001472,2713449984
2017-07-07,95403499520,2798469888
2017-07-08,95020498944,3057750016
2017-07-09,94712299520,2149750016
2017-07-10,86357999616,2695079936
2017-07-11,80629399552,4968150016
2017-07-12,85808898048,4043360000
2017-07-13,83908796416,3271650048
2017-07-14,77979000832,2754510080
2017-07-15,72563998720,3111010048
2017-07-16,64653299712,3809740032
2017-07-17,76322603008,4150500096
2017-07-18,87672102912,5809959936
2017-07-19,81682800640,5171449856
2017-07-20,93271597056,5561979904
2017-07-21,90474496000,4619509760
2017-07-22,96480903168,2670269952
2017-07-23,96370098176,3345700096
2017-07-24,95666102272,2266170112
2017-07-25,86816997376,3658330112
2017-07-26,86514696192,2603040000
2017-07-27,89025200128,1672690048
2017-07-28,90748903424,3390899968
2017-07-29,89088000000,2091330048
2017-07-30,89133096960,1895910016
2017-07-31,92356198400,2010940032
2017-08-01,93528096768,3915229952
2017-08-02,98335596544,3038119936
2017-08-03,102542999552,2214629888
2017-08-04,101524996096,2560150016
2017-08-05,111206998016,4568679936
2017-08-06,113661001728,3813740032
2017-08-07,117644001280,3957479936
2017-08-08,123421999104,4820089856
2017-08-09,122355998720,5635279872
2017-08-10,123963998208,4462110208
2017-08-11,128283000832,5095199744
2017-08-12,133096996864,5247459840
2017-08-13,135135002624,6562180096
2017-08-14,139997003776,5363670016
2017-08-15,134692003840,6234869760
2017-08-16,141796999168,4896730112
2017-08-17,143703998464,5687309824
2017-08-18,139264000000,8008880128
2017-08-19,145776001024,9656120320
2017-08-20,146261999616,5877839872
2017-08-21,144504995840,8007810048
2017-08-22,147360006144,9692909568
2017-08-23,149378007040,7249319936
2017-08-24,152033001472,6052740096
2017-08-25,154414006272,4796930048
2017-08-26,156340994048,4028270080
2017-08-27,157812998144,4877770240
2017-08-28,159911002112,5536629760
2017-08-29,164988993536,6185339904
2017-08-30,166696992768,5786010112
2017-08-31,172715950080,5223248384
2017-09-01,177615634432,7823217152
2017-09-02,159518015488,8384028672
2017-09-03,162611281920,5596613632
2017-09-04,148508262400,8273272832
2017-09-05,152365416448,7675851264
2017-09-06,161073512448,6524855296
2017-09-07,162560065536,5914975744
2017-09-08,143954624512,7160956416
2017-09-09,146691538944,3950087936
2017-09-10,144815554560,4537568768
2017-09-11,145319723008,3950817024
2017-09-12,144603054080,4741077504
2017-09-13,136274984960,5265904640
2017-09-14,113597014016,6351545344
2017-09-15,126172143616,11393225728
2017-09-16,122639941632,4886663680
2017-09-17,124529049600,2906588160
2017-09-18,138188308480,4910782976
2017-09-19,136261632000,4028438272
2017-09-20,137098158080,3495012096
2017-09-21,126423523328,3439915264
2017-09-22,125243310080,2958552576
2017-09-23,130625576960,2395295744
2017-09-24,129427742720,2103193088
2017-09-25,136513806336,3172091904
2017-09-26,136769282048,2616666112
2017-09-27,144520740864,3780985856
2017-09-28,144145547264,4590675968
2017-09-29,142867791872,3406695424
2017-09-30,148022280192,2687502848
2017-10-01,147901317120,2586991616
2017-10-02,148610514944,3325071360
2017-10-03,144666214400,2714625536
2017-10-04,143061565440,2512567296
2017-10-05,146812141568,2816490240
2017-10-06,147123257344,2349598464
2017-10-07,147862536192,1989823488
2017-10-08,152045256704,2997308160
2017-10-09,151654547456,4460105728
2017-10-10,154974601216,3600673536
2017-10-11,155133968384,2641385216
2017-10-12,163901014016,4846815232
2017-10-13,171725488128,7310843392
2017-10-14,175182561280,3530616832
2017-10-15,169715122176,4115528960
2017-10-16,172636618752,5099778048
2017-10-17,170035085312,4833579008
2017-10-18,166114721792,5054892544
2017-10-19,169910026240,3766453760
2017-10-20,173587922944,4350968832
2017-10-21,174073987072,3846601984
2017-10-22,170119774208,3646102016
2017-10-23,168764440576,3997743872
2017-10-24,166727974912,5434864128
2017-10-25,167811923968,3560473088
2017-10-26,169679093760,3314824192
2017-10-27,169569271808,3395058176
2017-10-28,169026863104,3047488512
2017-10-29,178547343360,7077134848
2017-10-30,177995857920,4092131328
2017-10-31,182353035264,3998359808
2017-11-01,184701059072,5485385216
2017-11-02,192678313984,9083552768
2017-11-03,196939497472,7477249536
2017-11-04,200672296960,5793090048
2017-11-05,201471279104,4632266752
2017-11-06,196330078208,6453723648
2017-11-07,195167420416,5186547200
2017-11-08,204733956096,8365623808
2017-11-09,206765178880,7108912640
2017-11-10,194142257152,13029995520
2017-11-11,201170550784,14724817920
2017-11-12,192613171200,22191013888
2017-11-13,204257722368,16131950592
2017-11-14,209477189632,8513062912
2017-11-15,220110389248,8282884608
2017-11-16,226069790720,10908968960
2017-11-17,227257860096,11988689920
2017-11-18,233533210624,10230484992
2017-11-19,237087490048,8232334336
2017-11-20,244116914176,7254880256
2017-11-21,243161513984,9910763520
2017-11-22,246904487936,8762880000
2017-11-23,256904085504,13078412288
2017-11-24,264016019456,14378229760
2017-11-25,280861278208,11215561728
2017-11-26,292145561600,11747691520
2017-11-27,303108358144,12966552576
2017-11-28,312523915264,15160678400
2017-11-29,292552933376,22746800128
2017-11-30,293006639104,17413722112
2017-12-01,325716541440,13915886592
2017-12-02,330144776192,11133379584
2017-12-03,343555407872,12709895168
2017-12-04,347810463744,14324733952
2017-12-05,358043484160,15087752192
2017-12-06,380990291968,22853203968
2017-12-07,430161592320,29901135872
2017-12-08,430543405056,35280474112
2017-12-09,404729397248,25201461248
2017-12-10,411622637568,21471387648
2017-12-11,457723412480,23089395712
2017-12-12,493064880128,37200228352
2017-12-13,495657418752,35421302784
2017-12-14,515967057920,37193789440
2017-12-15,537796411392,34451873792
2017-12-16,572542156800,27853002752
2017-12-17,589994065920,29910052864
2017-12-18,607428542464,36039757824
2017-12-19,606989320192,42197569536
2017-12-20,616436400128,58180726784
2017-12-21,594493112320,43142606848
2017-12-22,534830284800,53273579520
2017-12-23,598873473024,35927957504
2017-12-24,516194631680,27304218624
2017-12-25,547865395200,24726472704
2017-12-26,595986874368,28714416128
2017-12-27,589047136256,28555331584
2017-12-28,558060929024,32338251776
2017-12-29,610944352256,36290072576
2017-12-30,570680803328,40556920832
2017-12-31,616687665152,32600434688
2018-01-01,616359788544,26407237632
2018-01-02,670414143488,42863710208
2018-01-03,726803480576,49954656256
2018-01-04,754830475264,67802312704
2018-01-05,776361410560,60210610176
2018-01-06,804725850112,48221249536
2018-01-07,821604515840,44576874496
2018-01-08,749069467648,49928347648
2018-01-09,742492471296,45262643200
2018-01-10,728773230592,54437597184
2018-01-11,678597558272,51014500352
2018-01-12,709840535552,37879721984
2018-01-13,740175183872,39984709632
2018-01-14,695573151744,33413332992
2018-01-15,699481784320,39612678144
2018-01-16,528055631872,47160446976
2018-01-17,517544771584,60160118784
2018-01-18,596602060800,56312131584
2018-01-19,567998742528,36448722944
2018-01-20,634402963456,35310305280
2018-01-21,546895986688,32103696384
2018-01-22,498016288768,29232795648
2018-01-23,535846092800,30646568960
2018-01-24,550892797952,28688386048
2018-01-25,558407876608,28772694016
2018-01-26,537155633152,28741744640
2018-01-27,563304529920,21155887104
2018-01-28,592675471360,25585899520
2018-01-29,569725222912,21957224448
2018-01-30,511243386880,24745134080
2018-01-31,507872083968,24986249216
2018-02-01,458975313920,28096903168
2018-02-02,409918603264,38081679360
2018-02-03,448238616576,23754201088
2018-02-04,392657076224,21108105216
2018-02-05,335502278656,25275291648
2018-02-06,364774227968,39900262400
2018-02-07,389642911744,28234815488
2018-02-08,393357590528,25728806912
2018-02-09,418195439616,24041496576
2018-02-10,406044966912,25264160768
2018-02-11,410050199552,20315777024
2018-02-12,431149645824,17963268096
2018-02-13,421880070144,17363871744
2018-02-14,452022894592,23107262464
2018-02-15,476071624704,25154013184
2018-02-16,482094481408,20393914368
2018-02-17,506202685440,21649379328
2018-02-18,493823590400,23221571584
2018-02-19,503611588608,19612628992
2018-02-20,507869757440,23679395840
2018-02-21,454683983872,24915150848
2018-02-22,438184771584,20881854464
2018-02-23,441013403648,20000030720
2018-02-24,421957632000,17999919104
2018-02-25,429672529920,15006732288
2018-02-26,451876126720,18800168960
2018-02-27,460097060864,18146830336
2018-02-28,453338660864,17769809920
2018-03-01,461773373440,18308642816
2018-03-02,456427634688,18593517568
2018-03-03,460423200768,16507780096
2018-03-04,466225364992,14978352128
2018-03-05,467780534272,18177976320
2018-03-06,439715594240,17112710144
2018-03-07,398389510144,20301967360
2018-03-08,384929923072,18442416128
2018-03-09,371930628096,20224509952
2018-03-10,363530518528,14178990080
2018-03-11,389659787264,15029761024
2018-03-12,369360896000,14682735616
2018-03-13,368922427392,14296858624
2018-03-14,331257315328,14340168704
2018-03-15,329109405696,17471289344
2018-03-16,337868193792,13281479680
2018-03-17,309982724096,11042011136
2018-03-18,302395916288,15299123200
2018-03-19,326553763840,18584748032
2018-03-20,346653917184,18073905152
2018-03-21,346909409280,16471816192
2018-03-22,330003578880,14806840320
2018-03-23,331649253376,16066223104
2018-03-24,340143702016,15776647168
2018-03-25,333695647744,12520863744
2018-03-26,301159153664,14263607296
2018-03-27,304728735744,15729337344
2018-03-28,299930222592,13713250304
2018-03-29,269165281280,15244280832
2018-03-30,260883677184,17042929664
2018-03-31,262189203456,11557539840
2018-04-01,258279751680,11464799232
2018-04-02,261015961600,10784157696
2018-04-03,280625348608,13930341376
2018-04-04,259524575232,12942636032
2018-04-05,254436442112,13898441728
2018-04-06,249497731072,10089204736
2018-04-07,263458783232,9818875904
2018-04-08,264345567232,8948369408
2018-04-09,256407191552,12036672512
2018-04-10,264324431872,10724718592
2018-04-11,269939064832,12904598528
2018-04-12,303571337216,24007053312
2018-04-13,314708983808,23279759360
2018-04-14,320361496576,15648256000
2018-04-15,333533184000,15245343744
2018-04-16,324238770176,15698803712
2018-04-17,325095161856,18460637184
2018-04-18,342154215424,18556502016
2018-04-19,355434004480,21223172096
2018-04-20,379837972480,24300326912
2018-04-21,380121907200,26147442688
2018-04-22,395180441600,21076191232
2018-04-23,399758327808,22461497344
2018-04-24,434234458112,33017653248
2018-04-25,404629389312,40455442432
2018-04-26,408038440960,28125151232
2018-04-27,408413569024,26558453760
2018-04-28,427804721152,26200387584
2018-04-29,433423286272,32362221568
2018-04-30,425304915968,29679364096
2018-05-01,419173629952,27160854528
2018-05-02,433020895232,22963382272
2018-05-03,454148980736,31952351232
2018-05-04,456580038656,27761154048
2018-05-05,461496942592,24960968704
2018-05-06,449628274688,24955914240
2018-05-07,444574007296,26143918080
2018-05-08,433593745408,23301066752
2018-05-09,433102749696,22201884672
2018-05-10,426520346624,22461468672
2018-05-11,382975410176,29866020864
2018-05-12,383141281792,25244583936
2018-05-13,410952105984,19933181952
2018-05-14,411815706624,24328036352
2018-05-15,393420963840,21281753088
2018-05-16,380234072064,21281566720
2018-05-17,374630416384,18430744576
2018-05-18,376172183552,19792355328
2018-05-19,377168756736,15623312384
2018-05-20,392750858240,16853061632
2018-05-21,382590353408,16597175296
2018-05-22,363982684160,15333763072
2018-05-23,333654687744,21378197504
2018-05-24,336943808512,20340686848
2018-05-25,330951294976,15901532160
2018-05-26,337460428800,12939339776
2018-05-27,323834052608,13194283008
2018-05-28,308879196160,15947951104
2018-05-29,328794112000,19214284800
2018-05-30,320305102848,16384482304
2018-05-31,333670973440,16240539648
2018-06-01,329300115456,15760048128
2018-06-02,343752048640,17717919744
2018-06-03,351643729920,16995843072
2018-06-04,340196491264,16691247104
2018-06-05,346067697664,16264894464
2018-06-06,343777738752,14900194304
2018-06-07,344057643008,14880126976
2018-06-08,342627909632,13872031744
2018-06-09,340620279808,12423221248
2018-06-10,296212267008,17902655488
2018-06-11,295372062720,16978279424
2018-06-12,281710362624,15215337472
2018-06-13,268777308160,16391775232
2018-06-14,290036318208,17223688192
2018-06-15,280346492928,13430294528
2018-06-16,281159335936,10794206208
2018-06-17,279901536256,9499745280
2018-06-18,288186859520,12428315648
2018-06-19,289101185024,13180938240
2018-06-20,289060192256,12870652928
2018-06-21,286352408576,11637889024
2018-06-22,250607550464,16095732736
2018-06-23,256363118592,12199263232
2018-06-24,254622629888,16959017984
2018-06-25,255761858560,18078713856
2018-06-26,248888606720,10086508544
2018-06-27,247098441728,11121678336
2018-06-28,242282938368,11034555392
2018-06-29,235691229184,11780396032
2018-06-30,254910758912,15405969408
2018-07-01,256348667904,14384870400
2018-07-02,269972652032,14651757568
2018-07-03,270620065792,14634448896
2018-07-04,274823938048,14624339968
2018-07-05,267270176768,16151845888
2018-07-06,269144260608,13754657792
2018-07-07,266641997824,11148472320
2018-07-08,276561461248,11600879616
2018-07-09,271992586240,11938806784
2018-07-10,255056904192,14281786368
2018-07-11,252985065472,12333584384
2018-07-12,244773879808,11308400640
2018-07-13,247667130368,12284264448
2018-07-14,250306330624,9482826752
2018-07-15,256810926080,10183713792
2018-07-16,269808041984,14072353792
2018-07-17,292302061568,17548511232
2018-07-18,288488849408,19895758848
2018-07-19,287661096960,16692566016
2018-07-20,276690534400,15451974656
2018-07-21,282949386240,12185686016
2018-07-22,285875666944,11047741440
2018-07-23,284279242752,15058642944
2018-07-24,298234380288,20293382144
2018-07-25,300564676608,17737060352
2018-07-26,297351675904,13851361280
2018-07-27,298644176896,17227739136
2018-07-28,295980171264,13013337088
2018-07-29,297216081920,12945312768
2018-07-30,291474049873,17599542139
2018-07-31,276303964193,14954461042
2018-08-01,268954580067,13999211555
2018-08-02,267148128862,13119805223
2018-08-03,265237830982,13567715795
2018-08-04,253055026177,12121995524
2018-08-05,257821644522,10820637166
2018-08-06,251415138139,11253322425
2018-08-07,252753425820,13662618593
2018-08-08,221968661669,16066007103
2018-08-09,231992345855,12962664320
2018-08-10,214425554390,12537638994
2018-08-11,216687261973,12958066349
2018-08-12,214808905665,14721341339
2018-08-13,205432840849,12013163618
2018-08-14,193694131074,14902015262
2018-08-15,205170359879,14220476111
2018-08-16,203977579372,12818195110
2018-08-17,217753697597,15872482175
2018-08-18,211016896289,14345566412
2018-08-19,217635568501,11289650534
2018-08-20,213109727985,10825462803
2018-08-21,210809121431,11054992771
2018-08-22,204837229803,12453538129
2018-08-23,209905001519,10911333300
2018-08-24,214589669392,11598652732
2018-08-25,216749488610,10022875587
2018-08-26,215670451884,9372486092
2018-08-27,218544535427,11180900703
2018-08-28,232191460041,14045787606
2018-08-29,229834031363,13248536748
2018-08-30,224554351659,12705620963
2018-08-31,227835065370,12961833365
2018-09-01,237385954142,13493969004
2018-09-02,237170081850,13247965716
2018-09-03,237414216001,11808607964
2018-09-04,239145840632,13165807493
2018-09-05,219276176467,16944338631
2018-09-06,204917963171,16724182654
2018-09-07,204267543412,12947887973
2018-09-08,192102831632,10876012970
2018-09-09,199383895644,11057442660
2018-09-10,195274562656,11250693819
2018-09-11,190660093913,11061726414
2018-09-12,191366193166,12374442414
2018-09-13,199994429814,13481000170
2018-09-14,203013260006,13245227949
2018-09-15,203274507640,10441640489
2018-09-16,203356536401,10187576056
2018-09-17,191780540360,12375211990
2018-09-18,197933418116,12726263245
2018-09-19,201281833166,12636966947
2018-09-20,203199848987,11382131746
2018-09-21,224145780317,25449599327
2018-09-22,224272023884,16719379818
2018-09-23,224934470158,13770480664
2018-09-24,219886317098,13348894389
2018-09-25,208401501639,15385033149
2018-09-26,216892761759,16017466766
2018-09-27,223607961141,16350906792
2018-09-28,220603117386,16817612453
2018-09-29,221977149414,14966935024
2018-09-30,220739526669,14378901427
2018-10-01,221455617955,14475629853
2018-10-02,219753461347,13289308789
2018-10-03,215456852170,13475610060
2018-10-04,218499470737,12387782944
2018-10-05,217921900232,11682848616
2018-10-06,217179141746,11543174017
2018-10-07,216991219193,11573588617
2018-10-08,221868624467,12686201221
2018-10-09,219210129931,11145943002
2018-10-10,217277584397,11995391320
2018-10-11,200571588245,15970732367
2018-10-12,202096046797,13165763266
2018-10-13,201159724423,9436625311
2018-10-14,201693733969,9163830372
2018-10-15,209964925438,22040222568
2018-10-16,211564491389,12106241397
2018-10-17,210339270839,12365202537
2018-10-18,207773110629,11342660312
2018-10-19,208466590115,10719527889
2018-10-20,209305077886,9884469229
2018-10-21,210608723950,9836928865
2018-10-22,209604107854,10872147036
2018-10-23,210159600530,10487372590
2018-10-24,210159968623,9519136068
2018-10-25,209304148610,9224915039
2018-10-26,209161239422,9565430407
2018-10-27,208408238713,8926744971
2018-10-28,209149972518,9694250928
2018-10-29,202102682456,11680538959
2018-10-30,203097382356,10380656257
2018-10-31,203445883155,11668385028
2018-11-01,205628419361,10336894185
2018-11-02,207561066205,12029446406
2018-11-03,206898086737,10679947540
2018-11-04,209821145462,14369708977
2018-11-05,212092993447,13036452560
2018-11-06,217736452357,14944888250
2018-11-07,219114984630,15841822453
2018-11-08,215576143920,13855766866
2018-11-09,212228547482,13258576777
2018-11-10,214030622787,11851514308
2018-11-11,211931939191,12121711537
2018-11-12,212410103761,13127730339
2018-11-13,210343766485,13610443849
2018-11-14,184151898260,20157373801
2018-11-15,182444892974,20746587192
2018-11-16,183029450347,15693369131
2018-11-17,183321085279,13719284803
2018-11-18,184744404591,13314636132
2018-11-19,163577863076,19682538731
2018-11-20,145370436958,24365215471
2018-11-21,146503071396,17828255234
2018-11-22,146689113894,13693020798
2018-11-23,137998312218,15092621572
2018-11-24,135361960814,12071688280
2018-11-25,127434556418,21339883946
2018-11-26,122365685408,18875831615
2018-11-27,122637882517,16384702830
2018-11-28,140569224439,20730943374
2018-11-29,135648701007,17957202256
2018-11-30,130757814032,16560134157
2018-12-01,137801824443,15612887376
2018-12-02,136733804836,14035528353
2018-12-03,125982142709,13825333997
2018-12-04,126939492120,13647200548
2018-12-05,121767134239,14303917396
2018-12-06,117082733245,16097354906
2018-12-07,107934857637,19150527642
2018-12-08,108127661793,14352031527
2018-12-09,115846786707,14483691171
2018-12-10,110614815042,13451009748
2018-12-11,108707640981,12840383704
2018-12-12,110988709469,11760470268
2018-12-13,105250020393,11327916039
2018-12-14,101773731237,11538184524
2018-12-15,102045195664,10055859110
2018-12-16,104009589332,10462979410
2018-12-17,113858290135,15261342032
2018-12-18,114555894614,16564746028
2018-12-19,122463993724,20988137538
2018-12-20,130257165058,25338976626
2018-12-21,126971133172,22903042500
2018-12-22,129844698807,16817849141
2018-12-23,134559503965,20702743884
2018-12-24,138553360217,25537930897
2018-12-25,129309756465,20439075851
2018-12-26,128646915396,17220274818
2018-12-27,121706010205,15914694778
2018-12-28,132468610875,18453519673
2018-12-29,132476568868,15902751073
2018-12-30,130450411893,15919124128
2018-12-31,125552628446,14285278788
2019-01-01,128487935046,12750212661
2019-01-02,133799915260,16590462845
2019-01-03,130996842236,14953846880
2019-01-04,130842610398,15066612605
2019-01-05,132816183872,16972923044
2019-01-06,137921996180,17830405312
2019-01-07,136345469863,16322016647
2019-01-08,136386393536,16136490479
2019-01-09,137028161782,15254986369
2019-01-10,122755939468,23056930164
2019-01-11,123582190083,16895577216
2019-01-12,122546773964,14864077734
2019-01-13,116803979714,14489292559
2019-01-14,123854555997,17147692245
2019-01-15,120287679247,16988617205
2019-01-16,121850794013,16620725253
2019-01-17,122876950422,16863794675
2019-01-18,121514625212,15738981207
2019-01-19,124676546194,16870781159
2019-01-20,119973835662,18124395753
2019-01-21,119473963725,14768198357
2019-01-22,120730404987,16595621871
2019-01-23,119253725256,15808320069
2019-01-24,120483597280,15583285359
2019-01-25,119932053575,15841142992
2019-01-26,119958895200,15194626351
2019-01-27,119481144532,16724993063
2019-01-28,112897011309,19757575197
2019-01-29,113313360335,17939999907
2019-01-30,115059745070,18032142679
2019-01-31,113892847842,17576027050
2019-02-01,114458974833,16846160478
2019-02-02,114231059978,14996535970
2019-02-03,113171122013,15809030533
2019-02-04,113953063205,15971954076
2019-02-05,113695175483,16365866992
2019-02-06,111397903272,16998657753
2019-02-07,111617124505,15259825055
2019-02-08,121217372995,23554619521
2019-02-09,121306585614,19808578240
2019-02-10,121168670163,19161014608
2019-02-11,121250618529,21217825898
2019-02-12,122047666596,20212210393
2019-02-13,120710444701,20850455714
2019-02-14,120226152784,19595100176
2019-02-15,120563849330,19731713829
2019-02-16,121527276142,18424565804
2019-02-17,121734781176,21254854734
2019-02-18,132373021883,33438154034
2019-02-19,135188936857,33764166649
2019-02-20,135563698857,29893652496
2019-02-21,133295114262,26774239174
2019-02-22,135051086586,24661854087
2019-02-23,140814669315,28708356861
2019-02-24,129772378583,38099087728
2019-02-25,131340095455,32520124678
2019-02-26,130213967798,26633538857
2019-02-27,127627392799,25851767990
2019-02-28,130225340929,28515832292
2019-03-01,131573823631,23838893632
2019-03-02,130253067857,24711121674
2019-03-03,129791907478,22295181517
2019-03-04,126189657384,28965385449
2019-03-05,131818789734,33685701536
2019-03-06,132799431175,30753446782
2019-03-07,133851862079,31669388417
2019-03-08,134106950541,31565125640
2019-03-09,134601555159,35979742051
2019-03-10,134763633246,30491781658
2019-03-11,132388834358,32420657702
2019-03-12,134357170210,31805004312
2019-03-13,134221746996,29995575407
2019-03-14,134931886560,32836616727
2019-03-15,137523691640,29599402408
2019-03-16,140365238016,32843530341
2019-03-17,140186866521,26247280863
2019-03-18,139652472928,31567587790
2019-03-19,140622339336,30075098486
2019-03-20,140872302888,32740467869
2019-03-21,139045109928,35964797419
2019-03-22,139657155160,30323877404
2019-03-23,140259036954,30365593022
2019-03-24,139780777592,29835295743
2019-03-25,136950997540,32545916368
2019-03-26,137704465189,34026621702
2019-03-27,142518745583,38125225747
2019-03-28,142718272514,31660274878
2019-03-29,143495724401,35816575982
2019-03-30,143848161055,33883385564
2019-03-31,144386473037,30493694527
2019-04-01,146022245281,33741843606
2019-04-02,165950805216,68025374307
2019-04-03,184791832952,86183015453
2019-04-04,168851590778,73678395759
2019-04-05,175895313068,56890023460
2019-04-06,175629261354,55289224245
2019-04-07,180899521669,56106983702
2019-04-08,183002599087,63120040000
2019-04-09,180749360050,51503845001
2019-04-10,182850252357,53706188808
2019-04-11,171413138149,59239881370
2019-04-12,172127019491,47270895355
2019-04-13,172425939262,37572855431
2019-04-14,173938265752,32880523534
2019-04-15,171150199230,46159199979
2019-04-16,176375634060,39399008039
2019-04-17,177798012101,40691513315
2019-04-18,180896263764,45268368769
2019-04-19,179946272933,45541417141
2019-04-20,180713184179,40537385033
2019-04-21,176626096506,45205878561
2019-04-22,180489614778,45537306841
2019-04-23,184127345875,49102571360
2019-04-24,176537003337,55941326270
2019-04-25,179031972050,44585700575
2019-04-26,169688814214,59368955599
2019-04-27,172407770908,40299845135
2019-04-28,170356882128,38255724386
2019-04-29,168203418796,42858552222
2019-04-30,172763272414,44765844501
2019-05-01,174983191750,43881588042
2019-05-02,178038073943,44154178176
2019-05-03,185683773310,58952528148
2019-05-04,184516447506,53113902830
2019-05-05,184247087543,46825295309
2019-05-06,184049528735,50600311200
2019-05-07,186624270223,56373427676
2019-05-08,186090408825,46181705110
2019-05-09,187524894111,48076410175
2019-05-10,192771216899,58924146867
2019-05-11,212211456632,82749983826
2019-05-12,213548882284,94195234295
2019-05-13,232619136607,82772637226
2019-05-14,231773739347,101185401045
2019-05-15,250052851349,94073591340
2019-05-16,246472706998,117932265771
2019-05-17,227424956380,104108827398
2019-05-18,229129409663,73173581015
2019-05-19,251806892497,82661064209
2019-05-20,249424028099,80886593814
2019-05-21,251684476687,80507464302
2019-05-22,243920865659,73204529856
2019-05-23,243694624631,76100510954
2019-05-24,252504624306,81169681768
2019-05-25,250586441166,69268406369
2019-05-26,264354161145,72939920885
2019-05-27,271272442158,97535763365
2019-05-28,273320578451,84563952380
2019-05-29,275079669066,80137844536
2019-05-30,266676860225,95795745574
2019-05-31,270299673564,91945200652
2019-06-01,272517564500,78249688510
2019-06-02,274851005919,71446083809
2019-06-03,271549095697,73661639320
2019-06-04,245302003263,86481430901
2019-06-05,247800556926,74326701289
2019-06-06,247508576201,63346577065
2019-06-07,255250551127,68399724100
2019-06-08,252911115743,57830396047
2019-06-09,246000583797,57993896340
2019-06-10,253222401409,66346448850
2019-06-11,254743303429,59055861027
2019-06-12,260883233009,65799262392
2019-06-13,265086174651,64044131332
2019-06-14,269559936648,65116732575
2019-06-15,275996141832,64687843421
2019-06-16,281066118224,76149194523
2019-06-17,287585501178,50850290082
2019-06-18,282400280143,55507961170
2019-06-19,286565509677,48323305273
2019-06-20,293807751223,57661944441
2019-06-21,304572581878,66253648017
2019-06-22,321401249497,97243228518
2019-06-23,334360547919,68316606453
2019-06-24,327463680474,69104319631
2019-06-25,336451847041,73479365288
2019-06-26,353305632705,126038656052
2019-06-27,307880228734,122602859861
2019-06-28,345708838464,106391249581
2019-06-29,347021789952,92501310171
2019-06-30,328574838710,86663218100
2019-07-01,308227040735,92131225943
2019-07-02,309541096261,93286745401
2019-07-03,324074105497,81726591986
2019-07-04,331776310114,81060449683
2019-07-05,316462391818,74584889826
2019-07-06,324248977138,66616504907
2019-07-07,329085005110,62499591704
2019-07-08,343065260370,69642166394
2019-07-09,347088106054,83588527609
2019-07-10,326296645706,96367776480
2019-07-11,307945843792,91035641272
2019-07-12,323329486093,73928701206
2019-07-13,301522864412,60389993588
2019-07-14,290037883566,72975808106
2019-07-15,290819730162,82994687679
2019-07-16,259794733817,76584592936
2019-07-17,266665170926,84469533741
2019-07-18,288151208471,81869900321
2019-07-19,285176618533,66637663982
2019-07-20,298348923097,63416270432
2019-07-21,288978311095,56798460262
2019-07-22,283040015153,53424360093
2019-07-23,277714866129,57225961470
2019-07-24,269673943284,59143769696
2019-07-25,273336460711,53886632237
2019-07-26,273058691070,47519570541
2019-07-27,262466670821,54061748878
2019-07-28,263652611711,39793017444
2019-07-29,264523346919,52994134274
2019-07-30,265190890359,45600327139
2019-07-31,275250932066,51498759785
2019-08-01,282494464872,52071018890
2019-08-02,281048574317,53430768472
2019-08-03,291206342694,48260983522
2019-08-04,291148924753,47114464399
2019-08-05,309701093424,70024458981
2019-08-06,304114724659,66222561619
2019-08-07,308527769750,63737845519
2019-08-08,302779003895,56806762974
2019-08-09,303746609894,58649895359
2019-08-10,294016499958,56322077579
2019-08-11,298928522899,49649992624
2019-08-12,296795268376,45267301773
2019-08-13,285887753435,50192352937
2019-08-14,267688538168,61974249251
2019-08-15,270280976099,71383276773
2019-08-16,269387418264,61968088336
2019-08-17,263339607592,43505360895
2019-08-18,272059383742,44340303206
2019-08-19,277789664719,49047005029
2019-08-20,277038654491,48918420695
2019-08-21,264095451441,61910588315
2019-08-22,265406519400,58428599485
2019-08-23,270866204827,52439575041
2019-08-24,263976842873,49735285113
2019-08-25,262093293355,46869509364
2019-08-26,266524876814,59359189179
2019-08-27,264295925561,48592794249
2019-08-28,251731473829,56994804391
2019-08-29,247475799739,58795767648
2019-08-30,249467503596,46696079093
2019-08-31,246935801538,39016620354
2019-09-01,249664488299,39642991448
2019-09-02,264785728918,54662564025
2019-09-03,271902565987,60938870306
2019-09-04,269068110392,52992794658
2019-09-05,266098782544,48601646523
2019-09-06,261578891005,58786229279
2019-09-07,267735836088,53388913008
2019-09-08,266781269971,49986801864
2019-09-09,263827582349,58268673776
2019-09-10,260030816148,51424086169
2019-09-11,259558534116,53377983959
2019-09-12,264661601856,48561567548
2019-09-13,262785857962,47428290180
2019-09-14,267574449671,48763279738
2019-09-15,266100115911,44923990483
2019-09-16,266517564605,52405058274
2019-09-17,271446346116,59912595002
2019-09-18,272224880941,64860801250
2019-09-19,272897973157,72572729644
2019-09-20,268841812641,55271044505
2019-09-21,266269179763,51537942835
2019-09-22,264342944535,49303605969
2019-09-23,259165984702,51112389132
2019-09-24,222865977255,84700064145
2019-09-25,223232523975,81979998700
2019-09-26,212903376021,65774719219
2019-09-27,215699016117,55859749309
2019-09-28,217910378513,49472885044
2019-09-29,213012353437,47875629903
2019-09-30,219552636102,59525950419
2019-10-01,222505585675,55492676996
2019-10-02,220210799077,45383753441
2019-10-03,217607390610,46813153671
2019-10-04,218830615112,47189461052
2019-10-05,217560726563,41590583216
2019-10-06,214574103613,46020618596
2019-10-07,222727623005,61638624674
2019-10-08,221398192137,54503799326
2019-10-09,231929774403,65518278336
2019-10-10,230914326364,61847507635
2019-10-11,224517868203,64978047765
2019-10-12,224248587044,51616797634
2019-10-13,223529428904,47445360415
2019-10-14,226469570455,52454541801
2019-10-15,221935439575,55963656605
2019-10-16,217218585666,57815730956
2019-10-17,220334976078,52046936541
2019-10-18,216948200755,55972696798
2019-10-19,217252712790,50652322854
2019-10-20,222462598393,55105884962
2019-10-21,223360059468,56079969016
2019-10-22,221617149217,57576911892
2019-10-23,205082394438,77164311647
2019-10-24,206119446667,62481360510
2019-10-25,232819837945,95282887552
2019-10-26,240575872327,140585234212
2019-10-27,252932338296,108023018131
2019-10-28,250804201968,106864743221
2019-10-29,251662260051,98722146880
2019-10-30,246063227549,93048523028
2019-10-31,245054286438,85138234567
2019-11-01,246827961851,80281152129
2019-11-02,248873998980,71923089060
2019-11-03,246466564387,69742541715
2019-11-04,252736056046,86242111529
2019-11-05,252688169542,91457024057
2019-11-06,252465104624,82797104302
2019-11-07,249200920085,79236728804
2019-11-08,240035417970,83471522867
2019-11-09,239988707698,62119988047
2019-11-10,246209885921,72716654724
2019-11-11,239496363921,70037548490
2019-11-12,241184710777,70518167812
2019-11-13,241269912769,61782897476
2019-11-14,238430056214,66471327632
2019-11-15,232203467753,74377541254
2019-11-16,233630056962,56867534011
2019-11-17,237978464243,64018683722
2019-11-18,227209327206,71507175290
2019-11-19,223892435886,70532247066
2019-11-20,220509984649,69807031575
2019-11-21,207787163250,76763690207
2019-11-22,200348247865,110573359624
2019-11-23,200767770059,75230062245
2019-11-24,194487024171,84419522519
2019-11-25,194974422974,123073771052
2019-11-26,197131185920,71296846604
2019-11-27,205215313451,80523839559
2019-11-28,206848419640,65491145182
2019-11-29,209845413665,67868040086
2019-11-30,204538555414,59167158118
2019-12-01,200201129863,62192741227
2019-12-02,198893179998,59689480398
2019-12-03,198822350258,52739052331
2019-12-04,196927075854,67837408252
2019-12-05,201014765546,62991281190
2019-12-06,202067657906,56898190006
2019-12-07,204102269703,51994165882
2019-12-08,204882084851,50877549107
2019-12-09,200595445057,57768604637
2019-12-10,197080515815,57885304740
2019-12-11,195663050044,56742356575
2019-12-12,197152508364,62512803849
2019-12-13,197566729077,58344286908
2019-12-14,194429979397,57826224796
2019-12-15,195053466217,58780362483
2019-12-16,187338219298,67476024989
2019-12-17,176694071597,75417148129
2019-12-18,191106236886,104348433887
2019-12-19,190167746066,88935148352
2019-12-20,191574912398,75749903638
2019-12-21,190797946246,63364970639
2019-12-22,196229458897,73940932439
2019-12-23,194769117741,87381395090
2019-12-24,193014184195,78005045225
2019-12-25,191603503097,68808864808
2019-12-26,192267400338,72640027833
2019-12-27,193343320412,76774573982
2019-12-28,194573688613,71828193698
2019-12-29,196967677340,74693113645
2019-12-30,194067125538,77248923304
2019-12-31,190391526964,69680663741
2020-01-01,192598864971,61199900232
2020-01-02,185594345569,66191623578
2020-01-03,195243371558,86860396617
2020-01-04,196924293563,65159825904
2020-01-05,199689240498,66659892028
2020-01-06,205501265704,78967246411
2020-01-07,215021628266,91685590836
2020-01-08,210989332232,97568290711
2020-01-09,207914116218,76953392062
2020-01-10,214783114080,92517490059
2020-01-11,217738345296,87659292259
2020-01-12,217913397646,83253163979
2020-01-13,217595963027,76556846163
2020-01-14,240583206753,152735226789
2020-01-15,242163092824,149336426338
2020-01-16,238805964175,122409182054
2020-01-17,244700882408,135804240264
2020-01-18,244458961252,127522893923
2020-01-19,237098621134,121589888335
2020-01-20,239136113086,99984503052
2020-01-21,241501890852,90736179616
2020-01-22,239966617904,84659498067
2020-01-23,231141570547,92423323767
2020-01-24,233761593715,94616284015
2020-01-25,231213028680,75678380643
2020-01-26,236999261843,82271838783
2020-01-27,246757553568,105775511614
2020-01-28,249876160356,117959626448
2020-01-29,257418668715,119854833051
2020-01-30,262684522700,122697127954
2020-01-31,256812542289,114234861619
2020-02-01,258956048372,101231766141
2020-02-02,262716090024,114085633630
2020-02-03,259844394973,114410980383
2020-02-04,257708873704,106690316779
2020-02-05,271714678371,129019227584
2020-02-06,275885984134,139199988841
2020-02-07,276773034697,129659617844
2020-02-08,281690677567,131098577530
2020-02-09,287980357204,131591992104
2020-02-10,283146364049,144893302276
2020-02-11,293399503719,136620000929
2020-02-12,304854548022,162776427035
2020-02-13,300048132727,189027871590
2020-02-14,307204161705,162113106333
2020-02-15,292156280554,169772475813
2020-02-16,282374421818,167903285888
2020-02-17,281365030540,181692300391
2020-02-18,297001891663,172709270704
2020-02-19,293341800613,151903787953
2020-02-20,276694274507,181218998069
2020-02-21,281420281751,145286984521
2020-02-22,280868257177,128238458867
2020-02-23,287090871103,137915102677
2020-02-24,277524742113,154819490843
2020-02-25,267193147079,154170797029
2020-02-26,250494056012,189122719156
2020-02-27,253886034291,171255698304
2020-02-28,246459044069,160381429716
2020-02-29,247498247002,130924497916
2020-03-01,241997059088,128824082668
2020-03-02,254920209638,174764466392
2020-03-03,250150540503,174208993132
2020-03-04,249943554281,142852359606
2020-03-05,260898391366,136771669959
2020-03-06,261990386874,141664411607
2020-03-07,256742694497,133403962800
2020-03-08,238028300576,145919945073
2020-03-09,225687045353,176008965784
2020-03-10,226845534865,141478157515
2020-03-11,222230373058,129700137376
2020-03-12,161169324687,187404320143
2020-03-13,156932524278,263296172726
2020-03-14,153176219469,127514698997
2020-03-15,154812881610,106653962044
2020-03-16,140766512780,159519276198
2020-03-17,151126393027,122351894737
2020-03-18,150935173517,118480782526
2020-03-19,175341603410,161577414547
2020-03-20,168173408125,176416737268
2020-03-21,178542772865,144012417903
2020-03-22,167138569172,128941500599
2020-03-23,183414568288,149804460424
2020-03-24,186549019887,150537632256
2020-03-25,183095704246,136792791168
2020-03-26,186065695532,109753284903
2020-03-27,186953365197,114308946880
2020-03-28,176215273349,120982886438
2020-03-29,168004344911,95572461717
2020-03-30,180294725866,117971617270
2020-03-31,181358555230,109206460671
2020-04-01,178992148758,111376675086
2020-04-02,189089671741,157430109011
2020-04-03,188794565139,126972562499
2020-04-04,192436667839,107215091605
2020-04-05,190004275537,98493896243
2020-04-06,203797288670,155038366258
2020-04-07,203395560003,159213210577
2020-04-08,209446726995,139297150323
2020-04-09,208005180360,124531370283
2020-04-10,196851479546,148146890788
2020-04-11,193835737375,109180965200
2020-04-12,201709783117,120634452641
2020-04-13,194776814344,136460887239
2020-04-14,195506712021,119900052419
2020-04-15,192714759669,109681384712
2020-04-16,202428070938,164691289554
2020-04-17,203870494747,123197393275
2020-04-18,209095011586,125691116627
2020-04-19,208354988692,128581694306
2020-04-20,199253185489,145642342222
2020-04-21,198820427542,119227150688
2020-04-22,205603735962,121502436650
2020-04-23,213897301956,148652185036
2020-04-24,217190593748,128442747183
2020-04-25,217959765698,125558794076
2020-04-26,219940295153,123987026542
2020-04-27,221791453834,135888131416
2020-04-28,224024508878,126242701775
2020-04-29,249648174499,204047667730
2020-04-30,246969509136,232483942280
2020-05-01,246805987795,155308652882
2020-05-02,250044243738,137344180383
2020-05-03,247571740497,157740682559
2020-05-04,248966158670,162838182699
2020-05-05,248736551968,145223648092
2020-05-06,256449983004,155874663909
2020-05-07,266193685428,190283549457
2020-05-08,270558700652,174603185071
2020-05-09,263862193177,159266356057
2020-05-10,238559440905,207049594545
2020-05-11,237853049216,181717072742
2020-05-12,241815188779,138231902784
2020-05-13,252578122170,141245192299
2020-05-14,262940721075,176756055093
2020-05-15,260012831814,175747473490
2020-05-16,258654039180,175747473490
2020-05-17,267095221991,175747473490
2020-05-18,268292080337,175747473490
2020-05-19,267769806732,124464509824
2020-05-20,263373517359,120507844887
2020-05-21,250685848502,126825856832
