date,market_cap_other,market_volume_other
2013-04-30,96648000,0
2013-05-01,90361400,0
2013-05-02,79980000,0
2013-05-03,57967800,0
2013-05-04,74862704,0
2013-05-05,78874096,0
2013-05-06,81092304,0
2013-05-07,70462096,0
2013-05-08,78317904,0
2013-05-09,77019800,0
2013-05-10,80261504,0
2013-05-11,75701600,0
2013-05-12,72896600,0
2013-05-13,74300800,0
2013-05-14,69518496,0
2013-05-15,65789400,0
2013-05-16,63246100,0
2013-05-17,66867400,0
2013-05-18,71743000,0
2013-05-19,74968600,0
2013-05-20,72043696,0
2013-05-21,70733200,0
2013-05-22,71447200,0
2013-05-23,71023200,0
2013-05-24,70939000,0
2013-05-25,69307904,0
2013-05-26,72537600,0
2013-05-27,71968200,0
2013-05-28,69197104,0
2013-05-29,68770200,0
2013-05-30,67022900,0
2013-05-31,62254300,0
2013-06-01,64162100,0
2013-06-02,60366300,0
2013-06-03,59589300,0
2013-06-04,61467700,0
2013-06-05,64413500,0
2013-06-06,62520500,0
2013-06-07,58977300,0
2013-06-08,56355200,0
2013-06-09,48251900,0
2013-06-10,55861600,0
2013-06-11,50666200,0
2013-06-12,54027200,0
2013-06-13,53766700,0
2013-06-14,50799100,0
2013-06-15,49372900,0
2013-06-16,46407500,0
2013-06-17,49122400,0
2013-06-18,51272500,0
2013-06-19,53052900,0
2013-06-20,53814300,0
2013-06-21,52367600,0
2013-06-22,67317200,0
2013-06-23,68870896,0
2013-06-24,62124400,0
2013-06-25,63150500,0
2013-06-26,63655100,0
2013-06-27,63955600,0
2013-06-28,63066600,0
2013-06-29,62817600,0
2013-06-30,63040900,0
2013-07-01,69160200,0
2013-07-02,63791900,0
2013-07-03,64785000,0
2013-07-04,60295700,0
2013-07-05,58501200,0
2013-07-06,56705600,0
2013-07-07,56017100,0
2013-07-08,59686700,0
2013-07-09,58092500,0
2013-07-10,59310600,0
2013-07-11,62376500,0
2013-07-12,64945800,0
2013-07-13,63548900,0
2013-07-14,64988600,0
2013-07-15,68402400,0
2013-07-16,71025200,0
2013-07-17,72583000,0
2013-07-18,65057600,0
2013-07-19,67703000,0
2013-07-20,69950000,0
2013-07-21,67061900,0
2013-07-22,68335400,0
2013-07-23,69422800,0
2013-07-24,70004496,0
2013-07-25,71695800,0
2013-07-26,69580200,0
2013-07-27,69436800,0
2013-07-28,69730600,0
2013-07-29,72915696,0
2013-07-30,71358800,0
2013-07-31,73042304,0
2013-08-01,72206800,0
2013-08-02,71710200,0
2013-08-03,72271696,0
2013-08-04,74335504,0
2013-08-05,116768000,0
2013-08-06,111359000,0
2013-08-07,105808000,0
2013-08-08,104114000,0
2013-08-09,103532000,0
2013-08-10,102764000,0
2013-08-11,102682000,0
2013-08-12,103417000,0
2013-08-13,103323000,0
2013-08-14,103595000,0
2013-08-15,99046896,0
2013-08-16,96384096,0
2013-08-17,108095000,0
2013-08-18,121286000,0
2013-08-19,117569000,0
2013-08-20,122378000,0
2013-08-21,118418000,0
2013-08-22,118167000,0
2013-08-23,111972000,0
2013-08-24,113756000,0
2013-08-25,115466000,0
2013-08-26,118411000,0
2013-08-27,120181000,0
2013-08-28,115818000,0
2013-08-29,114575000,0
2013-08-30,111332000,0
2013-08-31,117228000,0
2013-09-01,113470000,0
2013-09-02,114071000,0
2013-09-03,111656000,0
2013-09-04,116792000,0
2013-09-05,117809000,0
2013-09-06,117494000,0
2013-09-07,120307000,0
2013-09-08,121027000,0
2013-09-09,118644000,0
2013-09-10,119063000,0
2013-09-11,118623000,0
2013-09-12,119383000,0
2013-09-13,123245000,0
2013-09-14,120539000,0
2013-09-15,122148000,0
2013-09-16,124509000,0
2013-09-17,140534000,0
2013-09-18,148994000,0
2013-09-19,155231008,0
2013-09-20,152280000,0
2013-09-21,145835008,0
2013-09-22,148788992,0
2013-09-23,148916992,0
2013-09-24,147460000,0
2013-09-25,149630000,0
2013-09-26,156236992,0
2013-09-27,177963008,0
2013-09-28,177186000,0
2013-09-29,178035008,0
2013-09-30,147868000,0
2013-10-01,166502000,0
2013-10-02,144264000,0
2013-10-03,124288000,0
2013-10-04,142428992,0
2013-10-05,140888992,0
2013-10-06,148022000,0
2013-10-07,140384992,0
2013-10-08,140283008,0
2013-10-09,137512992,0
2013-10-10,143892000,0
2013-10-11,137220000,0
2013-10-12,136950000,0
2013-10-13,138908992,0
2013-10-14,135962000,0
2013-10-15,127178000,0
2013-10-16,119379000,0
2013-10-17,120840000,0
2013-10-18,122193000,0
2013-10-19,117178000,0
2013-10-20,119094000,0
2013-10-21,111777000,0
2013-10-22,107833000,0
2013-10-23,112394000,0
2013-10-24,126608000,0
2013-10-25,131653000,0
2013-10-26,118372000,0
2013-10-27,121661000,0
2013-10-28,118210000,0
2013-10-29,115661000,0
2013-10-30,116639000,0
2013-10-31,117446000,0
2013-11-01,122159000,0
2013-11-02,126568000,0
2013-11-03,141207008,0
2013-11-04,146380000,0
2013-11-05,144880000,0
2013-11-06,154130000,0
2013-11-07,188996000,0
2013-11-08,213942000,0
2013-11-09,209996992,0
2013-11-10,180768992,0
2013-11-11,186727008,0
2013-11-12,194294000,0
2013-11-13,214859008,0
2013-11-14,211028992,0
2013-11-15,208548000,0
2013-11-16,215156000,0
2013-11-17,215879008,0
2013-11-18,239567008,0
2013-11-19,297704992,0
2013-11-20,224098000,0
2013-11-21,322499008,0
2013-11-22,370931008,0
2013-11-23,414060992,0
2013-11-24,404836000,0
2013-11-25,477496000,0
2013-11-26,695414976,0
2013-11-27,903918016,0
2013-11-28,1753740032,0
2013-11-29,1577580032,0
2013-11-30,1736940032,0
2013-12-01,1725469952,0
2013-12-02,1587239936,0
2013-12-03,1683740032,0
2013-12-04,1876339968,0
2013-12-05,1615219968,0
2013-12-06,1677400064,0
2013-12-07,1247849984,0
2013-12-08,1106130048,0
2013-12-09,1418050048,0
2013-12-10,1518279936,0
2013-12-11,1384920064,0
2013-12-12,1379920000,0
2013-12-13,1428540032,0
2013-12-14,1342290048,0
2013-12-15,1250919936,0
2013-12-16,1244969984,0
2013-12-17,958323968,0
2013-12-18,627958016,0
2013-12-19,870828992,0
2013-12-20,936116992,0
2013-12-21,831300992,0
2013-12-22,870123008,0
2013-12-23,844320000,0
2013-12-24,866414016,0
2013-12-25,1044240000,0
2013-12-26,1177799936,0
2013-12-27,1288550016,8738590
2013-12-28,1287049984,24835200
2013-12-29,1230840064,11576000
2013-12-30,1301049984,20002200
2013-12-31,1284130048,15136600
2014-01-01,1328339968,14122400
2014-01-02,1360749952,22728400
2014-01-03,1431730048,70774704
2014-01-04,1373629952,28978000
2014-01-05,1416269952,26085300
2014-01-06,1540809984,82743904
2014-01-07,1456530048,38809200
2014-01-08,1238189952,94377800
2014-01-09,1229069952,24911300
2014-01-10,1230429952,21614200
2014-01-11,1365920000,30043500
2014-01-12,1251879936,24541900
2014-01-13,1225890048,24449400
2014-01-14,1190070016,19818700
2014-01-15,1266940032,15932200
2014-01-16,1241490048,9507280
2014-01-17,1186819968,14172000
2014-01-18,1209139968,12812500
2014-01-19,1234710016,12266000
2014-01-20,1331020032,19766100
2014-01-21,1352800000,28075300
2014-01-22,1259430016,21794900
2014-01-23,1252790016,17629600
2014-01-24,1124370048,39014600
2014-01-25,1217309952,17763200
2014-01-26,1288630016,25444800
2014-01-27,1279779968,22686400
2014-01-28,1191510016,34389300
2014-01-29,1201190016,14652000
2014-01-30,1151549952,11411900
2014-01-31,1215100032,13118500
2014-02-01,1272130048,10986100
2014-02-02,1271699968,12010100
2014-02-03,1229149952,9131250
2014-02-04,1212210048,11686200
2014-02-05,1216310016,14340500
2014-02-06,1152760064,16311100
2014-02-07,1035529984,21364100
2014-02-08,1050259968,14783500
2014-02-09,1035190016,10897300
2014-02-10,945185024,29921600
2014-02-11,1087779968,31647300
2014-02-12,1017809984,30178500
2014-02-13,1009430016,8470100
2014-02-14,940235008,45370800
2014-02-15,984089024,30157400
2014-02-16,995315008,15102200
2014-02-17,1010860032,18276900
2014-02-18,2281669888,15753100
2014-02-19,979907008,12322500
2014-02-20,947252992,22582000
2014-02-21,908152000,21612200
2014-02-22,881353024,9487680
2014-02-23,970628992,20709000
2014-02-24,922272000,16728700
2014-02-25,780596992,35298600
2014-02-26,873356032,22518100
2014-02-27,910236032,13392100
2014-02-28,1079750016,9697050
2014-03-01,1031920000,12529500
2014-03-02,1017209984,7749520
2014-03-03,1308329984,20833900
2014-03-04,1863160064,53852500
2014-03-05,1443779968,36835300
2014-03-06,1220320000,14997800
2014-03-07,1128440064,12284000
2014-03-08,1085389952,11788500
2014-03-09,1242439936,9609320
2014-03-10,1206429952,12018900
2014-03-11,1189570048,9344720
2014-03-12,1185020032,16439600
2014-03-13,1173560064,14399400
2014-03-14,1131219968,7293730
2014-03-15,1117619968,6242220
2014-03-16,1121330048,9596220
2014-03-17,983977984,11068400
2014-03-18,1013609984,12945800
2014-03-19,1067449984,55545400
2014-03-20,1009550016,20877900
2014-03-21,979507968,26339100
2014-03-22,981108992,14836100
2014-03-23,1029660032,8055680
2014-03-24,999724992,10854600
2014-03-25,980809024,11143500
2014-03-26,925641984,11157000
2014-03-27,869353024,18713600
2014-03-28,745472000,39907300
2014-03-29,727072000,9475930
2014-03-30,702225024,10479800
2014-03-31,691705024,15348100
2014-04-01,716873984,10416400
2014-04-02,720516992,8701120
2014-04-03,595190976,24787200
2014-04-04,621814016,9946690
2014-04-05,618345024,7630080
2014-04-06,626537024,6941820
2014-04-07,636726016,5118460
2014-04-08,614222976,7480810
2014-04-09,603286976,4741980
2014-04-10,536280000,10169600
2014-04-11,563152000,26008200
2014-04-12,576752000,14163700
2014-04-13,540665024,7935680
2014-04-14,603232000,19177200
2014-04-15,673606976,31608000
2014-04-16,714995968,36435500
2014-04-17,689630976,26512500
2014-04-18,672705984,16633800
2014-04-19,724734016,15199500
2014-04-20,725974016,13197700
2014-04-21,716507008,12308000
2014-04-22,703307008,8857150
2014-04-23,693961024,8448380
2014-04-24,695998976,8020290
2014-04-25,573052992,22667100
2014-04-26,577358976,11138300
2014-04-27,583603008,6594850
2014-04-28,552046016,8821120
2014-04-29,583971008,7799810
2014-04-30,601264000,13599400
2014-05-01,605846016,9309470
2014-05-02,579158016,6906890
2014-05-03,576945984,6013480
2014-05-04,560915968,4517110
2014-05-05,565539008,3984970
2014-05-06,572374976,7204160
2014-05-07,588350016,5855100
2014-05-08,594595008,9388380
2014-05-09,605371008,6375990
2014-05-10,611849984,9417630
2014-05-11,599651008,6117160
2014-05-12,590483968,7124540
2014-05-13,589420992,6564300
2014-05-14,603164032,5999450
2014-05-15,612595008,7655170
2014-05-16,615809024,10358200
2014-05-17,616748032,5993350
2014-05-18,608088000,4182070
2014-05-19,599987968,6592530
2014-05-20,606211008,7045970
2014-05-21,640467008,11955000
2014-05-22,640227008,13365100
2014-05-23,680356992,24700600
2014-05-24,650606016,21691200
2014-05-25,697420992,15304100
2014-05-26,693296000,15395700
2014-05-27,673329984,17930800
2014-05-28,671246976,17464700
2014-05-29,647187008,16000700
2014-05-30,672611008,17709500
2014-05-31,675062016,16970000
2014-06-01,684102016,16082000
2014-06-02,691422016,19893100
2014-06-03,706860992,15529200
2014-06-04,686699008,13737500
2014-06-05,717566016,12466500
2014-06-06,705008000,12212700
2014-06-07,695267968,8558380
2014-06-08,691873984,9070300
2014-06-09,679444992,10622700
2014-06-10,701868032,8809180
2014-06-11,705880000,9804400
2014-06-12,695384000,7169770
2014-06-13,677265984,10860500
2014-06-14,661313024,5828470
2014-06-15,635168000,6639280
2014-06-16,668427008,7024120
2014-06-17,652244992,6414630
2014-06-18,668232000,10762300
2014-06-19,660008000,8604190
2014-06-20,666566016,14483600
2014-06-21,643449024,10441500
2014-06-22,661929024,5998610
2014-06-23,639580992,7635610
2014-06-24,638353024,5600490
2014-06-25,609577984,8083640
2014-06-26,605505024,6573010
2014-06-27,618001984,7077810
2014-06-28,615532992,7168720
2014-06-29,602569984,7287440
2014-06-30,608481984,7472510
2014-07-01,608497984,11049400
2014-07-02,565401984,16033100
2014-07-03,576472000,11223700
2014-07-04,566836992,5889140
2014-07-05,542897984,10127100
2014-07-06,527047008,6639100
2014-07-07,528736000,7623260
2014-07-08,534249984,9256100
2014-07-09,549366016,6128820
2014-07-10,533078016,8303810
2014-07-11,546830016,6746420
2014-07-12,558246016,5268000
2014-07-13,583145984,13093800
2014-07-14,569048000,6987840
2014-07-15,566622016,5641490
2014-07-16,559881984,6560250
2014-07-17,565825984,6076380
2014-07-18,596329984,6943910
2014-07-19,590161984,6563670
2014-07-20,580585024,4573440
2014-07-21,606083008,4143800
2014-07-22,601174976,4633110
2014-07-23,598158976,4423950
2014-07-24,577913024,4572280
2014-07-25,562339008,7665990
2014-07-26,553131008,5200190
2014-07-27,553318976,4239750
2014-07-28,535292992,4860140
2014-07-29,542080000,4436590
2014-07-30,533908992,4875790
2014-07-31,528036000,5688210
2014-08-01,552393024,7451610
2014-08-02,553318016,4717400
2014-08-03,547910976,2916550
2014-08-04,537788032,4522350
2014-08-05,532049984,3931450
2014-08-06,521655008,3647980
2014-08-07,515087008,5233130
2014-08-08,520151008,5950230
2014-08-09,515700992,5491330
2014-08-10,508500000,3791530
2014-08-11,494756992,4900850
2014-08-12,440014016,12982200
2014-08-13,415657984,8745640
2014-08-14,416612000,8927010
2014-08-15,406296992,5830100
2014-08-16,403464000,3838850
2014-08-17,387308000,3570690
2014-08-18,332108000,9991600
2014-08-19,350902016,8766220
2014-08-20,399784000,12439000
2014-08-21,454647008,18179200
2014-08-22,448102016,13652600
2014-08-23,430968000,7422440
2014-08-24,452912992,9024400
2014-08-25,458411008,9890710
2014-08-26,592412032,14531400
2014-08-27,587651968,11193400
2014-08-28,569908992,8935820
2014-08-29,541260032,6864310
2014-08-30,554494976,6245460
2014-08-31,543963008,7990830
2014-09-01,535428000,6849760
2014-09-02,515612992,5489470
2014-09-03,527543008,4679690
2014-09-04,546353024,6589220
2014-09-05,556212992,6156520
2014-09-06,566521984,5463940
2014-09-07,572016000,6321370
2014-09-08,558113984,6201910
2014-09-09,572905024,7372220
2014-09-10,588611968,7510030
2014-09-11,592702016,9115360
2014-09-12,596572032,5765420
2014-09-13,607822016,7194090
2014-09-14,607376000,8221810
2014-09-15,614705024,13651600
2014-09-16,613129984,9636500
2014-09-17,621633984,8705840
2014-09-18,624849984,13906500
2014-09-19,557411968,13066300
2014-09-20,580406976,8216740
2014-09-21,554712000,11168600
2014-09-22,562536000,5727370
2014-09-23,567324032,4950960
2014-09-24,583548992,11928300
2014-09-25,575291008,7027250
2014-09-26,573081024,9087250
2014-09-27,585769984,8383150
2014-09-28,576889024,4595540
2014-09-29,559540992,6349500
2014-09-30,565140992,4144470
2014-10-01,576368000,5088450
2014-10-02,568292992,4696360
2014-10-03,561372032,3981000
2014-10-04,533196992,5252120
2014-10-05,504280992,10884600
2014-10-06,524511008,12901200
2014-10-07,518619008,16373700
2014-10-08,531476000,9154600
2014-10-09,556174016,11223700
2014-10-10,539484992,11936300
2014-10-11,543398976,7583300
2014-10-12,526604000,4190860
2014-10-13,540435968,6081720
2014-10-14,564457024,10741900
2014-10-15,550244992,9728240
2014-10-16,539809984,6501690
2014-10-17,537851008,7423680
2014-10-18,545816000,5492060
2014-10-19,541526016,4197640
2014-10-20,531847008,5049660
2014-10-21,540417984,4947850
2014-10-22,537145024,5142080
2014-10-23,523404992,5452900
2014-10-24,516576992,6529590
2014-10-25,498548992,4767940
2014-10-26,493705984,4072650
2014-10-27,505776992,4312860
2014-10-28,508736992,4286390
2014-10-29,496139008,4160680
2014-10-30,479103008,5239360
2014-10-31,478379008,5135750
2014-11-01,455319008,4269510
2014-11-02,453665984,43738400
2014-11-03,463612000,3390060
2014-11-04,461955008,3644920
2014-11-05,478316992,4892530
2014-11-06,481111008,4638580
2014-11-07,479790016,5012330
2014-11-08,482847008,3682620
2014-11-09,491627008,2914910
2014-11-10,505540992,5466810
2014-11-11,501951008,6164260
2014-11-12,515296992,5636290
2014-11-13,547246976,19360900
2014-11-14,520900992,13676500
2014-11-15,519689984,6598850
2014-11-16,517032992,5266020
2014-11-17,533684992,4987040
2014-11-18,507291008,7156100
2014-11-19,522119008,5415490
2014-11-20,519750016,5474680
2014-11-21,528208992,6457570
2014-11-22,566441984,5448030
2014-11-23,602793984,4474400
2014-11-24,625329984,5634440
2014-11-25,675705984,8446840
2014-11-26,670232000,6889740
2014-11-27,766220032,9643580
2014-11-28,802790976,6983640
2014-11-29,833891968,7051760
2014-11-30,778291968,4837470
2014-12-01,718500992,6319810
2014-12-02,786889024,6542310
2014-12-03,775185024,5021580
2014-12-04,786281024,4882800
2014-12-05,792974976,6397010
2014-12-06,807361984,4000050
2014-12-07,839955968,4554380
2014-12-08,794105024,5692730
2014-12-09,814449024,7107570
2014-12-10,839952000,5527400
2014-12-11,867491008,5114410
2014-12-12,867428992,5388690
2014-12-13,892118976,5312870
2014-12-14,891166016,3279830
2014-12-15,899811968,4725550
2014-12-16,1040000000,10367000
2014-12-17,1150969984,15559700
2014-12-18,1233810048,11288200
2014-12-19,1165069952,14312500
2014-12-20,1144009984,11275400
2014-12-21,1203890048,7662330
2014-12-22,1280000000,7518660
2014-12-23,1279960064,7824980
2014-12-24,1198989952,7367240
2014-12-25,1200669952,6145200
2014-12-26,1242140032,5499070
2014-12-27,1227440000,5629640
2014-12-28,1205709952,5975880
2014-12-29,1260269952,5336230
2014-12-30,1231020032,5385610
2014-12-31,1233639936,5571520
2015-01-01,1197449984,4647620
2015-01-02,1180400000,3647980
2015-01-03,1095660032,7519340
2015-01-04,981318016,12310200
2015-01-05,937532992,14109100
2015-01-06,977400000,11774900
2015-01-07,981604992,6350830
2015-01-08,989502976,7344920
2015-01-09,981275008,7457650
2015-01-10,951358976,6813940
2015-01-11,911897984,6154330
2015-01-12,899454016,4030600
2015-01-13,790908032,9198910
2015-01-14,692323008,11882800
2015-01-15,765078016,10075500
2015-01-16,795328000,9520840
2015-01-17,750822016,4900300
2015-01-18,749419008,3870580
2015-01-19,750659008,4189350
2015-01-20,750204032,3192470
2015-01-21,767099008,3210500
2015-01-22,793593984,5319920
2015-01-23,789238016,3714480
2015-01-24,792204032,2840360
2015-01-25,807395008,13267900
2015-01-26,859689024,14908400
2015-01-27,771348992,10888800
2015-01-28,776099008,6484820
2015-01-29,716512000,7071060
2015-01-30,724315008,5819710
2015-01-31,720446976,3331550
2015-02-01,691569024,4447310
2015-02-02,693254976,4952880
2015-02-03,672598976,6004500
2015-02-04,665980032,4834340
2015-02-05,674539008,5554210
2015-02-06,715233024,7056260
2015-02-07,747982976,3460900
2015-02-08,719793984,2308210
2015-02-09,696748032,3134810
2015-02-10,684417024,5388290
2015-02-11,686043008,3891060
2015-02-12,695902976,3477530
2015-02-13,724913984,4014850
2015-02-14,737920000,5159120
2015-02-15,722433984,5608070
2015-02-16,691804032,4865300
2015-02-17,699884032,2564730
2015-02-18,703734016,2934810
2015-02-19,694164992,2438580
2015-02-20,691113024,2964130
2015-02-21,680963008,2410220
2015-02-22,677305024,1996750
2015-02-23,666417024,2831650
2015-02-24,684459008,2922750
2015-02-25,685849984,2664560
2015-02-26,689238976,2610240
2015-02-27,698097024,3862270
2015-02-28,692657024,2818020
2015-03-01,674286016,2504490
2015-03-02,655382976,4742320
2015-03-03,629448000,5970930
2015-03-04,591841024,7456070
2015-03-05,624902976,5795600
2015-03-06,624716992,4469120
2015-03-07,614251008,2979300
2015-03-08,595633024,3344880
2015-03-09,612859008,4336820
2015-03-10,606067008,7693960
2015-03-11,603721984,5086140
2015-03-12,604446976,3667410
2015-03-13,610456000,3966870
2015-03-14,620281024,3610670
2015-03-15,623654976,2661960
2015-03-16,625689984,3058610
2015-03-17,621521984,3228290
2015-03-18,598116992,4396590
2015-03-19,593561984,6716680
2015-03-20,588673024,4825240
2015-03-21,587718016,2869950
2015-03-22,583313984,2401110
2015-03-23,587075008,2982740
2015-03-24,578688000,3378930
2015-03-25,556214976,5428380
2015-03-26,538880000,4115350
2015-03-27,532015008,3106630
2015-03-28,534694016,2134960
2015-03-29,528168000,2250220
2015-03-30,518144992,2915560
2015-03-31,506304992,3391630
2015-04-01,486016992,3847810
2015-04-02,494436000,2461590
2015-04-03,525041984,3232640
2015-04-04,537278976,2194270
2015-04-05,527638016,1763500
2015-04-06,528492992,2563310
2015-04-07,535374016,3126380
2015-04-08,532713984,3225130
2015-04-09,524460992,3168030
2015-04-10,502243008,3381740
2015-04-11,491187008,3428090
2015-04-12,487063008,2239970
2015-04-13,492164000,1664730
2015-04-14,472244992,3944980
2015-04-15,462384000,2728110
2015-04-16,470604000,2533550
2015-04-17,472635008,2491260
2015-04-18,468289984,1917790
2015-04-19,468924992,1671770
2015-04-20,467190016,2432940
2015-04-21,463904992,2383050
2015-04-22,476543008,3023590
2015-04-23,479894016,2495410
2015-04-24,476848992,2590380
2015-04-25,472614016,2039420
2015-04-26,456540992,2003750
2015-04-27,448552000,2325060
2015-04-28,452172000,3245200
2015-04-29,450432992,2477420
2015-04-30,467711008,3398910
2015-05-01,467256000,3227250
2015-05-02,466583008,1918720
2015-05-03,473601984,2053020
2015-05-04,470152992,2490920
2015-05-05,460607008,2767920
2015-05-06,459633984,2050060
2015-05-07,449228992,3208570
2015-05-08,447612000,3473570
2015-05-09,450185984,2577280
2015-05-10,451329984,2004130
2015-05-11,445496000,2080400
2015-05-12,450439008,2942990
2015-05-13,447857984,2518510
2015-05-14,432361984,4097640
2015-05-15,435337984,1976370
2015-05-16,432044000,1688930
2015-05-17,428884992,1284980
2015-05-18,420744992,2034810
2015-05-19,422919008,3890770
2015-05-20,448015008,2813630
2015-05-21,446958016,6998480
2015-05-22,458648992,7831210
2015-05-23,488748000,11944800
2015-05-24,480000000,7626860
2015-05-25,496888992,8486660
2015-05-26,484284000,8111470
2015-05-27,493247008,9117170
2015-05-28,517027008,11134600
2015-05-29,582691968,10821900
2015-05-30,547108992,9453490
2015-05-31,530800000,7029220
2015-06-01,510320000,7257070
2015-06-02,494551008,7488000
2015-06-03,521633984,7684360
2015-06-04,515934016,5844330
2015-06-05,518011008,6098470
2015-06-06,526635008,5890740
2015-06-07,523950016,5425480
2015-06-08,520588992,5771360
2015-06-09,526696000,6285810
2015-06-10,526710016,6371390
2015-06-11,525959008,5758240
2015-06-12,523988992,5712210
2015-06-13,528264000,6918850
2015-06-14,546121024,8908920
2015-06-15,554067968,7035080
2015-06-16,600025024,10848600
2015-06-17,675161984,25658900
2015-06-18,676449984,18534900
2015-06-19,704854976,14839300
2015-06-20,698404992,9375810
2015-06-21,704172992,22331800
2015-06-22,684115008,21281000
2015-06-23,687721984,7563370
2015-06-24,689843968,7441300
2015-06-25,686433984,11195100
2015-06-26,695702976,6959990
2015-06-27,713598016,6518350
2015-06-28,711409984,10388500
2015-06-29,742833024,7644950
2015-06-30,781004992,28805100
2015-07-01,748574976,16464000
2015-07-02,757414016,11632600
2015-07-03,750038976,8541400
2015-07-04,747260992,7959550
2015-07-05,724179008,9059030
2015-07-06,768209984,24327800
2015-07-07,761272000,30132900
2015-07-08,783942976,17889200
2015-07-09,847875968,50825500
2015-07-10,782838976,71832000
2015-07-11,713968000,42073100
2015-07-12,758694016,31509900
2015-07-13,713974976,21151600
2015-07-14,720747008,13101500
2015-07-15,726467968,10549600
2015-07-16,659804992,20015100
2015-07-17,635955008,17814400
2015-07-18,659260032,11182700
2015-07-19,650483008,9162060
2015-07-20,650393024,7907500
2015-07-21,644366976,7423880
2015-07-22,639036992,6573110
2015-07-23,634707008,4876880
2015-07-24,664046016,8595480
2015-07-25,687852992,20596300
2015-07-26,694838976,10541900
2015-07-27,704921984,9183150
2015-07-28,730665984,12003400
2015-07-29,706652992,11378100
2015-07-30,704291968,8903130
2015-07-31,704264000,7324300
2015-08-01,670912000,6990180
2015-08-02,665254016,9002220
2015-08-03,679763008,7473690
2015-08-04,677459008,5447680
2015-08-05,679456000,6095530
2015-08-06,657041024,5248680
2015-08-07,659462016,16179900
2015-08-08,745742976,26837300
2015-08-09,699998016,26547000
2015-08-10,704195008,5018340
2015-08-11,702289024,4961420
2015-08-12,723960000,7888360
2015-08-13,717099008,6544210
2015-08-14,774156032,10039500
2015-08-15,752713984,7984090
2015-08-16,718707968,8508930
2015-08-17,723702016,6313490
2015-08-18,717867008,5454740
2015-08-19,672148992,11429100
2015-08-20,687785984,7893190
2015-08-21,703006976,7382440
2015-08-22,686652992,5770740
2015-08-23,671728000,5845230
2015-08-24,650625024,8282930
2015-08-25,598102976,14970300
2015-08-26,623940992,12242700
2015-08-27,633971968,5769900
2015-08-28,624732992,7058710
2015-08-29,629388992,5424420
2015-08-30,658734976,5346670
2015-08-31,659753984,6661180
2015-09-01,653564032,5087880
2015-09-02,649913984,5671390
2015-09-03,635347968,4214280
2015-09-04,620947008,4035910
2015-09-05,644102976,2964160
2015-09-06,672878976,8966250
2015-09-07,670627008,6736980
2015-09-08,667534016,6004080
2015-09-09,649916032,6038520
2015-09-10,649883008,5190510
2015-09-11,635430016,5901050
2015-09-12,658696000,4217840
2015-09-13,636771968,4365430
2015-09-14,642588992,4321330
2015-09-15,622523008,5197400
2015-09-16,608553024,4970100
2015-09-17,603548992,5017860
2015-09-18,620777984,6049760
2015-09-19,614012032,4016440
2015-09-20,621193984,4068530
2015-09-21,617937984,5336580
2015-09-22,609110016,5367970
2015-09-23,600627968,4434940
2015-09-24,586988032,4782780
2015-09-25,585731968,5184660
2015-09-26,576886976,2424990
2015-09-27,572640000,1978780
2015-09-28,576438016,5495700
2015-09-29,555712000,7868210
2015-09-30,535913984,6053950
2015-10-01,536132992,3868440
2015-10-02,538438016,2990910
2015-10-03,555692032,2429710
2015-10-04,533905984,2602540
2015-10-05,521200000,2328780
2015-10-06,523727008,2701190
2015-10-07,542003008,3806400
2015-10-08,528403008,4442020
2015-10-09,520120992,4410960
2015-10-10,524016992,4228940
2015-10-11,524478016,2967480
2015-10-12,533665984,4086320
2015-10-13,540641984,4511030
2015-10-14,527606016,4909890
2015-10-15,522708000,6070570
2015-10-16,524167008,4310100
2015-10-17,519936000,5496200
2015-10-18,507983008,3814090
2015-10-19,500971008,4152850
2015-10-20,497856000,3784650
2015-10-21,483596992,4429970
2015-10-22,491473984,4110520
2015-10-23,499001984,4709990
2015-10-24,491103008,3555380
2015-10-25,503147008,3738620
2015-10-26,497084000,4850400
2015-10-27,513328992,5095450
2015-10-28,525564000,5388140
2015-10-29,546579968,7541240
2015-10-30,597772032,27280700
2015-10-31,593892992,10553900
2015-11-01,588648000,7783510
2015-11-02,617132992,7344920
2015-11-03,631646016,15906800
2015-11-04,688465984,34136300
2015-11-05,575672000,31578400
2015-11-06,552777024,14132200
2015-11-07,566460992,9697630
2015-11-08,563524992,5989900
2015-11-09,559363008,8954830
2015-11-10,542971008,8010640
2015-11-11,500580992,9782110
2015-11-12,522475008,7765190
2015-11-13,512577984,5799650
2015-11-14,516243008,3681440
2015-11-15,513164000,2934650
2015-11-16,498580000,4141060
2015-11-17,517775008,4932370
2015-11-18,516902016,4057840
2015-11-19,515451008,5226070
2015-11-20,506175008,4805320
2015-11-21,510848992,3598680
2015-11-22,507049984,2987320
2015-11-23,506729984,3054870
2015-11-24,503252992,4006550
2015-11-25,506888992,4068540
2015-11-26,537508992,11686800
2015-11-27,527241984,8614450
2015-11-28,524206016,4587720
2015-11-29,533822016,3815980
2015-11-30,536476992,7073680
2015-12-01,517108992,5899380
2015-12-02,507732992,6588440
2015-12-03,517288992,4822610
2015-12-04,528470016,3965750
2015-12-05,568096000,4899540
2015-12-06,570174016,6679450
2015-12-07,587081024,6713590
2015-12-08,601969984,7303660
2015-12-09,692288000,12214200
2015-12-10,703182976,11627600
2015-12-11,689662976,9844810
2015-12-12,696416000,13628200
2015-12-13,710371968,6701120
2015-12-14,712441984,7678660
2015-12-15,657406016,12704100
2015-12-16,651132992,8994320
2015-12-17,645566016,5325040
2015-12-18,640435008,6023450
2015-12-19,632796032,3800960
2015-12-20,630203008,3974670
2015-12-21,619089024,8494650
2015-12-22,610057984,5484610
2015-12-23,613760000,5334440
2015-12-24,637203008,5819370
2015-12-25,621568000,5244950
2015-12-26,608713984,6058800
2015-12-27,605950976,5448910
2015-12-28,619798016,4212830
2015-12-29,611918016,4208850
2015-12-30,620555008,4785770
2015-12-31,616520000,5270800
2016-01-01,619470016,3934670
2016-01-02,621251008,5069370
2016-01-03,621579008,4095600
2016-01-04,619948992,6519190
2016-01-05,618044032,4133930
2016-01-06,612492032,3849400
2016-01-07,622712000,7520270
2016-01-08,620961024,7590950
2016-01-09,629158016,11776400
2016-01-10,620217024,5559000
2016-01-11,628585984,6696570
2016-01-12,647062976,22729400
2016-01-13,636881984,19250200
2016-01-14,641086976,11366900
2016-01-15,639113024,11936500
2016-01-16,601089024,16781000
2016-01-17,599148992,9016020
2016-01-18,630732032,9283170
2016-01-19,621166976,9783220
2016-01-20,621152000,8097680
2016-01-21,656713984,18336300
2016-01-22,664070976,23240500
2016-01-23,668796032,20796100
2016-01-24,708979968,21336000
2016-01-25,725641984,27655900
2016-01-26,777660032,44735800
2016-01-27,823448000,51211500
2016-01-28,820584000,38091400
2016-01-29,826332032,23229800
2016-01-30,818814016,18457000
2016-01-31,785308992,16075400
2016-02-01,778332032,25558200
2016-02-02,771539008,13424300
2016-02-03,832691008,11382500
2016-02-04,815267008,11376300
2016-02-05,834014016,11411300
2016-02-06,846195968,12866100
2016-02-07,890777024,8562470
2016-02-08,910300992,15138000
2016-02-09,932646016,19999100
2016-02-10,1007510016,30531000
2016-02-11,1039870016,26465700
2016-02-12,1134989952,49619500
2016-02-13,1092610048,27029300
2016-02-14,1114860032,28581800
2016-02-15,1173440000,20822700
2016-02-16,1128690048,21579700
2016-02-17,1032169984,30059600
2016-02-18,1056259968,31904700
2016-02-19,1080199936,19511200
2016-02-20,1102919936,16385300
2016-02-21,1089810048,18327000
2016-02-22,1133510016,21770300
2016-02-23,1173580032,23494600
2016-02-24,1164790016,16984100
2016-02-25,1245760000,24020800
2016-02-26,1207680000,26331100
2016-02-27,1219600000,16193200
2016-02-28,1240720000,19735700
2016-02-29,1225629952,20236000
2016-03-01,1241779968,14264600
2016-03-02,1353270016,35293600
2016-03-03,1495190016,41328700
2016-03-04,1454150016,50312300
2016-03-05,1616760064,49425500
2016-03-06,1652400000,66800200
2016-03-07,1511960064,57133900
2016-03-08,1522290048,45247700
2016-03-09,1585670016,39556800
2016-03-10,1709570048,46911700
2016-03-11,1717689984,48368400
2016-03-12,1870240000,58120000
2016-03-13,1952310016,47284100
2016-03-14,1878300032,68933800
2016-03-15,1828320000,50231600
2016-03-16,1867500032,37564600
2016-03-17,1700829952,43559900
2016-03-18,1510530048,57546000
2016-03-19,1620649984,56690800
2016-03-20,1601920000,24017600
2016-03-21,1662040064,29776900
2016-03-22,1747129984,33475200
2016-03-23,1744780032,28752400
2016-03-24,1694989952,37511200
2016-03-25,1704770048,26248000
2016-03-26,1677740032,18573800
2016-03-27,1684610048,16411400
2016-03-28,1687289984,37435300
2016-03-29,1721910016,29836600
2016-03-30,1750599936,28032700
2016-03-31,1736060032,24730600
2016-04-01,1730620032,26012100
2016-04-02,1717250048,17594800
2016-04-03,1746809984,13473900
2016-04-04,1718840064,12855700
2016-04-05,1676400000,21042300
2016-04-06,1664640000,30398500
2016-04-07,1623239936,16937500
2016-04-08,1553080064,25525100
2016-04-09,1542749952,17629100
2016-04-10,1395229952,34715000
2016-04-11,1384199936,45526600
2016-04-12,1365430016,22426200
2016-04-13,1332729984,39593000
2016-04-14,1387650048,35233400
2016-04-15,1414800000,17838900
2016-04-16,1393660032,16188100
2016-04-17,1497580032,25254400
2016-04-18,1494720000,25781200
2016-04-19,1509699968,21321900
2016-04-20,1492770048,22608200
2016-04-21,1497479936,19890500
2016-04-22,1435449984,21132500
2016-04-23,1415570048,17331500
2016-04-24,1442000000,20958500
2016-04-25,1437010048,19531500
2016-04-26,1377959936,36889200
2016-04-27,1405890048,28610700
2016-04-28,1345350016,33235900
2016-04-29,1375369984,17002000
2016-04-30,1431280000,19295800
2016-05-01,1460099968,43365000
2016-05-02,1549379968,39987400
2016-05-03,1531580032,31615800
2016-05-04,1542669952,28206900
2016-05-05,1512739968,22036100
2016-05-06,1559840000,25164400
2016-05-07,1533619968,30238400
2016-05-08,1524829952,17961900
2016-05-09,1554230016,16868300
2016-05-10,1524989952,27518800
2016-05-11,1546560000,18522600
2016-05-12,1591149952,24037700
2016-05-13,1640189952,37718100
2016-05-14,1588989952,34122900
2016-05-15,1582130048,16089200
2016-05-16,1596930048,12305700
2016-05-17,1714200064,49326700
2016-05-18,1840880000,70450000
2016-05-19,1910909952,58322200
2016-05-20,1981030016,65166400
2016-05-21,1869890048,49884300
2016-05-22,1911389952,22272500
2016-05-23,1916419968,26689200
2016-05-24,1828530048,34479100
2016-05-25,1763500032,44825300
2016-05-26,1801980032,42950200
2016-05-27,1700669952,85423800
2016-05-28,1775139968,67293200
2016-05-29,1839920000,56999800
2016-05-30,1991810048,41722600
2016-05-31,2047190016,29948600
2016-06-01,2086300032,68675400
2016-06-02,2130370048,28441900
2016-06-03,2126460032,25803400
2016-06-04,2133980032,40609500
2016-06-05,2154490112,21446100
2016-06-06,2156879872,25962600
2016-06-07,2162990080,22394400
2016-06-08,2209430016,42984400
2016-06-09,2219820032,23965100
2016-06-10,2205210112,23028700
2016-06-11,2167180032,24947900
2016-06-12,2244630016,42469000
2016-06-13,2481469952,64244800
2016-06-14,2680209920,95309600
2016-06-15,2662820096,69331696
2016-06-16,2899869952,51718600
2016-06-17,2632640000,187518000
2016-06-18,2186149888,163906000
2016-06-19,2151280128,179726000
2016-06-20,2049560064,85604600
2016-06-21,2113389952,83830096
2016-06-22,2238710016,158000992
2016-06-23,2073040000,89831904
2016-06-24,2205590016,67859800
2016-06-25,2262599936,38162000
2016-06-26,2251190016,33505100
2016-06-27,2230279936,33014100
2016-06-28,2272600064,40252600
2016-06-29,2105840000,88326000
2016-06-30,2161570048,49337500
2016-07-01,2158530048,39398500
2016-07-02,2148920064,35466900
2016-07-03,2144819968,29829600
2016-07-04,2179140096,27563700
2016-07-05,1998759936,52996300
2016-07-06,2052950016,54411100
2016-07-07,1951840000,31943400
2016-07-08,1980920064,28405400
2016-07-09,2044880000,43536200
2016-07-10,2091320064,24838200
2016-07-11,2044269952,24668300
2016-07-12,2150230016,28458900
2016-07-13,2263079936,32733300
2016-07-14,2426289920,32395700
2016-07-15,2514010112,51006500
2016-07-16,2460839936,25244400
2016-07-17,2443460096,24527900
2016-07-18,2412790016,31373400
2016-07-19,2409210112,28278600
2016-07-20,2585570048,48687900
2016-07-21,2551089920,67133400
2016-07-22,2659770112,57518400
2016-07-23,2788720128,87090200
2016-07-24,2496369920,59408900
2016-07-25,2511300096,86840800
2016-07-26,2488009984,85499800
2016-07-27,2484580096,229343008
2016-07-28,2478000128,92127400
2016-07-29,2437100032,67303400
2016-07-30,2456110080,35451700
2016-07-31,2429819904,41152700
2016-08-01,2360219904,83687696
2016-08-02,2293730048,155208992
2016-08-03,2175559936,243139008
2016-08-04,2289370112,121022000
2016-08-05,2299699968,81126800
2016-08-06,2311559936,45275600
2016-08-07,2334449920,53025000
2016-08-08,2334840064,56082900
2016-08-09,2370020096,54881000
2016-08-10,2420750080,73124304
2016-08-11,2329210112,67705800
2016-08-12,2363470080,44361500
2016-08-13,2351699968,35561400
2016-08-14,2341799936,26106600
2016-08-15,2308379904,33029800
2016-08-16,2285210112,30111600
2016-08-17,2305870080,24672400
2016-08-18,2316460032,25410000
2016-08-19,2299610112,27643600
2016-08-20,2318789888,27304700
2016-08-21,2312819968,19267700
2016-08-22,2307739904,19323300
2016-08-23,2281469952,57267100
2016-08-24,2280000000,51785900
2016-08-25,2258729984,38087500
2016-08-26,2264699904,36688500
2016-08-27,2241440000,20200600
2016-08-28,2249469952,52210200
2016-08-29,2292049920,91914400
2016-08-30,2298830080,62599100
2016-08-31,2312199936,49246000
2016-09-01,2388720128,65360800
2016-09-02,2389959936,49159500
2016-09-03,2423640064,90948304
2016-09-04,2378070016,83853800
2016-09-05,2434180096,56344800
2016-09-06,2404000000,53324000
2016-09-07,2409299968,51353300
2016-09-08,2383640064,49148200
2016-09-09,2394639872,48139200
2016-09-10,2416829952,31890200
2016-09-11,2442919936,33039900
2016-09-12,2394070016,47139500
2016-09-13,2422429952,36750100
2016-09-14,2417339904,41537800
2016-09-15,2436689920,27914800
2016-09-16,2459599872,51195100
2016-09-17,2496290048,44124700
2016-09-18,2507409920,27374000
2016-09-19,2490099968,39703200
2016-09-20,2571980032,51052100
2016-09-21,2543020032,59127100
2016-09-22,2485710080,43891200
2016-09-23,2521090048,41469200
2016-09-24,2505319936,28150500
2016-09-25,2532679936,19838100
2016-09-26,2538469888,27977400
2016-09-27,2531079936,29856900
2016-09-28,2550660096,28501600
2016-09-29,2541349888,28435000
2016-09-30,2557590016,31102200
2016-10-01,2531879936,34070600
2016-10-02,2492869888,26605200
2016-10-03,2503099904,20263300
2016-10-04,2513479936,23542100
2016-10-05,2581220096,40110800
2016-10-06,2513090048,50094700
2016-10-07,2480819968,33291400
2016-10-08,2440809984,29274400
2016-10-09,2454640128,20479600
2016-10-10,2409809920,32833500
2016-10-11,2428090112,42121700
2016-10-12,2427660032,39243400
2016-10-13,2402490112,29099400
2016-10-14,2436130048,25906600
2016-10-15,2398650112,19101600
2016-10-16,2403450112,17110500
2016-10-17,2383569920,24813100
2016-10-18,2476699904,33344100
2016-10-19,2473370112,34311600
2016-10-20,2449280000,33384700
2016-10-21,2440359936,25788600
2016-10-22,2447680000,22398700
2016-10-23,2462579968,26848200
2016-10-24,2464069888,17658600
2016-10-25,2405230080,26551600
2016-10-26,2420890112,35922500
2016-10-27,2365459968,39646100
2016-10-28,2345679872,31668500
2016-10-29,2232999936,46892200
2016-10-30,2180239872,62255000
2016-10-31,2317680128,39415200
2016-11-01,2221440000,45140200
2016-11-02,2252890112,42369000
2016-11-03,2255899904,33345100
2016-11-04,2247859968,45633800
2016-11-05,2299930112,26768600
2016-11-06,2301479936,19707800
2016-11-07,2270650112,24870600
2016-11-08,2287620096,30177600
2016-11-09,2244659968,49466500
2016-11-10,2256069888,23639100
2016-11-11,2231800064,22622900
2016-11-12,2249690112,29947400
2016-11-13,2225449984,35368900
2016-11-14,2220169984,24050800
2016-11-15,2216339968,22979800
2016-11-16,2235820032,23244800
2016-11-17,2198109952,42867100
2016-11-18,2148229888,25973600
2016-11-19,2140749952,27735700
2016-11-20,2132889984,12879900
2016-11-21,2119820032,24029700
2016-11-22,2183020032,25587000
2016-11-23,2157110016,26013600
2016-11-24,2123660032,24532900
2016-11-25,2094169984,37523700
2016-11-26,2073270016,20485300
2016-11-27,2087980032,14993600
2016-11-28,2057580032,21476900
2016-11-29,1978259968,28738400
2016-11-30,2003609984,26018300
2016-12-01,2011000064,31712700
2016-12-02,1970710016,28317800
2016-12-03,1937929984,37656100
2016-12-04,1938230016,20006700
2016-12-05,1866390016,32176900
2016-12-06,1771440000,55770400
2016-12-07,1950460032,53795800
2016-12-08,2040659968,43843700
2016-12-09,2031539968,28069200
2016-12-10,2014669952,21485700
2016-12-11,1987079936,20305300
2016-12-12,2007810048,19560700
2016-12-13,2017849984,23677100
2016-12-14,2023949952,21889600
2016-12-15,2011779968,31990100
2016-12-16,2001709952,25052400
2016-12-17,1965190016,21952100
2016-12-18,1991660032,20855700
2016-12-19,1999160064,21261800
2016-12-20,2011420032,26582700
2016-12-21,2011440000,30777000
2016-12-22,2005479936,57751500
2016-12-23,2030009984,47116400
2016-12-24,2050540032,65832200
2016-12-25,2042070016,49255700
2016-12-26,2057449984,37201900
2016-12-27,2061549952,29628500
2016-12-28,2088320000,57426800
2016-12-29,2208549888,77930496
2016-12-30,2221769984,66479500
2016-12-31,2225969920,45374700
2017-01-01,2270380032,36703200
2017-01-02,2277560064,50506800
2017-01-03,2366249984,69437400
2017-01-04,2672450048,99771296
2017-01-05,2672430080,118262000
2017-01-06,2364369920,96162200
2017-01-07,2375610112,72484304
2017-01-08,2411020032,55607400
2017-01-09,2452059904,53352600
2017-01-10,2481730048,50462400
2017-01-11,2323180032,56907200
2017-01-12,2234419968,88407800
2017-01-13,2319490048,60213800
2017-01-14,2348480000,57429600
2017-01-15,2375800064,47534900
2017-01-16,2350550016,42976000
2017-01-17,2416310016,49523800
2017-01-18,2492780032,40752300
2017-01-19,2471249920,31626600
2017-01-20,2515429888,34249800
2017-01-21,2552290048,36159000
2017-01-22,2579259904,30283000
2017-01-23,2570099968,41797200
2017-01-24,2532790016,30918200
2017-01-25,2511369984,24370300
2017-01-26,2563089920,28966800
2017-01-27,2567500032,62992900
2017-01-28,2579010048,44544000
2017-01-29,2602040064,30896700
2017-01-30,2613519872,30078300
2017-01-31,2644410112,50962100
2017-02-01,2690870016,52055600
2017-02-02,2703630080,42904800
2017-02-03,2714259968,49456700
2017-02-04,2854980096,43762600
2017-02-05,2793829888,38032000
2017-02-06,2824130048,32744800
2017-02-07,2869029888,36117800
2017-02-08,2861479936,42673200
2017-02-09,2844369920,34271900
2017-02-10,2680160000,76033104
2017-02-11,2743280128,33206400
2017-02-12,2753240064,23290100
2017-02-13,2726180096,27460300
2017-02-14,2812189952,43993900
2017-02-15,2917870080,61254700
2017-02-16,2928940032,41899900
2017-02-17,3402959872,59184500
2017-02-18,2890230016,36998200
2017-02-19,2897809920,34847600
2017-02-20,2892999936,36237200
2017-02-21,2842220032,48242800
2017-02-22,2847350016,52156600
2017-02-23,2895610112,36334100
2017-02-24,2895429888,68140600
2017-02-25,2928969984,51360200
2017-02-26,2969319936,44555300
2017-02-27,3047820032,47829500
2017-02-28,3155310080,81265200
2017-03-01,3257289984,99189696
2017-03-02,3580750080,151663008
2017-03-03,3819919872,231347008
2017-03-04,3759689984,138271008
2017-03-05,3630050048,70244400
2017-03-06,3789240064,63995100
2017-03-07,3670749952,83517104
2017-03-08,3637570048,96794000
2017-03-09,3514729984,84758200
2017-03-10,3622299904,77849800
2017-03-11,3845179904,202920992
2017-03-12,4273200128,195628992
2017-03-13,5004409856,275184992
2017-03-14,5145589760,344465984
2017-03-15,5261879808,192220000
2017-03-16,6511000064,608681024
2017-03-17,7047690240,771828992
2017-03-18,6631830016,450105984
2017-03-19,6362769920,498243008
2017-03-20,7116859904,329889984
2017-03-21,6985970176,242662000
2017-03-22,6718269952,269276992
2017-03-23,6887880192,199803008
2017-03-24,7490429952,293640000
2017-03-25,7518539776,477920000
2017-03-26,7775609856,236008000
2017-03-27,7812789760,236052992
2017-03-28,7579360256,308652000
2017-03-29,7956709888,269412000
2017-03-30,8168249856,289175008
2017-03-31,8440909824,477884992
2017-04-01,8369169920,360280992
2017-04-02,9178989568,285136992
2017-04-03,9126509568,817939008
2017-04-04,8414989824,548156992
2017-04-05,8935069696,379584000
2017-04-06,8507570176,540929024
2017-04-07,8369760256,424414016
2017-04-08,8765179904,283272000
2017-04-09,8575770112,190386000
2017-04-10,8494260224,243078000
2017-04-11,8579899904,205804992
2017-04-12,8728630272,246975008
2017-04-13,9320380416,850793984
2017-04-14,9277599744,285108992
2017-04-15,9427319808,242655008
2017-04-16,9554759680,194786000
2017-04-17,9594000384,210388992
2017-04-18,9760870400,275008992
2017-04-19,9935599616,286143008
2017-04-20,9642689536,286192000
2017-04-21,9654110208,280044000
2017-04-22,9850760192,249066000
2017-04-23,9861529600,353939008
2017-04-24,10077800448,326782016
2017-04-25,10378800128,221011008
2017-04-26,10675399680,239946000
2017-04-27,11373800448,471963008
2017-04-28,12240499712,642644992
2017-04-29,13513600000,492897984
2017-04-30,14014699520,426473984
2017-05-01,15473300480,703507008
2017-05-02,14421799936,810224000
2017-05-03,15190500352,429372992
2017-05-04,17257099264,854249024
2017-05-05,20499499008,1270040064
2017-05-06,19742900224,865329984
2017-05-07,21963999232,917964992
2017-05-08,25009700864,1573379968
2017-05-09,22876700672,1492899968
2017-05-10,23765100544,973321984
2017-05-11,23636600832,878273984
2017-05-12,24941899776,696817984
2017-05-13,25161601024,667353024
2017-05-14,25521100800,416692000
2017-05-15,26618300416,568699008
2017-05-16,28746999808,1030160000
2017-05-17,31212699648,1236089984
2017-05-18,32694200320,1043910016
2017-05-19,34744500224,1183869952
2017-05-20,36804898816,1317100032
2017-05-21,39074902016,1200770048
2017-05-22,42510098432,2440509952
2017-05-23,42616299520,2028979968
2017-05-24,50011500544,2150180096
2017-05-25,45504200704,2358060032
2017-05-26,44753199104,2745540096
2017-05-27,33339799552,3056760064
2017-05-28,38141800448,2172499968
2017-05-29,37729001472,1332620032
2017-05-30,42278400000,2334459904
2017-05-31,43678900224,2682030080
2017-06-01,47809601536,2448300032
2017-06-02,48676601856,2108600064
2017-06-03,48664600576,1791680000
2017-06-04,51005898752,1923069952
2017-06-05,52760498176,1776290048
2017-06-06,54718500864,2055900032
2017-06-07,55260299264,1949600000
2017-06-08,55048298496,1784950016
2017-06-09,56314101760,1514850048
2017-06-10,58972200960,2683470080
2017-06-11,63206498304,3838980096
2017-06-12,65256800256,4033580032
2017-06-13,65760501760,4138309888
2017-06-14,71105699840,2339140096
2017-06-15,59739500544,3690690048
2017-06-16,65201700864,3347290112
2017-06-17,67612700672,2976669952
2017-06-18,69272297472,4034729984
2017-06-19,69518802944,2942220032
2017-06-20,72546197504,3669149952
2017-06-21,67809599488,3277710080
2017-06-22,66870697984,3261100032
2017-06-23,69232599040,2164260096
2017-06-24,69594603520,1823469952
2017-06-25,66851901440,2508160000
2017-06-26,58807799808,3083399936
2017-06-27,53177401344,3716379904
2017-06-28,60029198336,3916930048
2017-06-29,61516599296,3415180032
2017-06-30,61692502016,2281920000
2017-07-01,57813401600,2024790016
2017-07-02,55557099520,1982099968
2017-07-03,58193199104,2893989888
2017-07-04,60409499648,2492659968
2017-07-05,57863401472,2633489920
2017-07-06,58702000128,2187569920
2017-07-07,55371599872,1652790016
2017-07-08,51476799488,2301530112
2017-07-09,53472899072,1918099968
2017-07-10,50197299200,1264760064
2017-07-11,43771899904,3422010112
2017-07-12,42551898112,2817440000
2017-07-13,47041699840,3073560064
2017-07-14,44156698624,1621890048
2017-07-15,39378001920,2081159936
2017-07-16,31342399488,2153840128
2017-07-17,36438200320,3079109888
2017-07-18,42953302016,2962099968
2017-07-19,47466098688,4769370112
2017-07-20,46995300352,3593179904
2017-07-21,49050701824,3560399872
2017-07-22,49386000384,1627910016
2017-07-23,48605097984,2062099968
2017-07-24,50276798464,1372009984
2017-07-25,45293400064,1924770048
2017-07-26,45880299520,1989799936
2017-07-27,45935702016,1127559936
2017-07-28,43999498240,1258109952
2017-07-29,41737900032,1236440064
2017-07-30,44774100992,1347139968
2017-07-31,43245899776,857644032
2017-08-01,44896100352,2200649984
2017-08-02,58934001664,2136749952
2017-08-03,56668901376,1684889984
2017-08-04,54554701824,1592249984
2017-08-05,56666800128,2157440000
2017-08-06,58775601152,2824410112
2017-08-07,61749399552,2406170112
2017-08-08,64758898688,2595760128
2017-08-09,66147201024,4421570048
2017-08-10,67478900736,2858889984
2017-08-11,69097897984,3130299904
2017-08-12,70589603840,3126259968
2017-08-13,67694399488,3208219904
2017-08-14,69618802688,3125540096
2017-08-15,66691497984,2880890112
2017-08-16,68443201536,2693890048
2017-08-17,71047397376,2659950080
2017-08-18,73511600128,4492669952
2017-08-19,78220500992,7289650176
2017-08-20,77420896256,4796380160
2017-08-21,78200102912,4491469824
2017-08-22,77869301760,5928249856
2017-08-23,83750002688,5394860032
2017-08-24,83365396480,4310139904
2017-08-25,82478997504,3783579904
2017-08-26,83767402496,2167379968
2017-08-27,84360101888,2900349952
2017-08-28,86552600576,3647450112
2017-08-29,89147899904,3547330048
2017-08-30,89110298624,4109210112
2017-08-31,93364903936,2962480128
2017-09-01,96033079296,4111805440
2017-09-02,91689836544,6590273536
2017-09-03,86382682112,4102788864
2017-09-04,74471972864,4150232576
2017-09-05,77766221824,5589894144
2017-09-06,84877828096,4413044736
2017-09-07,86855467008,4039014656
2017-09-08,87274389504,3330681344
2017-09-09,78185447424,4826221056
2017-09-10,73079758848,2519688448
2017-09-11,75620827136,2476716288
2017-09-12,79744761856,2603227904
2017-09-13,68283949056,2969340672
2017-09-14,63502372864,2964222464
2017-09-15,52171042816,4820067840
2017-09-16,63334187008,5413963776
2017-09-17,61650386944,1709752064
2017-09-18,70118236160,2745910016
2017-09-19,71176945664,2551708672
2017-09-20,69883568128,2387665152
2017-09-21,69471150080,1665634816
2017-09-22,62851571712,2156347136
2017-09-23,68442337280,1564219264
2017-09-24,67416576000,1348413312
2017-09-25,69019508736,1412023168
2017-09-26,72085225472,1844981888
2017-09-27,73769091072,1839017728
2017-09-28,74101841920,2838078720
2017-09-29,73669500928,2344432640
2017-09-30,75129954304,1453188736
2017-10-01,74812850176,1491881344
2017-10-02,75926118400,1733876224
2017-10-03,73130295296,1530687232
2017-10-04,73416474624,1241186304
2017-10-05,73510854656,1727468672
2017-10-06,75577229312,1424610560
2017-10-07,75080744960,1291818240
2017-10-08,76752273408,1176987520
2017-10-09,74974027776,2082027520
2017-10-10,73299001344,2532245760
2017-10-11,74611580928,1610920960
2017-10-12,75300757504,1623891584
2017-10-13,77913866240,3496938240
2017-10-14,79871049728,2382793728
2017-10-15,76469059584,2251276544
2017-10-16,80651272192,2495403776
2017-10-17,78158544896,3165360128
2017-10-18,73576062976,2854824448
2017-10-19,74600308736,2144082560
2017-10-20,74413948928,1794356096
2017-10-21,71622205440,1860446848
2017-10-22,71744249856,1699337728
2017-10-23,69794201600,1467308928
2017-10-24,75287142400,2714825216
2017-10-25,72251465728,1748511104
2017-10-26,73792790528,1398289408
2017-10-27,73342058496,1645112576
2017-10-28,72616738816,1597620480
2017-10-29,75588280320,3504634112
2017-10-30,76373671936,3061343744
2017-10-31,76393627648,1574554880
2017-11-01,74506436608,2664950016
2017-11-02,73162268672,4101685504
2017-11-03,77701513216,4321311744
2017-11-04,76906389504,3540382720
2017-11-05,75568488448,1937370368
2017-11-06,77346299904,3238560000
2017-11-07,78562902016,2792336384
2017-11-08,79636570112,2935156224
2017-11-09,84653826048,4798201344
2017-11-10,87579148288,5660578816
2017-11-11,89363529728,8235800576
2017-11-12,94686003200,17091905536
2017-11-13,92678864896,9234565120
2017-11-14,97559977984,7549713408
2017-11-15,99438714880,3935896576
2017-11-16,96001646592,5195390464
2017-11-17,97037197312,7860659712
2017-11-18,102465904640,6510501888
2017-11-19,103895482368,4934901760
2017-11-20,105154650112,4279121152
2017-11-21,106119839744,5468677632
2017-11-22,107562950656,3868354816
2017-11-23,117365448704,8862829568
2017-11-24,121007325184,8995214336
2017-11-25,127706505216,7863715328
2017-11-26,134539771904,5854476288
2017-11-27,140419940352,7355476480
2017-11-28,141192249344,8097860608
2017-11-29,150012084224,10829700096
2017-11-30,129680785408,10874053632
2017-12-01,137085067264,7322212864
2017-12-02,143248490496,6948577280
2017-12-03,152440651776,6046564352
2017-12-04,148862255104,6808717824
2017-12-05,156354035712,7606825472
2017-12-06,159504842752,11680836608
2017-12-07,147224461312,11344230400
2017-12-08,154162413568,13668363264
2017-12-09,166810009600,12434529280
2017-12-10,150366568448,9019753472
2017-12-11,163334914048,8906619904
2017-12-12,184731353088,16333632512
2017-12-13,215876780032,24249786368
2017-12-14,231100907520,21820801024
2017-12-15,227035791360,22990985216
2017-12-16,249921421312,16138101760
2017-12-17,264612380672,17227823104
2017-12-18,279489347584,17223630848
2017-12-19,302643511296,27872657408
2017-12-20,331596529664,31267420160
2017-12-21,361037266944,29706067968
2017-12-22,283814002688,28245514240
2017-12-23,322124578816,25826621440
2017-12-24,275624099840,17036068864
2017-12-25,320031522816,14997729280
2017-12-26,320890044416,15451256832
2017-12-27,336227958784,15534413824
2017-12-28,308614660096,17074044928
2017-12-29,335575220224,22526607360
2017-12-30,360657387520,26767046656
2017-12-31,360020770816,21025034240
2018-01-01,375791452160,17329870848
2018-01-02,411113553920,26020163584
2018-01-03,445100425216,27384627200
2018-01-04,513477869568,45410344960
2018-01-05,504489967616,43386888192
2018-01-06,511042256896,32719075328
2018-01-07,545409302528,29423937536
2018-01-08,496015015936,28177891328
2018-01-09,494294335488,31719084032
2018-01-10,474161610752,34543955968
2018-01-11,441470287872,32974256128
2018-01-12,471081615360,27763040256
2018-01-13,502134079488,25375793152
2018-01-14,467779256320,24354201600
2018-01-15,461853163520,22449487872
2018-01-16,393027518464,32786257920
2018-01-17,296523988992,32626382848
2018-01-18,383078727680,42740002816
2018-01-19,394454138880,29458477056
2018-01-20,396068585472,24325783552
2018-01-21,391619182592,24161804288
2018-01-22,363688656896,18708160512
2018-01-23,321766522880,20721127424
2018-01-24,354209988608,17945104384
2018-01-25,361737781248,22290362368
2018-01-26,335236890624,17466247168
2018-01-27,354241511424,15362496512
2018-01-28,394552180736,16703909888
2018-01-29,375428939776,16187414528
2018-01-30,371201638400,12779068416
2018-01-31,341705916416,20058550272
2018-02-01,324755718144,14873734144
2018-02-02,231064977408,19292139520
2018-02-03,285247373312,21987856384
2018-02-04,271326461952,15818710016
2018-02-05,233978019840,14111143936
2018-02-06,190975229952,20949915648
2018-02-07,248230625280,23360219136
2018-02-08,254368858112,16730953728
2018-02-09,261060214784,15012543488
2018-02-10,282042597376,19480240128
2018-02-11,262778552320,14294509568
2018-02-12,280839880704,12539515904
2018-02-13,269209452544,11743132672
2018-02-14,286535155712,12530061312
2018-02-15,299536908288,17836109824
2018-02-16,304540418048,13598622720
2018-02-17,319948324864,12942537728
2018-02-18,309833760768,14929063936
2018-02-19,315398488064,11816697856
2018-02-20,313809469440,14106860544
2018-02-21,294743343104,14931422208
2018-02-22,271906013184,12517410816
2018-02-23,278847324160,13755231232
2018-02-24,264249950208,12115149824
2018-02-25,266719674368,9389840384
2018-02-26,268322586624,10078417920
2018-02-27,279617568768,12249312256
2018-02-28,271039676416,10967557120
2018-03-01,270751858688,10369451008
2018-03-02,269766574080,11596484608
2018-03-03,270902640640,10096025600
2018-03-04,266282631168,9113292800
2018-03-05,278451781632,10833332224
2018-03-06,261418385408,10891452416
2018-03-07,251082342400,10571770880
2018-03-08,236665503744,12978236416
2018-03-09,212065075200,11648809984
2018-03-10,225726824448,9919638528
2018-03-11,221028597760,8089623040
2018-03-12,229688066048,8478429184
2018-03-13,214059073536,8924874752
2018-03-14,205693730816,7895252480
2018-03-15,190869700608,10692457472
2018-03-16,187200372736,7721830400
2018-03-17,186356727808,6940835840
2018-03-18,164158504960,7672394240
2018-03-19,175355805696,11551305728
2018-03-20,183638704128,11377505280
2018-03-21,199373340672,10750350336
2018-03-22,187045871616,9668823040
2018-03-23,182175481856,8733914112
2018-03-24,185627508736,11669390336
2018-03-25,182423207936,7932339712
2018-03-26,170719100928,8032281600
2018-03-27,165521260544,9785994240
2018-03-28,169204252672,9316503552
2018-03-29,153385615360,8749702144
2018-03-30,144308764672,10990752768
2018-03-31,147808075776,7590445056
2018-04-01,138062184448,6022103552
2018-04-02,144336257024,7384222208
2018-04-03,151073472512,7955699200
2018-04-04,144609280000,7941074944
2018-04-05,139271258112,8031199744
2018-04-06,136405516288,7109662208
2018-04-07,141849018368,5423134208
2018-04-08,146683314176,5767569408
2018-04-09,143856893952,6883993088
2018-04-10,144410984448,6177218048
2018-04-11,150071623680,7074577920
2018-04-12,167705116672,14620207104
2018-04-13,187786231808,15580469248
2018-04-14,180900642816,11887075328
2018-04-15,191926173696,9930954752
2018-04-16,188730507264,10144952320
2018-04-17,195291774976,10859086848
2018-04-18,198327238656,12159546368
2018-04-19,207630712832,13210875904
2018-04-20,230453116928,15768256512
2018-04-21,225391788032,18200989696
2018-04-22,241062117376,14381993984
2018-04-23,247782473728,15377626112
2018-04-24,266664951808,19970949120
2018-04-25,246609330176,28638242816
2018-04-26,246007332864,20935940096
2018-04-27,262731268096,17432391680
2018-04-28,264485666816,18241787904
2018-04-29,269705068544,24153292800
2018-04-30,272770596864,21391915008
2018-05-01,260006985728,20544288768
2018-05-02,272943759360,16185834496
2018-05-03,280462131200,17877215232
2018-05-04,293814173696,21345134592
2018-05-05,298671505408,17701277696
2018-05-06,283754659840,18694883328
2018-05-07,275236880384,17214287872
2018-05-08,272915005440,16471930880
2018-05-09,274584666112,15041607680
2018-05-10,276904280064,14417123328
2018-05-11,235540709376,20426608640
2018-05-12,246594879488,19118686208
2018-05-13,248727142400,13905007616
2018-05-14,249123799040,15607822336
2018-05-15,259022667776,15734778880
2018-05-16,242427543552,15988817920
2018-05-17,241815961600,12887763968
2018-05-18,230969196544,13548802048
2018-05-19,238823718912,11637309440
2018-05-20,241086578688,11112421376
2018-05-21,241958830080,12133104640
2018-05-22,231204143104,10615523328
2018-05-23,211674234880,12577159168
2018-05-24,196893736960,14403209216
2018-05-25,208729063424,13008534528
2018-05-26,207401811968,9158894592
2018-05-27,201408970752,8851274752
2018-05-28,187202600960,10687065088
2018-05-29,198402490368,12428996608
2018-05-30,202618109952,11778548736
2018-05-31,202899537920,10752123904
2018-06-01,201481142272,11380358144
2018-06-02,211597197312,11270579200
2018-06-03,219586854912,12765908992
2018-06-04,210358632448,12060739584
2018-06-05,208246784000,10837221376
2018-06-06,214047801344,10258838528
2018-06-07,214889218048,10687495168
2018-06-08,208972218368,10084149248
2018-06-09,212387758080,8527215616
2018-06-10,197444337664,10381940736
2018-06-11,181448392704,14113437696
2018-06-12,182581493760,10221948928
2018-06-13,162459156480,10900128768
2018-06-14,168723513344,11452246016
2018-06-15,168520138752,11116064768
2018-06-16,168194359296,7871619072
2018-06-17,168741453824,6938988032
2018-06-18,164454825984,6937592320
2018-06-19,175469772800,8881149952
2018-06-20,169671393280,9394740224
2018-06-21,172555632640,8507004416
2018-06-22,158798168064,9521353728
2018-06-23,150456991744,11011778560
2018-06-24,140471959552,9853553664
2018-06-25,149725265920,11477401600
2018-06-26,146403803136,13031760896
2018-06-27,140875038720,7764042240
2018-06-28,141655326720,7092789760
2018-06-29,133536808960,8107270144
2018-06-30,148196966400,10111818752
2018-07-01,147949862912,9322596352
2018-07-02,147552845824,9910753280
2018-07-03,157207724032,11995957248
2018-07-04,156715679744,9565050880
2018-07-05,159052398592,10822444032
2018-07-06,154639663104,11268553728
2018-07-07,154743390208,8166263296
2018-07-08,161497563136,8241433088
2018-07-09,157477257216,7990578176
2018-07-10,143556476928,9891051520
2018-07-11,144780509184,8920418304
2018-07-12,139089559552,7841153024
2018-07-13,142494744576,7726632448
2018-07-14,141380665344,7363001344
2018-07-15,145379999744,6561167872
2018-07-16,153124028416,9258664960
2018-07-17,154473365504,9539738624
2018-07-18,168412446720,13746689024
2018-07-19,164069703680,13103173632
2018-07-20,156783525888,10864465920
2018-07-21,151387357184,9411961856
2018-07-22,154798243840,7324508160
2018-07-23,154369933312,9475386368
2018-07-24,158182866944,12107559936
2018-07-25,157261053952,12967296000
2018-07-26,160088129536,9740315648
2018-07-27,153647398912,9611845632
2018-07-28,156402597888,27421542400
2018-07-29,155556691968,8567618048
2018-07-30,153816097903,9581114841
2018-07-31,146079720872,10567196219
2018-08-01,142816287562,10097942277
2018-08-02,138982941631,8552463294
2018-08-03,135135473205,8820500124
2018-08-04,136432760240,7840334708
2018-08-05,134081536137,7879253668
2018-08-06,133617377013,7346833223
2018-08-07,134095795404,8621528928
2018-08-08,118901139949,10531148131
2018-08-09,113639873083,9262204719
2018-08-10,115456193978,8809383697
2018-08-11,102948731527,8259396689
2018-08-12,105777129416,7906672978
2018-08-13,106185580159,10321926133
2018-08-14,88162766451,10104462995
2018-08-15,94554142312,8890755186
2018-08-16,98500563311,9026305013
2018-08-17,101379746335,9786900440
2018-08-18,107295555247,11101127874
2018-08-19,104853608061,8454880288
2018-08-20,103125154263,8424371005
2018-08-21,99310100793,7136918097
2018-08-22,101866825886,7957728798
2018-08-23,96150617006,7408009843
2018-08-24,98993480622,7077966396
2018-08-25,100388219976,7495363383
2018-08-26,99994700263,6364886030
2018-08-27,101411462229,6836431473
2018-08-28,107185097461,8437691538
2018-08-29,109926692975,9033737229
2018-08-30,103282051205,8807391742
2018-08-31,105936328661,8430866967
2018-09-01,109498752205,8454115376
2018-09-02,110799979485,9877797835
2018-09-03,110008479685,7675855317
2018-09-04,112960680897,8210830799
2018-09-05,102071609819,10236963418
2018-09-06,91251053119,12055954631
2018-09-07,91643792647,8796956811
2018-09-08,92257902065,6996960114
2018-09-09,87942634156,8113846248
2018-09-10,86587874846,7158027131
2018-09-11,84528262736,7221244298
2018-09-12,78457865596,8148248179
2018-09-13,85712799093,8143245441
2018-09-14,87526051414,9862526670
2018-09-15,89938529995,7476808157
2018-09-16,89661654448,7160853367
2018-09-17,89737598368,7158312637
2018-09-18,86245862563,8841064037
2018-09-19,87201290266,8266698591
2018-09-20,92163258982,7999018646
2018-09-21,105197684472,13034417114
2018-09-22,106885417241,17458456206
2018-09-23,110647535814,9653429224
2018-09-24,104278081155,9515478489
2018-09-25,95135558977,9886742982
2018-09-26,102849952811,10531903901
2018-09-27,103753607868,10898882386
2018-09-28,105391393283,12403215159
2018-09-29,108818326085,11240718917
2018-09-30,110258504235,9892077376
2018-10-01,107747556102,10475200110
2018-10-02,106909474378,10002353293
2018-10-03,102808204651,10543769720
2018-10-04,104848942215,8757450832
2018-10-05,104297348711,8488762486
2018-10-06,104814836254,7528923431
2018-10-07,102457194837,8533726080
2018-10-08,105118080816,7585916421
2018-10-09,104501076861,8128408995
2018-10-10,103407150446,7704631934
2018-10-11,92417432629,11127725759
2018-10-12,92747053059,9782303275
2018-10-13,93166189699,7011955817
2018-10-14,93006785791,6236379441
2018-10-15,97061873990,13508390479
2018-10-16,97351812888,8948122803
2018-10-17,97016996490,8085900618
2018-10-18,97386531773,7546999667
2018-10-19,95385219705,7281622131
2018-10-20,96953205971,6956701432
2018-10-21,97977115818,6324265760
2018-10-22,97277772251,7274563323
2018-10-23,95835142340,6684681097
2018-10-24,97711841468,6141838843
2018-10-25,96837206002,6269129884
2018-10-26,96888356726,6088056404
2018-10-27,97002239651,5642259848
2018-10-28,96664676935,6030699370
2018-10-29,95357169006,6688515820
2018-10-30,93289289946,7352094069
2018-10-31,93089900516,6652541906
2018-11-01,94568055945,7347168529
2018-11-02,95222114490,7039786892
2018-11-03,96363897839,7630329854
2018-11-04,98193403331,8187781202
2018-11-05,99910605402,9596865475
2018-11-06,103232278954,10149070996
2018-11-07,106534304295,11240681295
2018-11-08,103619106143,9302526824
2018-11-09,102037404143,9247122535
2018-11-10,101506002273,8055606472
2018-11-11,101388867602,7952729196
2018-11-12,100779191051,8840765105
2018-11-13,101315754556,9006816749
2018-11-14,96884121254,9212692430
2018-11-15,85329951885,16024539748
2018-11-16,86826334879,12658696493
2018-11-17,85720882424,9298420575
2018-11-18,87778148454,8943916628
2018-11-19,80710029694,11288725240
2018-11-20,68125711365,15378856138
2018-11-21,70041892378,13727868822
2018-11-22,68666035683,9805992145
2018-11-23,64809384418,10150768873
2018-11-24,63981223629,8276720624
2018-11-25,55614247355,11901443852
2018-11-26,59568263043,12523670456
2018-11-27,56232219564,11885306446
2018-11-28,61281215021,11204206262
2018-11-29,65423693177,12977779954
2018-11-30,60054966138,10677761568
2018-12-01,63401679021,10367872692
2018-12-02,62285102982,9018475186
2018-12-03,60804992800,8690672683
2018-12-04,59701343952,9437219280
2018-12-05,57946345750,8522318942
2018-12-06,55150181642,9565494236
2018-12-07,48220380144,11540417983
2018-12-08,49376058985,10577456921
2018-12-09,50530231619,8928147728
2018-12-10,50612848892,9006178474
2018-12-11,48513883583,8294570577
2018-12-12,49759871216,8051645808
2018-12-13,48877857774,6813585193
2018-12-14,47066799920,7498738279
2018-12-15,45588617450,7025742607
2018-12-16,47148557306,6811640703
2018-12-17,47466170694,6829512209
2018-12-18,51436885485,11952737328
2018-12-19,57788950730,13342803498
2018-12-20,61099491698,15825442818
2018-12-21,62416432250,17645750537
2018-12-22,60538638852,13161118500
2018-12-23,65535178026,13829574122
2018-12-24,69875321249,16912751615
2018-12-25,61652253374,16057833605
2018-12-26,61748888182,12458129995
2018-12-27,60894875360,10839246714
2018-12-28,57796827695,10478010965
2018-12-29,62828911041,13498406727
2018-12-30,63397659102,11246928545
2018-12-31,61162354219,9543403063
2019-01-01,61906482901,8779766534
2019-01-02,63940092685,10172714793
2019-01-03,64243316171,11218486485
2019-01-04,63958642994,9824297082
2019-01-05,65100808015,11787035080
2019-01-06,64980718673,11322368302
2019-01-07,65867049715,12137508914
2019-01-08,65817237253,10135643732
2019-01-09,66665953592,17574525522
2019-01-10,61058200870,14571814722
2019-01-11,58154844962,13187940425
2019-01-12,58111124543,10375714526
2019-01-13,58317914233,8843721203
2019-01-14,55947314440,11196748959
2019-01-15,58608106022,11334522933
2019-01-16,58888213908,11335932113
2019-01-17,57879446293,11162989090
2019-01-18,57889154907,11101801875
2019-01-19,59318549263,11703254680
2019-01-20,57671218362,10729708117
2019-01-21,56925296789,10884608908
2019-01-22,56602596407,10312861276
2019-01-23,57626742458,10459525988
2019-01-24,57025441428,10582512934
2019-01-25,56883546982,10148911933
2019-01-26,57530381181,10129871680
2019-01-27,56322572376,10522200121
2019-01-28,52575365997,12687308090
2019-01-29,52048030133,12356718485
2019-01-30,52678787785,10980661640
2019-01-31,52877934616,12546247970
2019-02-01,53375632475,11410527948
2019-02-02,53623579782,10653698799
2019-02-03,53388079483,9963905146
2019-02-04,52990116241,10785256902
2019-02-05,52954134106,10794835677
2019-02-06,51487159252,11306613286
2019-02-07,52217021627,10687046462
2019-02-08,53583104269,11257333985
2019-02-09,57521320433,16878653240
2019-02-10,56642819729,12653238318
2019-02-11,57232346891,14368999480
2019-02-12,56780314076,13622513160
2019-02-13,57293832983,14710447573
2019-02-14,56570945528,13764701455
2019-02-15,57295260436,12889352612
2019-02-16,57400716562,13272723486
2019-02-17,57694445022,13596546358
2019-02-18,61071767543,18557724111
2019-02-19,64634747704,25479466356
2019-02-20,65448572617,21686279979
2019-02-21,64003444525,19967805052
2019-02-22,64717662040,16145069512
2019-02-23,64920628879,16297237905
2019-02-24,69561394704,24209875001
2019-02-25,61291746458,27514266185
2019-02-26,62546252085,20588259142
2019-02-27,63246435067,17370365929
2019-02-28,62635611290,19715394619
2019-03-01,62783328080,19561627277
2019-03-02,62588176279,17540310289
2019-03-03,62646414082,15035134177
2019-03-04,59694914995,18875332182
2019-03-05,61263244158,18194131456
2019-03-06,64252031156,25922398991
2019-03-07,64461361017,21296898628
2019-03-08,64314639425,21610317029
2019-03-09,65349174053,23288755096
2019-03-10,64907138489,22361149061
2019-03-11,64113608612,21594561203
2019-03-12,65329385254,22332021730
2019-03-13,64839718084,19606607877
2019-03-14,65782070728,19213163739
2019-03-15,67414305330,24393478134
2019-03-16,69746066694,23524926068
2019-03-17,68823798743,18805042304
2019-03-18,68286125005,20999095819
2019-03-19,68928813856,19169642349
2019-03-20,68885447034,22484013969
2019-03-21,69902849198,22598513763
2019-03-22,68581910506,24338541636
2019-03-23,69422488492,21941500057
2019-03-24,69483254284,19832827904
2019-03-25,69152743237,20729606788
2019-03-26,67548949986,23592706857
2019-03-27,70784996481,27303308821
2019-03-28,70834866854,23708167809
2019-03-29,71147584588,24992342466
2019-03-30,71600585104,24126379182
2019-03-31,71943941779,21673760515
2019-04-01,72508163432,22680510784
2019-04-02,78483193871,38628504407
2019-04-03,86408703203,56575681980
2019-04-04,85504058241,60331099697
2019-04-05,87107858144,43771100287
2019-04-06,86623888186,33684941399
2019-04-07,89058976004,44140941002
2019-04-08,87796931918,45569386654
2019-04-09,88685391070,38687356427
2019-04-10,89699545302,34283454254
2019-04-11,81786679185,44239614650
2019-04-12,83221361871,36129648834
2019-04-13,82366989563,28612038544
2019-04-14,82882071275,23942093770
2019-04-15,84086102613,28399606395
2019-04-16,82929356862,31224517789
2019-04-17,84320953543,28545608588
2019-04-18,85888724728,30707277942
2019-04-19,86430039131,31586894512
2019-04-20,86709317512,30611942663
2019-04-21,83162247100,30091985163
2019-04-22,84984430885,28909327570
2019-04-23,86188793424,34623156418
2019-04-24,80500489099,37442302525
2019-04-25,80924520896,32250517040
2019-04-26,77221086735,39605264081
2019-04-27,77516641739,29056336152
2019-04-28,78821002363,25154478611
2019-04-29,76554339030,27949408957
2019-04-30,77933359835,31835154389
2019-05-01,80040147957,30905523590
2019-05-02,80462039891,28054206940
2019-05-03,83604790166,39638625154
2019-05-04,81937052384,34604235965
2019-05-05,81021410297,34366800558
2019-05-06,80088939311,31994155629
2019-05-07,83286942837,38445674948
2019-05-08,80985831866,34172362453
2019-05-09,80213919192,31651148743
2019-05-10,80648791704,37479883811
2019-05-11,86313665371,50933560345
2019-05-12,87290209346,65884805959
2019-05-13,89451235961,49923241189
2019-05-14,96431954850,72662393031
2019-05-15,102329894214,66094321820
2019-05-16,106801427882,82995705956
2019-05-17,97866405657,77160549116
2019-05-18,100001937831,60086935823
2019-05-19,107294862430,56280846135
2019-05-20,105470798021,55511395307
2019-05-21,105813735793,51962266164
2019-05-22,107228681821,55857700256
2019-05-23,101539674352,52598431852
2019-05-24,108255928312,52694535668
2019-05-25,109308132437,52435450050
2019-05-26,106320321882,42833930679
2019-05-27,115249672986,62154237803
2019-05-28,117867502360,68651369384
2019-05-29,118876216762,57155830535
2019-05-30,125015017362,63408640877
2019-05-31,114899403454,72782294171
2019-06-01,120696352385,58962936427
2019-06-02,122565018392,55130407486
2019-06-03,119467080091,51622940756
2019-06-04,112431830364,58223982868
2019-06-05,111047512490,58171677719
2019-06-06,110057456929,46183199341
2019-06-07,113433793390,50559458793
2019-06-08,114483329848,43682806796
2019-06-09,111850216470,39133467990
2019-06-10,112960326884,49945181929
2019-06-11,110785678388,41084703401
2019-06-12,115151371970,43684731458
2019-06-13,117339299649,46338392358
2019-06-14,115857723695,46461403190
2019-06-15,118904612256,46123665650
2019-06-16,120958197054,51675567349
2019-06-17,123722664803,48278437199
2019-06-18,121294531775,38823419125
2019-06-19,124006137907,35074626344
2019-06-20,122556776746,36404093991
2019-06-21,127756240023,46611185701
2019-06-22,132446762638,54874378810
2019-06-23,134932004424,60657825246
2019-06-24,133653220009,47963638969
2019-06-25,134729765880,47574563184
2019-06-26,141538035468,69278765292
2019-06-27,127149906374,91392478441
2019-06-28,125135926204,76200305787
2019-06-29,127680886221,61019233731
2019-06-30,127168236651,59899704405
2019-07-01,122705550918,58667928421
2019-07-02,116601241183,64502417167
2019-07-03,121997001594,56945821967
2019-07-04,123126791713,54553431678
2019-07-05,120827693229,50722522825
2019-07-06,120707870982,44453347691
2019-07-07,121813358671,41300435097
2019-07-08,124706620339,47394703122
2019-07-09,124916129336,54845128052
2019-07-10,124193398541,52260414118
2019-07-11,110001482855,73436273768
2019-07-12,111579678199,55270228342
2019-07-13,108103999906,43326460443
2019-07-14,101261605327,44505315025
2019-07-15,96083308575,56533801689
2019-07-16,95663390143,45851528799
2019-07-17,85299960835,58680642338
2019-07-18,93172752796,54688327494
2019-07-19,96744427232,53347560903
2019-07-20,99800700297,41339194929
2019-07-21,100936759079,41826710467
2019-07-22,100066516182,35511450286
2019-07-23,95777141676,39611829226
2019-07-24,93726427559,38837774014
2019-07-25,98406756417,41669199541
2019-07-26,97005442717,35319384259
2019-07-27,93397715508,36603147460
2019-07-28,93907377747,30870932662
2019-07-29,93411251195,34322425439
2019-07-30,94069256822,31959398475
2019-07-31,95796710162,32039136839
2019-08-01,95589645748,35943956232
2019-08-02,96980248176,35934340394
2019-08-03,97407036298,36329101497
2019-08-04,96320075431,29703445202
2019-08-05,100685433832,43578195197
2019-08-06,97667032718,44855629915
2019-08-07,96910618405,38546883958
2019-08-08,95630395924,41598233259
2019-08-09,92005041034,40420249382
2019-08-10,89886188832,37194080829
2019-08-11,92640052631,36359415337
2019-08-12,92887514405,31909718765
2019-08-13,92311696338,30372554740
2019-08-14,90543482669,37604752697
2019-08-15,83072996510,52209793729
2019-08-16,82805635796,43523738495
2019-08-17,82638485368,31620270779
2019-08-18,85216497297,31100884226
2019-08-19,87192871713,34009126437
2019-08-20,85428980631,33094540393
2019-08-21,81906679968,38326767879
2019-08-22,81909394755,41065189474
2019-08-23,83688647544,39118410409
2019-08-24,82977372981,36763980791
2019-08-25,83999729065,30776821299
2019-08-26,83713388103,41962185194
2019-08-27,81981278901,35115206584
2019-08-28,81999103136,32249910037
2019-08-29,76066545315,45873827529
2019-08-30,77114427813,36920614174
2019-08-31,76645343232,28740850627
2019-09-01,76545306130,29348780008
2019-09-02,77349604704,30216182441
2019-09-03,79038738900,41031897573
2019-09-04,78854618777,39349412226
2019-09-05,77277864417,35609262440
2019-09-06,78815125107,34816018468
2019-09-07,77184567535,38995226483
2019-09-08,79887234445,39941872245
2019-09-09,80753103789,39026463623
2019-09-10,80143144548,37610699190
2019-09-11,78883592746,38047511631
2019-09-12,78162384752,35564574186
2019-09-13,78300702369,34172232985
2019-09-14,78690790354,30831983169
2019-09-15,80891214783,38074116724
2019-09-16,80781437798,33757919967
2019-09-17,82625984571,38805504675
2019-09-18,87497062687,49720953069
2019-09-19,85304388406,48596714277
2019-09-20,87647035041,46141696872
2019-09-21,86889352333,39932880388
2019-09-22,84953003727,37149904483
2019-09-23,84008942167,34985992177
2019-09-24,80431686284,44368544690
2019-09-25,67938936634,73951522871
2019-09-26,70410483078,42345936253
2019-09-27,67996796076,48050900195
2019-09-28,69984565751,37365940314
2019-09-29,69242629298,34404308336
2019-09-30,70634847313,39026339075
2019-10-01,72393887171,41218186529
2019-10-02,71385267148,36420633257
2019-10-03,71256968606,31434256247
2019-10-04,71381419294,35429916759
2019-10-05,71104618724,30333052415
2019-10-06,71344348702,31605872882
2019-10-07,72610591921,38161300367
2019-10-08,73974226829,43655928837
2019-10-09,75696781012,37255485277
2019-10-10,75396078697,49840536820
2019-10-11,74677441347,46794805988
2019-10-12,74949311248,38687531577
2019-10-13,75164453632,33323360498
2019-10-14,75620143862,37587083916
2019-10-15,76031040495,37600026883
2019-10-16,73712486013,41353103903
2019-10-17,74461264670,41058227272
2019-10-18,73252521114,40138020591
2019-10-19,73796080406,35978653347
2019-10-20,73292315470,37660801120
2019-10-21,75088756592,41696328342
2019-10-22,75073534109,41939774667
2019-10-23,72873532252,42033251403
2019-10-24,69888931501,57756519609
2019-10-25,72138058104,43954357728
2019-10-26,77486243183,106418625066
2019-10-27,77685179001,69942675619
2019-10-28,80528206679,85357775001
2019-10-29,82108097476,67498512222
2019-10-30,80076737656,68855924371
2019-10-31,79970262808,59434490897
2019-11-01,79846946996,56710917291
2019-11-02,80827424548,52105506323
2019-11-03,80227508386,51313056572
2019-11-04,81188329555,51808674091
2019-11-05,82630336091,66433766092
2019-11-06,84134552944,62920349033
2019-11-07,82235063645,57420910171
2019-11-08,81089863391,53634176193
2019-11-09,80797057037,52315225271
2019-11-10,82228865280,46583312108
2019-11-11,81085977055,55231336263
2019-11-12,81983250240,45907622573
2019-11-13,82171037564,48036672533
2019-11-14,81245207192,47526794776
2019-11-15,80949357890,48753395667
2019-11-16,79671514488,47504236911
2019-11-17,80465949158,43287558046
2019-11-18,79430007669,42577051105
2019-11-19,75381079649,54377692346
2019-11-20,76166754153,48884020828
2019-11-21,73098266154,48003900700
2019-11-22,66626041166,66935544273
2019-11-23,66572698570,64530296212
2019-11-24,67642149612,51312472931
2019-11-25,64891234315,78775808981
2019-11-26,65949191275,57340496585
2019-11-27,65825936671,48852219727
2019-11-28,68692070074,52093688740
2019-11-29,69076986112,44585772575
2019-11-30,69205341696,45882983965
2019-12-01,66748394229,42977279848
2019-12-02,66319682417,43228557383
2019-12-03,66286360943,38779115158
2019-12-04,65700994457,39186323575
2019-12-05,66200426611,50232600951
2019-12-06,66416012975,39989673008
2019-12-07,67662244190,38611547426
2019-12-08,67881117334,34638370317
2019-12-09,67609115153,36629286468
2019-12-10,66070435507,41107365717
2019-12-11,66113513906,39203604406
2019-12-12,65684019138,42049883289
2019-12-13,65925318857,42305783243
2019-12-14,65663612816,40539111718
2019-12-15,65372089935,44414600336
2019-12-16,64939220793,42278358064
2019-12-17,61425582063,53847122775
2019-12-18,57898806740,62231617181
2019-12-19,60387190245,74286436893
2019-12-20,61350932222,52392210826
2019-12-21,60421939843,46801900413
2019-12-22,60794446227,45615639250
2019-12-23,61982635277,58320996401
2019-12-24,60888433813,56435464742
2019-12-25,59502191574,49774554661
2019-12-26,59493026582,45757444560
2019-12-27,59464196791,54403447119
2019-12-28,60770582089,51252345258
2019-12-29,61519644261,49463750201
2019-12-30,61958754595,56559941975
2019-12-31,61284035575,50224935589
2020-01-01,60974872070,46090838678
2020-01-02,60644066445,43401539151
2020-01-03,61531217842,56534366779
2020-01-04,62308408500,54404714110
2020-01-05,63380299219,47115443319
2020-01-06,65715187156,53856753051
2020-01-07,66972632432,58380901375
2020-01-08,67418213808,65703259606
2020-01-09,65359423863,58442094454
2020-01-10,65625355454,54956556744
2020-01-11,68656322162,69437408111
2020-01-12,69314010505,60543011289
2020-01-13,68961797051,54556132281
2020-01-14,73363020599,70806182709
2020-01-15,82384536483,129745076869
2020-01-16,80538486478,95256411171
2020-01-17,82617024843,93243505362
2020-01-18,82697691719,97599847834
2020-01-19,79037082076,93490103740
2020-01-20,79335883197,72363476175
2020-01-21,81905012377,79390916613
2020-01-22,82381877660,66661200897
2020-01-23,79524200358,62688069037
2020-01-24,78192318548,69988501985
2020-01-25,77552301303,59601290018
2020-01-26,79247988912,55579176675
2020-01-27,82511992428,68871034318
2020-01-28,84366873814,84588436119
2020-01-29,85834040363,91218650896
2020-01-30,86808731149,80401456787
2020-01-31,87232930601,91441748807
2020-02-01,87187793396,81329715443
2020-02-02,91202437934,81322245370
2020-02-03,90357199997,82530087211
2020-02-04,89208507912,77403778014
2020-02-05,94150518146,84119122340
2020-02-06,98791250649,99423262375
2020-02-07,99892790058,103995481849
2020-02-08,102261602632,97938630724
2020-02-09,104580453715,93286148071
2020-02-10,102048626848,100929534702
2020-02-11,104463169440,92194236560
2020-02-12,112705866462,118265550260
2020-02-13,113211446277,131552879437
2020-02-14,116870144527,126502630915
2020-02-15,118770345376,113307684093
2020-02-16,110589168113,127095594644
2020-02-17,101879829110,143524670337
2020-02-18,107008218418,123520258726
2020-02-19,111512080752,122773665106
2020-02-20,102760119921,121108174734
2020-02-21,104734138659,118000206778
2020-02-22,104068064733,94889779041
2020-02-23,106902419927,99683372456
2020-02-24,106186174317,100846544179
2020-02-25,102308367043,113481892466
2020-02-26,92369508932,125141969450
2020-02-27,90498349890,146220902796
2020-02-28,87259728299,111668825963
2020-02-29,89871746834,107620108410
2020-03-01,90173722121,93491405216
2020-03-02,90151794206,103226414822
2020-03-03,92847524748,134006260614
2020-03-04,90779312991,116520334563
2020-03-05,94544390789,96963905563
2020-03-06,95926624355,102257113508
2020-03-07,97590088214,91317219268
2020-03-08,91860704127,96703070610
2020-03-09,83009591524,135236536372
2020-03-10,82752942146,108316287016
2020-03-11,79551210669,91616030538
2020-03-12,57304988283,109395276621
2020-03-13,56015186722,177047416485
2020-03-14,55525226169,124500139278
2020-03-15,56736227429,79886878040
2020-03-16,48627968389,90433845634
2020-03-17,54606856767,96556071638
2020-03-18,54681262640,77408640095
2020-03-19,55638919003,88298856450
2020-03-20,64353086368,133151877482
2020-03-21,60202477393,117229468148
2020-03-22,59628506790,87801217260
2020-03-23,58208786677,90597772468
2020-03-24,63823688177,112749674413
2020-03-25,63213424545,96753603644
2020-03-26,62590137729,77470630437
2020-03-27,64213892844,79581351045
2020-03-28,60734928382,80400077111
2020-03-29,60665017697,71361727011
2020-03-30,61010831071,78011607390
2020-03-31,62613318400,77606036762
2020-04-01,62771132854,73444210223
2020-04-02,64830446561,87916445751
2020-04-03,67427123468,104813689727
2020-04-04,66345517972,79177415001
2020-04-05,66437006976,71421299904
2020-04-06,69562233864,90184902020
2020-04-07,75203257582,121837868341
2020-04-08,74403324332,111417227836
2020-04-09,74220253757,88225284292
2020-04-10,70549376913,99236024422
2020-04-11,70671570467,88624350371
2020-04-12,70573650599,74012989271
2020-04-13,68926162415,103111295802
2020-04-14,69864448502,82981895484
2020-04-15,69474638977,83598380969
2020-04-16,72371167060,111071587965
2020-04-17,73122341788,97192334940
2020-04-18,74425533995,80210562786
2020-04-19,76506959887,101389230937
2020-04-20,74118493081,98065634814
2020-04-21,71891158220,100238301941
2020-04-22,73646675138,82062065801
2020-04-23,75286021470,95755331659
2020-04-24,77772137091,111016994042
2020-04-25,79443388054,90104965008
2020-04-26,79894664749,87225568808
2020-04-27,80161501124,103581588525
2020-04-28,80894875250,94240214880
2020-04-29,83911791383,109595932068
2020-04-30,85496141413,178005734294
2020-05-01,86889682100,124397539477
2020-05-02,86330866031,96726156680
2020-05-03,86792981735,110350768306
2020-05-04,82452841618,116613166998
2020-05-05,83920957153,110095772061
2020-05-06,85813513179,105544978258
2020-05-07,83861200746,106876511913
2020-05-08,85713190179,138283390321
2020-05-09,86476666822,116334439569
2020-05-10,79287420217,134582797546
2020-05-11,79068926393,112777877245
2020-05-12,79737833097,121804409229
2020-05-13,80204825323,89601115210
2020-05-14,84949547997,119285575630
2020-05-15,79312305837,118870560671
2020-05-16,83922503519,118870560671
2020-05-17,86114925599,118870560671
2020-05-18,85296825094,118870560671
2020-05-19,85825238416,85895687220
2020-05-20,88353852913,79063093813
2020-05-21,86460168255,84433803420
2020-05-22,85915713410,88515261370
