date,open,high,low,close,volume_btc,volume_usd,market_cap_all,fng_value,btc_dominance,neutral,positive,negative
2018-02-01,10112.6,10164.68,8411.11,9000.73,17746,162257631,458975313920,30,29,474,755,624
2018-02-02,9000.73,9090.0,7603.0,8845.07,21886,185823833,409918603264,15,44,476,836,666
2018-02-03,8845.07,9494.86,8123.62,9221.14,7572,66978512,448238616576,40,36,386,651,461
2018-02-04,9221.14,9353.45,7847.39,8162.94,8182,68994814,392657076224,24,31,388,590,490
2018-02-05,8162.94,8334.0,6500.0,6892.67,22800,166315391,335502278656,11,30,480,746,699
2018-02-06,6892.67,7944.0,5931.34,7682.75,29967,202478482,364774227968,8,48,550,797,785
2018-02-07,7682.75,8589.0,7200.0,7582.76,15859,125575748,389642911744,36,36,489,731,651
2018-02-08,7582.76,8638.99,7556.0,8200.0,12127,99256298,393357590528,30,35,514,622,675
2018-02-09,8200.0,8728.53,7750.0,8697.78,9425,77002096,418195439616,44,38,486,615,656
2018-02-10,8697.78,9069.0,8146.78,8553.5,6004,51732287,406044966912,54,31,344,542,522
2018-02-11,8553.5,8576.42,7824.48,8073.9,5306,43469260,410050199552,31,36,413,487,493
2018-02-12,8073.9,8985.0,8070.68,8900.0,5466,47208118,431149645824,42,35,502,531,647
2018-02-13,8900.0,8940.0,8379.0,8519.07,4953,42654131,421880070144,35,36,511,520,611
2018-02-14,8519.07,9510.0,8519.07,9480.27,8789,80166786,452022894592,55,37,480,565,567
2018-02-15,9480.27,10259.29,9353.0,10017.18,8989,88764794,476071624704,71,37,498,562,586
2018-02-16,10017.18,10307.6,9710.0,10183.63,5439,54605905,482094481408,67,37,441,552,544
2018-02-17,10183.63,11140.45,10039.73,11100.0,4311,45959466,506202685440,74,37,357,492,480
2018-02-18,11100.0,11270.0,10150.0,10403.01,6902,74029051,493823590400,63,37,369,484,488
2018-02-19,10403.01,11250.0,10315.0,11166.92,3764,40969900,503611588608,67,37,485,476,534
2018-02-20,11166.92,11750.0,11084.99,11206.22,6641,76268926,507869757440,74,38,435,556,564
2018-02-21,11206.22,11282.53,10248.0,10475.0,11441,122866113,454683983872,54,35,565,569,590
2018-02-22,10475.0,10939.9,9740.0,9829.96,10771,109881832,438184771584,44,38,579,526,594
2018-02-23,9829.96,10400.0,9595.0,10161.62,6470,64650739,441013403648,39,37,451,427,526
2018-02-24,10161.62,10534.77,9388.97,9697.21,5375,53590192,421957632000,31,37,354,396,400
2018-02-25,9697.21,9870.0,9290.0,9595.0,3491,33472164,429672529920,33,38,413,397,478
2018-02-26,9595.0,10433.88,9399.0,10300.0,5550,55993158,451876126720,37,41,503,450,607
2018-02-27,10300.0,10850.0,10117.0,10562.46,5538,58574042,460097060864,44,39,544,455,615
2018-02-28,10562.46,11050.0,10260.85,10296.86,6013,63890938,453338660864,41,40,527,461,558
2018-03-01,10296.86,11100.0,10200.0,10900.95,5125,54839997,461773373440,38,41,583,790,627
2018-03-02,10900.95,11200.0,10779.44,11027.77,4046,44474264,456427634688,47,41,491,751,639
2018-03-03,11027.77,11484.98,11026.91,11433.72,1842,20876860,460423200768,56,41,392,764,486
2018-03-04,11433.72,11500.0,11060.01,11467.19,1874,21117794,466225364992,44,43,448,689,465
2018-03-05,11467.19,11650.01,11400.0,11400.01,2939,33912541,467780534272,55,40,543,716,613
2018-03-06,11400.01,11401.64,10563.93,10696.87,5128,56123956,439715594240,59,41,620,701,616
2018-03-07,10696.87,10898.99,9375.0,9884.26,10297,103482427,398389510144,37,37,584,778,614
2018-03-08,9884.26,10100.0,9050.0,9295.77,8774,83652551,384929923072,39,39,540,756,590
2018-03-09,9295.77,9409.21,8370.0,9257.0,11095,98510525,371930628096,37,43,477,753,581
2018-03-10,9257.0,9515.21,8731.0,8769.2,4581,42340279,363530518528,39,38,464,604,484
2018-03-11,8769.2,9772.42,8544.95,9530.94,4575,42306636,389659787264,40,43,440,621,504
2018-03-12,9530.94,9898.0,8760.0,9105.0,7429,69137084,369360896000,41,38,561,656,560
2018-03-13,9105.0,9500.0,8850.0,9146.18,6443,58856352,368922427392,41,42,607,675,655
2018-03-14,9146.18,9366.16,7932.65,8198.82,9260,79124355,331257315328,40,38,559,681,560
2018-03-15,8198.82,8416.92,7675.35,8266.99,10294,82957878,329109405696,32,42,600,682,554
2018-03-16,8266.99,8607.11,7900.01,8265.81,6576,54696030,337868193792,33,45,519,631,584
2018-03-17,8265.81,8350.0,7737.49,7870.99,4357,35033565,309982724096,31,40,408,550,469
2018-03-18,7870.99,8297.0,7319.0,8197.29,9669,74104522,302395916288,29,46,447,645,500
2018-03-19,8197.29,8744.68,8119.7,8599.01,8472,71070074,326553763840,29,46,562,702,615
2018-03-20,8599.01,9037.0,8327.35,8904.23,7272,63129514,346653917184,37,47,603,679,577
2018-03-21,8904.23,9180.0,8755.0,8902.53,6594,59212481,346909409280,36,43,569,714,558
2018-03-22,8902.53,9100.0,8494.62,8710.44,6485,56753217,330003578880,36,43,601,554,696
2018-03-23,8710.44,8925.01,8288.01,8925.0,6207,52936947,331649253376,28,45,534,623,738
2018-03-24,8925.0,9000.0,8500.0,8540.33,3002,26488822,340143702016,32,45,404,590,429
2018-03-25,8540.33,8687.3,8375.5,8457.04,3802,32383644,333695647744,30,45,423,543,508
2018-03-26,8457.04,8495.73,7827.95,8149.46,6902,56193530,301159153664,31,43,568,585,620
2018-03-27,8149.46,8221.79,7753.0,7794.46,6505,51702143,304728735744,24,46,554,651,613
2018-03-28,7794.46,8095.0,7749.53,7941.87,5099,40255451,299930222592,24,44,556,566,566
2018-03-29,7941.87,7965.0,6903.0,7086.6,12113,90220518,269165281280,18,43,567,605,590
2018-03-30,7086.6,7271.9,6600.0,6838.71,11373,77813320,260883677184,12,45,496,652,490
2018-03-31,6838.71,7242.47,6788.51,6920.5,4842,33961333,262189203456,16,44,435,528,442
2018-04-01,6920.5,7043.5,6442.49,6811.02,5962,40038020,258279751680,16,47,391,576,438
2018-04-02,6811.02,7113.01,6766.84,7049.99,5330,37254176,261015961600,11,45,462,577,548
2018-04-03,7049.99,7500.0,7016.87,7418.53,7164,52515668,280625348608,22,46,501,612,560
2018-04-04,7418.53,7421.08,6707.5,6794.31,6865,48325954,259524575232,22,44,505,593,628
2018-04-05,6794.31,6923.01,6574.3,6777.0,7331,49348791,254436442112,17,45,474,626,554
2018-04-06,6777.0,6848.0,6512.79,6564.06,5906,39214142,249497731072,19,45,536,593,605
2018-04-07,6592.94,7069.18,6592.94,6895.99,2337,16178550,263458783232,20,46,398,503,403
2018-04-08,6895.99,7100.0,6889.5,7022.72,2494,17460763,264345567232,17,45,424,512,484
2018-04-09,7022.72,7176.99,6612.35,6771.01,4793,32762618,256407191552,21,44,558,557,541
2018-04-10,6771.01,6876.33,6651.12,6830.68,2802,19003389,264324431872,18,45,499,547,529
2018-04-11,6830.68,6966.84,6801.68,6939.43,2866,19778338,269939064832,20,44,573,564,508
2018-04-12,6939.43,8076.83,6766.18,7920.39,9957,74604260,303571337216,18,45,590,643,479
2018-04-13,7920.39,8223.58,7732.43,7875.94,7669,61464491,314708983808,23,40,515,688,510
2018-04-17,8052.27,8165.07,7820.01,7894.0,3078,24605816,325095161856,26,40,548,629,533
2018-04-18,7894.0,8227.32,7880.0,8167.0,3126,25187382,342154215424,24,42,586,608,511
2018-04-19,8167.0,8295.73,8090.0,8269.3,2787,22906354,355434004480,25,42,556,629,487
2018-04-20,8269.3,8932.16,8215.0,8855.49,4993,42325280,379837972480,26,39,519,611,447
2018-04-21,8847.07,9038.0,8602.08,8920.0,3399,29918579,380121907200,32,41,404,602,391
2018-04-22,8920.0,9017.0,8755.0,8800.0,1495,13291042,395180441600,31,39,409,592,448
2018-04-23,8800.0,8990.0,8775.0,8933.0,2063,18341146,399758327808,28,38,530,691,523
2018-04-24,8933.0,9740.97,8925.0,9649.99,5164,48118391,434234458112,29,39,600,827,609
2018-04-25,9649.99,9762.75,8755.0,8865.01,7596,70250882,404629389312,64,39,555,721,501
2018-04-26,8865.01,9315.24,8660.0,9281.95,4477,39771333,408038440960,47,40,519,687,477
2018-04-27,9281.95,9368.0,8901.27,8926.0,3278,30172815,408413569024,55,36,436,598,511
2018-04-28,8926.0,9422.29,8880.01,9343.83,2547,23518680,427804721152,54,38,405,581,444
2018-04-29,9343.83,9522.12,9176.76,9393.29,2040,19158173,433423286272,61,38,438,538,457
2018-04-30,9393.29,9440.91,9110.0,9244.38,2588,24032272,425304915968,59,36,568,637,548
2018-05-01,9244.38,9248.8,8816.08,9059.84,3399,30524866,419173629952,56,38,587,712,654
2018-05-02,9059.84,9259.0,8975.0,9211.7,2483,22642808,433020895232,52,37,544,668,697
2018-05-03,9211.7,9786.01,9163.25,9727.5,4921,46632706,454148980736,55,38,554,746,591
2018-05-04,9727.5,9780.0,9508.0,9691.37,3898,37570363,456580038656,56,36,559,732,599
2018-05-05,9691.37,9940.0,9668.67,9812.81,2078,20438119,461496942592,63,35,433,751,463
2018-05-06,9812.81,9890.0,9399.0,9599.88,1610,15460759,449628274688,67,37,457,635,429
2018-05-07,9599.88,9618.16,9175.0,9361.96,3300,30842280,444574007296,56,38,607,638,576
2018-05-08,9361.96,9450.0,9050.0,9181.42,2510,23130695,433593745408,62,37,591,694,521
2018-05-09,9181.42,9359.25,8953.26,9308.45,3506,32093682,433102749696,53,37,548,688,601
2018-05-10,9308.45,9387.98,9006.0,9017.58,3004,27801859,426520346624,63,35,591,718,590
2018-05-11,9017.58,9022.05,8350.18,8398.44,5238,45703932,382975410176,41,38,498,735,570
2018-05-12,8451.19,8647.84,8221.0,8466.31,2892,24255884,383141281792,44,36,409,664,348
2018-05-13,8466.31,8755.0,8340.1,8685.5,1369,11696058,410952105984,40,39,393,667,440
2018-05-14,8685.5,8899.62,8283.55,8682.73,4787,41260201,411815706624,40,40,539,712,598
2018-05-15,8682.73,8846.13,8418.65,8475.58,5301,45627564,393420963840,40,34,529,685,570
2018-05-16,8475.58,8501.53,8110.0,8344.94,7379,61025040,380234072064,32,36,575,676,545
2018-05-17,8344.94,8487.15,7999.0,8060.01,4268,35213650,374630416384,31,35,536,591,552
2018-05-18,8060.01,8279.0,7919.2,8230.0,3888,31448707,376172183552,37,39,516,562,468
2018-05-19,8230.0,8392.0,8152.49,8240.01,1379,11388658,377168756736,31,37,372,513,409
2018-05-20,8240.01,8600.0,8168.01,8515.17,1041,8774206,392750858240,32,39,417,540,447
2018-05-21,8515.17,8588.0,8315.49,8395.71,2113,17794228,382590353408,41,37,550,630,629
2018-05-22,8395.71,8402.79,7955.01,7985.77,3183,26123850,363982684160,30,36,589,613,639
2018-05-23,7985.77,8026.37,7438.43,7497.47,5912,45546536,333654687744,26,37,607,622,588
2018-05-24,7497.47,7746.18,7268.99,7572.49,5287,39867877,336943808512,27,42,575,700,532
2018-05-25,7572.49,7659.97,7322.29,7462.65,4706,35187173,330951294976,25,37,557,620,575
2018-05-26,7462.65,7647.46,7300.01,7333.2,1792,13445959,337460428800,23,39,394,542,337
2018-05-27,7333.2,7400.0,7208.1,7349.12,1021,7463322,323834052608,19,38,397,506,387
2018-05-28,7349.12,7445.89,7076.6,7098.11,2509,18176967,308879196160,22,39,507,564,386
2018-05-29,7098.11,7531.21,7055.94,7460.0,3530,25878485,328794112000,16,40,572,595,572
2018-05-30,7460.0,7567.72,7268.76,7387.88,2452,18180788,320305102848,38,37,560,581,551
2018-05-31,7387.88,7616.63,7340.0,7484.84,2639,19756095,333670973440,25,39,564,612,620
2018-06-01,7484.84,7616.63,7356.08,7521.01,2933,21926048,329300115456,24,39,571,723,710
2018-06-02,7521.01,7698.92,7441.0,7643.52,1598,12159163,343752048640,27,38,524,644,541
2018-06-03,7643.52,7790.91,7587.53,7709.99,1186,9128283,351643729920,40,38,513,628,539
2018-06-04,7709.99,7754.96,7447.02,7500.0,2124,16086764,340196491264,41,38,648,679,642
2018-06-05,7500.0,7677.03,7341.73,7610.0,1918,14409195,346067697664,26,40,617,681,663
2018-06-06,7610.0,7694.92,7480.79,7657.92,1647,12505572,343777738752,42,38,563,707,606
2018-06-07,7657.92,7745.0,7635.89,7691.26,1573,12099431,344057643008,38,38,553,659,609
2018-06-08,7691.26,7695.0,7539.97,7647.08,1306,9968506,342627909632,40,39,543,615,616
2018-06-09,7647.19,7684.22,7457.5,7501.64,726,5520341,340620279808,39,38,496,621,459
2018-06-10,7501.64,7501.64,6630.5,6770.0,6317,43870922,296212267008,24,33,471,695,558
2018-06-11,6770.0,6913.59,6646.19,6878.0,4598,31049870,295372062720,15,39,570,819,689
2018-06-12,6878.0,6879.99,6444.03,6550.0,4026,26903711,281710362624,19,35,528,763,596
2018-06-13,6550.0,6619.84,6122.94,6297.7,6909,44033200,268777308160,19,40,568,770,609
2018-06-14,6297.7,6711.42,6280.01,6639.66,5311,34427551,290036318208,17,42,536,656,566
2018-06-15,6639.66,6664.53,6365.52,6388.98,3320,21768162,280346492928,26,40,544,604,615
2018-06-16,6388.98,6550.0,6333.98,6486.86,1742,11247709,281159335936,22,40,433,542,567
2018-06-17,6486.86,6574.34,6430.77,6444.35,691,4497996,279901536256,23,40,441,573,472
2018-06-18,6444.35,6800.0,6380.41,6711.16,2336,15410558,288186859520,27,43,516,643,586
2018-06-19,6711.16,6831.0,6665.13,6740.96,1455,9797841,289101185024,32,39,530,631,719
2018-06-20,6740.96,6815.21,6550.59,6758.31,2285,15234421,289060192256,34,41,536,656,609
2018-06-21,6758.31,6785.87,6685.18,6717.88,1162,7821556,286352408576,37,40,555,674,569
2018-06-22,6717.88,6730.0,5940.05,6076.88,5771,36253129,250607550464,28,37,512,655,597
2018-06-23,6073.38,6259.09,6031.03,6172.55,1025,6287170,256363118592,17,41,439,571,454
2018-06-24,6172.55,6254.16,5768.4,6149.99,2849,17065277,254622629888,15,45,465,639,452
2018-06-25,6149.99,6349.46,6075.19,6242.53,2697,16753610,255761858560,16,41,529,606,677
2018-06-26,6242.53,6275.0,6051.01,6060.01,2142,13260615,248888606720,21,41,576,611,669
2018-06-27,6060.01,6177.31,5987.01,6135.8,2465,15013804,247098441728,18,43,491,562,569
2018-06-28,6135.8,6158.1,5825.26,5850.13,1971,11847774,242282938368,20,42,536,610,615
2018-06-29,5850.13,6600.0,5785.17,6202.49,4887,29281958,235691229184,16,43,482,602,584
2018-06-30,6202.49,6531.61,6193.28,6389.01,1981,12618700,254910758912,22,42,432,561,453
2018-07-01,6389.01,6430.01,6254.23,6345.53,1839,11680577,256348667904,27,42,463,474,531
2018-07-02,6345.53,6673.9,6267.68,6615.13,4595,29812470,269972652032,27,45,543,643,521
2018-07-03,6615.13,6669.47,6463.17,6508.36,4316,28405008,270620065792,31,42,525,612,614
2018-07-04,6508.36,6794.53,6313.27,6583.72,4430,28979165,274823938048,33,43,518,616,570
2018-07-05,6583.72,6700.0,6446.68,6529.47,5533,36422647,267270176768,37,40,575,576,549
2018-07-06,6529.47,6641.09,6451.31,6582.51,3417,22353665,269144260608,34,43,464,506,685
2018-07-07,6587.45,6848.84,6510.17,6754.14,2417,16003935,266641997824,34,42,418,538,467
2018-07-08,6754.14,6782.95,6669.0,6700.88,1966,13243386,276561461248,38,42,510,533,586
2018-07-09,6700.88,6798.97,6620.0,6666.0,2748,18417559,271992586240,39,42,562,534,589
2018-07-10,6666.0,6683.68,6262.94,6299.0,5598,36155373,255056904192,37,44,564,538,531
2018-07-11,6299.0,6400.0,6287.54,6380.0,3416,21678518,252985065472,29,43,543,553,563
2018-07-12,6380.0,6380.0,6075.0,6249.75,3131,19414473,244773879808,33,43,562,636,615
2018-07-13,6249.75,6331.16,6128.32,6203.79,1035,6450862,247667130368,29,42,543,501,543
2018-07-14,6210.0,6321.58,6185.19,6250.02,488,3044549,250306330624,29,44,439,542,426
2018-07-15,6250.02,6382.7,6233.14,6347.99,904,5720351,256810926080,32,43,465,497,541
2018-07-16,6347.99,6747.65,6334.47,6729.22,2858,18800372,269808041984,36,43,548,576,546
2018-07-17,6729.22,7464.98,6657.66,7322.78,4768,33441709,292302061568,39,47,591,610,551
2018-07-18,7322.78,7584.03,7241.19,7378.55,4611,34177313,288488849408,42,42,576,787,549
2018-07-19,7378.55,7557.28,7285.37,7466.58,3843,28493456,287661096960,44,43,588,668,622
2018-07-20,7466.58,7676.31,7272.01,7334.8,2991,22225290,276690534400,47,43,522,660,549
2018-07-21,7334.8,7459.81,7214.96,7408.79,584,4295046,282949386240,43,46,455,571,421
2018-07-22,7408.79,7567.8,7333.98,7400.37,734,5481433,285875666944,46,46,481,574,468
2018-07-23,7400.37,7810.0,7378.89,7713.62,3363,25863287,284279242752,44,46,592,651,675
2018-07-24,7713.62,8480.0,7700.0,8400.73,4541,36903770,298234380288,49,47,620,877,651
2018-07-25,8400.73,8480.0,8039.99,8160.0,3815,31429136,300564676608,54,48,643,752,582
2018-07-26,8160.0,8290.0,7843.05,7926.36,3460,28220038,297351675904,53,46,580,656,714
2018-07-27,7926.36,8269.62,7795.0,8192.21,3763,30210292,298644176896,47,49,569,603,547
2018-07-28,8192.21,8234.98,8055.67,8234.98,895,7297971,295980171264,54,47,465,591,412
2018-07-29,8234.98,8280.0,8120.34,8216.06,492,4043646,297216081920,54,48,482,604,505
2018-07-30,8216.06,8274.97,7849.54,8166.86,2951,23894009,291474049873,53,47,587,647,619
2018-07-31,8166.86,8184.07,7640.33,7725.05,3512,27587934,276303964193,48,47,552,619,701
2018-08-01,7725.05,7751.28,7431.0,7602.14,2227,16850557,268954580067,39,47,463,683,683
2018-08-02,7602.14,7706.7,7456.52,7536.0,1663,12612346,267148128862,39,48,517,677,728
2018-08-03,7536.0,7536.01,7291.5,7413.7,2439,18031782,265237830982,36,49,439,681,748
2018-08-04,7413.7,7485.0,6930.37,7014.55,1463,10421504,253055026177,31,46,352,598,596
2018-08-05,7014.55,7084.95,6891.0,7032.06,779,5441639,257821644522,23,48,400,548,553
2018-08-06,7032.06,7184.0,6835.0,6931.59,1789,12437634,251415138139,25,47,508,600,652
2018-08-07,6931.59,7148.53,6670.5,6720.18,2389,16594592,252753425820,25,47,491,652,677
2018-08-08,6720.18,6720.18,6104.82,6274.5,5724,36488150,221968661669,23,46,405,761,621
2018-08-09,6274.5,6626.62,6195.01,6540.47,3450,22107421,231992345855,19,51,535,648,655
2018-08-10,6540.47,6588.97,6010.5,6109.19,3362,21227385,214425554390,21,46,541,617,654
2018-08-11,6109.19,6208.0,6013.61,6091.87,1536,9395605,216687261973,18,52,407,654,498
2018-08-12,6091.87,6091.87,6091.87,6091.87,0,0,214808905665,18,51,407,540,542
2018-08-13,6318.21,6546.29,6150.0,6257.31,3190,20164785,205432840849,21,48,550,699,693
2018-08-14,6257.31,6262.44,5886.0,6196.17,6264,37887453,193694131074,16,54,563,791,721
2018-08-15,6196.17,6623.09,6187.68,6269.74,4706,30064668,205170359879,18,54,547,724,696
2018-08-16,6269.74,6475.0,6210.04,6313.83,2781,17717210,203977579372,21,52,548,674,669
2018-08-17,6313.83,6580.76,6292.36,6580.76,3322,21597295,217753697597,19,53,480,639,639
2018-08-18,6580.76,6619.79,6300.0,6389.99,1429,9173905,211016896289,24,49,397,567,494
2018-08-19,6389.99,6552.23,6317.73,6491.5,1082,6946616,217635568501,27,52,408,532,520
2018-08-20,6491.5,6524.06,6232.21,6258.36,2762,17630966,213109727985,26,52,499,642,655
2018-08-21,6258.36,6493.0,6250.0,6476.53,2000,12790616,210809121431,19,53,510,585,681
2018-08-22,6476.53,6900.0,6251.0,6350.0,6588,43169169,204837229803,21,50,493,633,621
2018-08-23,6350.0,6570.85,6347.73,6524.17,2942,18946723,209905001519,18,54,496,600,647
2018-08-24,6524.17,6728.46,6450.01,6692.0,3411,22349075,214589669392,19,54,453,605,622
2018-08-25,6692.0,6788.88,6669.7,6730.95,1059,7125580,216749488610,22,54,424,609,467
2018-08-26,6730.95,6767.99,6571.0,6706.31,1000,6671216,215670451884,19,54,419,647,525
2018-08-27,6706.31,6938.83,6653.82,6909.0,3657,24664842,218544535427,18,54,492,637,693
2018-08-28,6909.0,7125.0,6866.78,7075.1,4428,30915953,232191460041,19,54,517,714,690
2018-08-29,7075.1,7119.5,6908.92,7033.83,2348,16503702,229834031363,19,52,491,731,629
2018-08-30,7033.83,7049.99,6795.7,6977.96,3543,24538442,224554351659,22,54,509,686,655
2018-08-31,6977.96,7088.22,6880.0,7017.1,2720,19008922,227835065370,17,54,465,624,659
2018-09-01,7017.1,7250.0,7015.67,7196.18,1103,7876737,237385954142,21,54,412,586,472
2018-09-02,7196.18,7330.99,7129.56,7284.57,1235,8959013,237170081850,18,53,457,570,449
2018-09-03,7284.57,7325.0,7170.7,7252.41,1467,10628270,237414216001,19,54,538,573,490
2018-09-04,7252.41,7409.27,7215.02,7354.92,3439,25204320,239145840632,26,53,551,680,637
2018-09-05,7354.92,7380.53,6666.0,6688.01,4301,30317410,219276176467,17,53,594,620,635
2018-09-06,6688.01,6702.32,6226.0,6496.37,6273,40196776,204917963171,14,55,610,710,607
2018-09-07,6496.37,6529.99,6320.71,6395.85,2780,17953667,204267543412,17,55,528,636,615
2018-09-08,6395.85,6460.68,6120.0,6185.27,2021,12766962,192102831632,18,52,435,607,525
2018-09-09,6185.27,6463.07,6140.01,6243.21,2087,13045123,199383895644,13,56,467,488,480
2018-09-10,6243.21,6371.76,6226.31,6300.0,2051,12900274,195274562656,15,56,532,624,675
2018-09-11,6300.0,6418.71,6165.44,6278.84,2499,15677856,190660093913,18,56,586,611,663
2018-09-12,6278.84,6347.51,6200.0,6324.13,2192,13747156,191366193166,14,59,573,698,578
2018-09-13,6324.13,6529.99,6324.13,6485.0,2332,15062740,199994429814,20,57,595,624,566
2018-09-14,6485.0,6581.04,6389.25,6523.38,2780,18059077,203013260006,23,57,521,626,569
2018-09-15,6523.38,6566.47,6469.0,6530.08,592,3863105,203274507640,24,56,421,572,458
2018-09-16,6530.08,6530.08,6357.9,6498.37,524,3391634,203356536401,28,56,483,509,575
2018-09-17,6498.37,6529.99,6209.01,6251.56,2736,17367416,191780540360,25,53,582,529,597
2018-09-18,6251.56,6384.29,6230.5,6339.92,2240,14136811,197933418116,21,56,539,611,644
2018-09-19,6339.92,6518.24,6107.74,6383.42,3692,23432546,201281833166,24,57,578,568,748
2018-09-20,6383.42,6535.89,6338.65,6495.87,2325,14938946,203199848987,24,55,533,579,620
2018-09-21,6495.87,6778.0,6492.41,6759.51,3401,22646336,224145780317,31,53,521,701,611
2018-09-22,6759.51,6818.23,6630.0,6710.26,884,5939670,224272023884,35,52,472,584,508
2018-09-23,6710.26,6764.72,6666.67,6702.64,347,2331141,224934470158,38,51,445,580,471
2018-09-24,6702.64,6717.4,6559.59,6577.78,1730,11458102,219886317098,43,53,572,606,618
2018-09-25,6577.78,6577.78,6329.17,6433.42,2183,13992766,208401501639,37,54,547,651,642
2018-09-26,6433.42,6536.33,6381.46,6455.44,2248,14561887,216892761759,37,53,622,598,673
2018-09-27,6455.44,6732.99,6425.84,6682.87,2694,17583905,223607961141,42,54,567,547,602
2018-09-28,6682.87,6793.49,6532.29,6621.37,3004,20012691,220603117386,42,52,551,601,542
2018-09-29,6621.37,6621.37,6457.1,6580.22,468,3066670,221977149414,37,51,379,508,434
2018-09-30,6580.22,6644.01,6525.0,6597.94,882,5805561,220739526669,34,50,453,506,437
2018-10-01,6597.94,6639.05,6482.05,6573.94,2334,15347203,221455617955,35,51,551,648,626
2018-10-02,6573.94,6594.98,6450.0,6498.88,1466,9571476,219753461347,33,51,520,732,643
2018-10-03,6498.88,6509.99,6396.39,6465.97,2333,15039703,215456852170,36,52,580,719,597
2018-10-04,6465.97,6600.0,6455.91,6549.03,1855,12140773,218499470737,29,52,559,643,673
2018-10-05,6549.03,6638.0,6515.0,6581.37,1408,9228572,217921900232,37,52,524,668,595
2018-10-06,6581.37,6585.07,6530.34,6545.49,304,1996060,217179141746,34,52,430,617,470
2018-10-07,6545.49,6589.98,6499.01,6573.17,405,2651882,216991219193,29,53,446,470,501
2018-10-08,6573.17,6655.0,6538.14,6600.0,2290,15072266,221868624467,26,53,539,679,595
2018-10-09,6600.0,6616.33,6546.0,6593.48,1882,12384852,219210129931,31,52,566,643,668
2018-10-10,6593.48,6593.48,6450.0,6529.75,2347,15290847,217277584397,28,52,593,645,650
2018-10-11,6529.75,6529.75,6026.09,6153.83,5275,32640762,200571588245,19,54,638,700,724
2018-10-12,6153.83,6250.53,6112.01,6202.22,3599,22317379,202096046797,13,54,521,743,688
2018-10-13,6202.22,6245.97,6180.27,6195.0,1184,7347064,201159724423,15,54,455,617,461
2018-10-14,6195.0,6295.08,6149.88,6181.54,1474,9171189,201693733969,18,54,473,583,489
2018-10-15,6181.54,6769.0,6152.0,6437.66,9758,62768419,209964925438,20,54,574,645,766
2018-10-16,6437.66,6437.66,6428.43,6428.43,0,0,211564491389,24,54,604,747,719
2018-10-17,6456.48,6459.94,6406.98,6439.0,2016,12973503,210339270839,23,54,590,626,641
2018-10-18,6439.0,6487.77,6350.92,6391.01,4634,29754186,207773110629,26,53,602,651,690
2018-10-19,6391.01,6410.02,6342.01,6386.29,3112,19844576,208466590115,24,54,513,607,610
2018-10-20,6386.29,6421.68,6380.5,6413.23,990,6339399,209305077886,21,54,393,519,474
2018-10-21,6413.23,6463.98,6404.99,6412.64,376,2422470,210608723950,21,53,441,572,491
2018-10-22,6412.64,6426.24,6371.09,6407.43,2726,17445680,209604107854,27,54,593,693,681
2018-10-23,6407.43,6418.0,6350.1,6395.25,3789,24199297,210159600530,24,54,583,668,665
2018-10-24,6395.25,6465.68,6390.07,6412.0,3456,22209236,210159968623,23,54,520,690,662
2018-10-25,6412.0,6423.5,6358.82,6389.7,2762,17653569,209304148610,25,54,510,612,702
2018-10-26,6389.7,6450.0,6375.0,6401.09,3051,19516832,209161239422,29,54,533,561,627
2018-10-27,6401.09,6425.0,6388.06,6410.01,403,2585971,208408238713,33,53,437,568,476
2018-10-28,6410.01,6418.97,6387.64,6404.8,524,3358643,209149972518,35,54,430,530,481
2018-10-29,6404.8,6414.12,6200.0,6263.67,3579,22638531,202102682456,34,53,557,648,625
2018-10-30,6263.67,6287.56,6238.94,6270.43,3173,19863024,203097382356,31,54,571,637,634
2018-10-31,6270.43,6346.94,6200.0,6305.58,3135,19664002,203445883155,32,54,537,612,598
2018-11-01,6305.58,6359.29,6281.91,6344.3,2794,17624049,205628419361,29,54,542,501,600
2018-11-02,6344.3,6380.0,6330.0,6350.98,1759,11173910,207561066205,36,54,483,582,616
2018-11-03,6350.98,6350.98,6318.11,6332.46,349,2210908,206898086737,36,53,402,463,455
2018-11-04,6332.46,6453.22,6320.01,6425.09,878,5612493,209821145462,41,53,441,539,493
2018-11-05,6425.09,6440.41,6368.49,6403.38,3770,24138899,212092993447,42,53,610,588,715
2018-11-06,6403.38,6449.0,6384.75,6448.41,3803,24360874,217736452357,42,53,562,545,681
2018-11-07,6448.41,6540.0,6445.5,6501.5,3733,24275948,219114984630,48,51,564,557,617
2018-11-08,6501.5,6512.0,6393.84,6405.88,3154,20332988,215576143920,51,52,575,523,630
2018-11-09,6405.88,6429.68,6312.0,6335.0,1448,9225871,212228547482,47,52,498,507,649
2018-11-10,6335.0,6369.99,6332.6,6350.23,323,2053866,214030622787,52,53,446,481,412
2018-11-11,6350.23,6364.97,6275.0,6360.98,544,3444779,211931939191,54,52,422,463,496
2018-11-12,6360.98,6382.25,6300.0,6326.27,979,6210313,212410103761,52,53,542,501,687
2018-11-13,6326.27,6326.4,6250.0,6258.26,1767,11111823,210343766485,56,52,564,539,640
2018-11-14,6258.26,6297.66,5290.0,5606.38,13448,76375574,184151898260,49,47,571,581,676
2018-11-15,5606.38,5648.04,5200.0,5572.71,7172,39157716,182444892974,28,53,598,675,617
2018-11-16,5572.71,5608.35,5412.48,5515.77,4685,25905830,183029450347,23,53,493,617,567
2018-11-17,5515.77,5544.33,5455.09,5503.64,1507,8267008,183321085279,24,53,429,540,426
2018-11-18,5503.64,5658.15,5503.64,5560.42,1135,6306200,184744404591,26,52,454,482,500
2018-11-19,5560.42,5560.42,4673.86,4733.82,11102,56455361,163577863076,28,51,569,623,689
2018-11-20,4733.82,4896.54,4044.71,4355.22,18984,84500490,145370436958,21,53,536,777,718
2018-11-21,4355.22,4643.54,4242.49,4546.67,9083,40286168,146503071396,15,52,591,659,635
2018-11-22,4546.67,4596.33,4237.01,4263.29,4216,18785589,146689113894,14,53,531,634,500
2018-11-23,4263.29,4371.16,4086.83,4288.25,7107,30015145,137998312218,12,53,439,500,573
2018-11-24,4288.25,4371.46,3650.0,3789.99,5571,22547503,135361960814,15,53,412,528,434
2018-11-25,3789.99,4116.92,3473.0,3933.57,10876,40871050,127434556418,9,56,465,616,480
2018-11-26,3933.57,4075.96,3518.6,3730.44,11274,42165703,122365685408,17,51,629,700,721
2018-11-27,3730.44,3829.26,3565.0,3771.43,8334,30864417,122637882517,11,54,556,625,709
2018-11-28,3771.43,4350.0,3771.43,4223.69,9513,38997822,140569224439,14,56,586,574,620
2018-11-29,4223.69,4407.45,4085.49,4240.53,8348,35371243,135648701007,18,52,565,543,632
2018-11-30,4240.53,4295.09,3851.0,3984.01,5903,23881979,130757814032,19,54,536,562,601
2018-12-01,3970.0,4250.0,3911.47,4141.59,2186,8987670,137801824443,13,54,409,597,468
2018-12-02,4141.59,4261.6,4037.62,4101.25,2850,11776105,136733804836,15,54,489,558,533
2018-12-03,4101.25,4119.39,3750.0,3835.01,5196,20247858,125982142709,17,52,576,650,631
2018-12-04,3835.01,4034.99,3730.52,3903.94,4672,18173530,126939492120,12,53,590,628,617
2018-12-05,3903.94,3916.74,3667.19,3691.92,4204,15906060,121767134239,19,52,602,606,583
2018-12-06,3691.92,3846.62,3420.65,3436.54,8876,32235916,117082733245,13,53,613,702,663
2018-12-07,3436.54,3536.36,3209.71,3377.83,10817,36284413,107934857637,11,55,567,692,665
2018-12-08,3377.83,3459.0,3254.62,3394.5,2794,9395393,108127661793,11,54,404,524,522
2018-12-09,3394.5,3641.28,3373.71,3529.66,3840,13431518,115846786707,14,56,456,555,472
2018-12-10,3529.66,3591.53,3357.56,3411.6,4938,17059119,110614815042,19,54,554,621,632
2018-12-11,3411.6,3426.68,3295.01,3356.01,3723,12516693,108707640981,15,55,578,591,597
2018-12-12,3347.11,3486.0,3325.11,3431.89,5014,17088299,110988709469,14,55,610,617,588
2018-12-13,3431.89,3439.52,3225.39,3265.44,5680,18959465,105250020393,14,54,547,610,627
2018-12-14,3265.44,3295.5,3136.46,3195.43,5780,18625777,101773731237,10,54,520,582,622
2018-12-15,3195.43,3241.0,3126.88,3184.06,3230,10250540,102045195664,11,55,392,568,422
2018-12-16,3184.06,3263.05,3175.0,3193.0,1492,4802409,104009589332,13,55,461,545,441
2018-12-17,3193.0,3584.99,3183.07,3502.84,7868,26979715,113858290135,17,58,544,544,689
2018-12-18,3502.84,3681.1,3432.38,3667.82,6574,23159640,114555894614,23,55,538,610,581
2018-12-19,3667.82,3922.6,3644.26,3683.97,11373,42682441,122463993724,21,53,538,658,587
2018-12-20,3683.97,4200.0,3663.29,4077.29,11541,45775523,130257165058,27,53,517,656,649
2018-12-21,4077.29,4163.66,3773.13,3839.06,9566,37997707,126971133172,35,51,461,672,607
2018-12-22,3839.06,4005.0,3790.27,3979.35,2932,11322281,129844698807,28,53,393,546,443
2018-12-23,3979.35,4053.04,3910.0,3948.58,2136,8481846,134559503965,31,51,411,548,443
2018-12-24,3948.58,4238.33,3945.32,4036.0,6864,28360522,138553360217,25,50,459,618,531
2018-12-25,4036.0,4046.24,3680.0,3777.97,5009,18935262,129309756465,33,52,418,583,486
2018-12-26,3777.97,3863.82,3688.04,3808.85,3526,13314035,128646915396,26,52,469,491,622
2018-12-27,3808.85,3842.27,3567.86,3588.67,6312,23410323,121706010205,29,50,468,600,628
2018-12-28,3588.67,3965.23,3576.04,3889.2,4969,18630733,132468610875,21,56,424,515,639
2018-12-29,3889.2,3937.21,3700.0,3729.57,3269,12638069,132476568868,24,53,399,536,493
2018-12-30,3729.57,3864.93,3691.01,3826.96,2208,8371696,130450411893,23,51,395,405,497
2018-12-31,3826.96,3837.91,3621.93,3692.35,4095,15282703,125552628446,26,51,439,447,619
2019-01-01,3692.35,3840.85,3577.18,3823.63,3155,11667756,128487935046,24,52,387,587,563
2019-01-02,3823.63,3911.99,3763.85,3890.45,3924,14998960,133799915260,30,52,477,631,682
2019-01-03,3890.45,3894.17,3760.1,3786.91,4061,15562412,130996842236,33,51,515,735,661
2019-01-04,3786.91,3850.3,3732.15,3821.47,2284,8642529,130842610398,48,51,495,667,722
2019-01-05,3821.47,3859.5,3780.0,3797.41,1675,6408581,132816183872,36,51,408,570,484
2019-01-06,3797.41,4079.04,3756.79,4041.01,2511,9969787,137921996180,31,53,438,623,545
2019-01-07,4041.01,4069.96,3968.45,4007.47,3933,15810876,136345469863,39,52,522,747,764
2019-01-08,4007.47,4112.12,3950.0,3992.24,4900,19684370,136386393536,39,52,546,727,713
2019-01-09,3992.24,4044.82,3964.92,4000.67,3008,12062995,137028161782,42,51,579,656,676
2019-01-10,4000.67,4034.61,3566.0,3626.76,6903,25909780,122755939468,37,50,574,669,693
2019-01-11,3626.76,3695.0,3577.01,3637.28,3371,12260715,123582190083,19,53,537,659,685
2019-01-12,3637.28,3650.0,3561.5,3618.82,1264,4580598,122546773964,22,53,441,626,466
2019-01-13,3618.82,3644.54,3484.33,3514.08,2279,8111864,116803979714,21,50,458,622,497
2019-01-14,3514.08,3713.16,3506.84,3662.89,2851,10353404,123854555997,16,55,498,630,628
2019-01-15,3662.89,3682.59,3541.0,3583.47,3977,14425790,120287679247,27,51,496,668,620
2019-01-16,3583.47,3663.58,3571.47,3604.57,4990,17998353,121850794013,24,52,546,656,640
2019-01-17,3604.57,3657.79,3545.43,3641.4,2307,8325788,122876950422,28,53,540,620,698
2019-01-18,3641.4,3643.69,3577.28,3608.0,1627,5884005,121514625212,29,52,502,535,622
2019-01-19,3608.0,3760.0,3608.0,3687.0,2227,8268829,124676546194,31,52,375,594,440
2019-01-20,3687.0,3702.09,3474.0,3533.49,2149,7639957,119973835662,35,52,404,561,532
2019-01-21,3533.49,3568.78,3487.29,3532.25,1434,5070847,119473963725,30,52,499,618,522
2019-01-22,3532.25,3611.63,3423.74,3577.24,2338,8284757,120730404987,27,53,538,594,679
2019-01-23,3577.24,3611.57,3523.34,3553.02,2039,7268650,119253725256,33,52,583,566,619
2019-01-24,3553.02,3596.65,3528.54,3570.25,1189,4234595,120483597280,37,53,573,632,588
2019-01-25,3570.25,3578.0,3510.0,3561.0,2499,8878335,119932053575,35,53,519,595,570
2019-01-26,3561.0,3659.38,3540.12,3558.19,1176,4211645,119958895200,41,52,421,571,450
2019-01-27,3558.19,3563.54,3472.94,3529.63,706,2489699,119481144532,39,53,456,578,556
2019-01-28,3529.63,3535.18,3369.99,3429.7,4140,14214006,112897011309,35,53,536,620,629
2019-01-29,3429.7,3437.93,3321.0,3395.49,4105,13930725,113313360335,21,54,558,563,617
2019-01-30,3395.49,3459.5,3372.28,3436.11,3163,10840415,115059745070,22,54,582,561,590
2019-01-31,3436.11,3472.0,3394.43,3412.1,2776,9495071,113892847842,17,54,590,593,594
2019-02-01,3412.1,3458.18,3370.61,3441.87,2800,9580957,114458974833,23,53,535,522,719
2019-02-02,3441.87,3484.99,3412.18,3469.06,691,2379749,114231059978,22,53,447,512,490
2019-02-03,3469.06,3471.42,3390.0,3415.99,787,2695560,113171122013,19,53,464,425,488
2019-02-04,3415.99,3435.0,3397.0,3411.47,1112,3801923,113953063205,27,53,638,605,661
2019-02-05,3411.47,3430.0,3401.84,3429.98,1335,4569082,113695175483,21,53,556,606,792
2019-02-06,3429.98,3445.22,3331.44,3366.83,2077,7000869,111397903272,14,54,598,593,689
2019-02-07,3366.83,3380.0,3352.29,3359.99,1274,4288604,111617124505,18,53,584,573,652
2019-02-08,3359.99,3711.26,3343.84,3622.59,5701,20153424,121217372995,37,56,556,561,646
2019-02-09,3622.59,3638.94,3595.01,3624.11,1614,5836310,121306585614,42,53,489,506,442
2019-02-10,3624.11,3655.04,3580.17,3647.21,987,3565812,121168670163,40,53,454,480,612
2019-02-11,3647.21,3649.99,3578.01,3588.58,3356,12072097,121250618529,46,53,575,547,778
2019-02-12,3588.58,3618.56,3550.1,3588.61,2852,10208314,122047666596,38,53,628,564,635
2019-02-13,3588.61,3627.79,3561.22,3576.48,1831,6560232,120710444701,48,53,586,613,658
2019-02-14,3576.48,3657.0,3537.0,3562.29,2558,9142540,120226152784,48,53,547,602,593
2019-02-15,3562.29,3615.79,3544.95,3567.12,2981,10649544,120563849330,43,52,558,533,627
2019-02-16,3567.12,3606.92,3567.12,3582.3,906,3252985,121527276142,43,53,456,464,472
2019-02-17,3582.3,3675.87,3557.38,3626.7,1439,5181942,121734781176,38,53,507,540,557
2019-02-18,3626.7,3912.51,3618.09,3866.99,3804,14375151,132373021883,63,54,550,687,602
2019-02-19,3866.99,3971.46,3844.37,3892.03,3746,14627443,135188936857,65,52,583,704,645
2019-02-20,3892.03,3966.67,3865.02,3941.16,3014,11805181,135563698857,59,52,560,619,655
2019-02-21,3941.16,3987.0,3870.0,3901.59,2537,9925700,133295114262,59,52,612,639,644
2019-02-22,3901.59,3954.99,3885.12,3946.56,1570,6174383,135051086586,61,52,568,610,667
2019-02-23,3946.56,4153.01,3914.25,4110.99,2210,8914369,140814669315,63,54,451,500,496
2019-02-24,4110.99,4186.99,3715.51,3732.48,5902,22906892,129772378583,69,46,496,727,546
2019-02-25,3732.48,3859.17,3732.48,3820.26,2262,8602292,131340095455,47,53,576,567,790
2019-02-26,3820.26,3828.12,3764.95,3799.99,1620,6147361,130213967798,40,52,602,565,750
2019-02-27,3799.99,3820.28,3650.8,3800.0,3091,11629064,127627392799,39,50,616,528,646
2019-02-28,3800.0,3912.16,3752.05,3791.49,3708,14179915,130225340929,39,52,611,524,653
2019-03-01,3791.49,3843.78,3791.49,3808.12,1608,6142566,131573823631,42,52,546,740,639
2019-03-02,3808.12,3818.31,3761.02,3812.45,584,2225132,130253067857,41,52,431,664,510
2019-03-03,3812.45,3818.52,3761.95,3789.61,502,1908623,129791907478,44,52,418,656,566
2019-03-04,3789.61,3805.46,3675.0,3700.82,1822,6788402,126189657384,36,53,609,663,748
2019-03-05,3700.82,3876.59,3695.0,3845.73,2545,9666566,131818789734,35,54,541,716,716
2019-03-06,3845.73,3893.29,3811.16,3850.46,2898,11133131,132799431175,42,52,614,689,697
2019-03-07,3850.46,3889.72,3829.54,3855.26,1991,7693446,133851862079,56,52,549,729,681
2019-03-08,3855.26,3910.0,3771.78,3842.0,2701,10468107,134106950541,54,52,551,656,686
2019-03-09,3842.0,3947.88,3835.35,3917.49,847,3307557,134601555159,55,51,425,651,470
2019-03-10,3917.49,3918.35,3870.0,3899.07,739,2880040,134763633246,55,52,434,614,519
2019-03-11,3899.07,3910.46,3815.06,3851.15,1761,6790809,132388834358,56,52,545,733,790
2019-03-12,3851.15,3876.22,3800.0,3862.12,2271,8733286,134357170210,56,51,561,754,655
2019-03-13,3862.12,3869.99,3826.0,3850.96,2056,7919141,134221746996,54,52,561,667,653
2019-03-14,3850.96,3900.0,3785.0,3855.87,2577,9903376,134931886560,55,51,519,757,632
2019-03-15,3855.87,3907.11,3847.95,3901.0,2134,8300709,137523691640,55,51,495,653,561
2019-03-16,3901.0,4037.02,3899.0,3990.0,1895,7539679,140365238016,54,50,414,618,468
2019-03-17,3990.0,3992.42,3930.06,3965.45,517,2049556,140186866521,58,51,442,632,481
2019-03-18,3965.45,4015.85,3936.36,3969.99,1951,7744117,139652472928,56,51,485,720,668
2019-03-19,3969.99,4012.69,3951.66,4001.3,1790,7126346,140622339336,56,51,519,757,667
2019-03-20,4001.3,4048.85,3963.72,4032.0,2515,10066510,140872302888,55,51,596,733,675
2019-03-21,4032.0,4059.37,3915.09,3975.01,2725,10877458,139045109928,62,50,528,757,673
2019-03-22,3975.01,3999.73,3963.88,3986.67,1001,3989559,139657155160,56,51,510,664,608
2019-03-23,3986.67,4000.5,3961.01,3982.45,809,3227449,140259036954,50,51,425,685,520
2019-03-24,3982.45,3982.45,3947.0,3971.53,668,2653311,139780777592,44,50,456,648,513
2019-03-25,3971.53,4034.13,3858.55,3908.7,2396,9428641,136950997540,46,50,591,605,660
2019-03-26,3908.7,3921.73,3882.92,3919.99,1515,5930417,137704465189,43,51,610,686,667
2019-03-27,3919.99,4034.0,3914.95,4027.35,2482,9916749,142518745583,44,50,622,728,710
2019-03-28,4027.35,4027.35,3995.0,4012.81,1368,5490203,142718272514,49,50,588,687,639
2019-03-29,4012.81,4098.04,4007.71,4082.72,1721,6993892,143495724401,50,50,552,656,686
2019-03-30,4082.72,4129.49,4037.28,4094.03,990,4046158,143848161055,57,50,413,647,448
2019-03-31,4094.03,4102.91,4076.62,4095.01,498,2038822,144386473037,56,50,483,589,500
2019-04-01,4095.01,4147.99,4052.49,4136.54,2280,9408272,146022245281,62,50,558,425,675
2019-04-02,4136.54,5090.62,4131.25,4903.3,11731,55048636,165950805216,60,53,587,645,662
2019-04-03,4903.3,5346.68,4800.0,4976.94,11038,55729580,184791832952,71,53,622,804,767
2019-04-04,4976.94,5072.57,4782.47,4907.68,4002,19878417,168851590778,61,49,608,574,707
2019-04-05,4907.68,5067.41,4887.05,5041.0,2898,14474678,175895313068,59,50,573,492,630
2019-04-06,5041.0,5239.4,4892.5,5044.56,2390,12093844,175629261354,65,51,405,459,463
2019-04-07,5044.56,5266.74,5029.23,5196.02,1510,7777657,180899521669,69,51,460,519,506
2019-04-08,5196.02,5350.0,5132.26,5287.88,2766,14524197,183002599087,65,52,595,514,773
2019-04-09,5287.88,5287.89,5147.16,5194.98,2775,14485148,180749360050,64,51,568,433,676
2019-04-10,5194.98,5471.14,5166.42,5319.55,4036,21381284,182850252357,62,51,594,496,660
2019-04-11,5319.55,5347.07,4970.51,5044.68,4747,24319016,171413138149,65,52,586,471,662
2019-04-12,5044.68,5117.05,4903.64,5091.58,3367,16969147,172127019491,42,52,535,468,606
2019-04-13,5091.58,5141.74,5038.09,5069.48,1543,7864420,172425939262,62,52,391,526,466
2019-04-14,5069.48,5187.94,5017.0,5161.51,1475,7492355,173938265752,51,52,425,424,535
2019-04-15,5161.51,5190.0,4950.0,5036.86,2159,10985361,171150199230,60,51,548,531,750
2019-04-16,5036.86,5230.0,5022.84,5203.65,2112,10803162,176375634060,50,53,547,508,666
2019-04-17,5203.65,5271.87,5177.37,5246.1,2396,12519648,177798012101,61,53,601,489,692
2019-04-18,5246.1,5315.48,5226.96,5283.73,1658,8737964,180896263764,64,53,546,492,687
2019-04-19,5283.73,5358.64,5197.38,5286.63,1345,7082655,179946272933,61,52,468,403,533
2019-04-20,5286.63,5358.02,5265.78,5321.31,536,2852403,180713184179,62,52,392,411,422
2019-04-21,5321.31,5342.23,5215.53,5296.26,754,3987312,176626096506,62,53,465,432,467
2019-04-22,5296.26,5439.99,5256.77,5390.0,1605,8587378,180489614778,61,53,576,436,613
2019-04-23,5390.0,5643.97,5366.89,5538.25,3211,17832484,184127345875,68,53,558,505,679
2019-04-24,5538.25,5624.58,5376.53,5445.16,3427,18821335,176537003337,65,54,563,577,669
2019-04-25,5445.16,5515.4,4976.13,5138.43,3794,19789652,179031972050,58,55,622,513,677
2019-04-26,5138.43,5290.47,5046.15,5140.38,2655,13663191,169688814214,41,54,531,494,623
2019-04-27,5140.38,5217.4,5119.47,5174.18,947,4896922,172407770908,42,55,444,474,520
2019-04-28,5174.18,5213.66,5103.74,5157.02,562,2906203,170356882128,40,54,430,391,564
2019-04-29,5157.02,5189.14,5071.48,5149.86,1127,5803458,168203418796,42,54,561,393,691
2019-04-30,5149.86,5285.02,5133.08,5266.34,1713,8956863,172763272414,42,55,585,457,680
2019-05-01,5266.34,5358.3,5266.34,5329.97,1333,7081712,174983191750,51,54,573,352,570
2019-05-02,5329.97,5421.33,5306.95,5391.01,1714,9215150,178038073943,50,55,611,417,577
2019-05-03,5391.01,5800.02,5365.2,5660.3,3157,17825555,185683773310,63,55,533,420,631
2019-05-04,5660.3,5837.2,5511.01,5769.51,1980,11274205,184516447506,66,56,389,374,379
2019-05-05,5769.51,5778.4,5630.63,5715.3,595,3404654,184247087543,67,56,471,388,434
2019-05-06,5715.3,5758.31,5570.0,5686.65,1451,8225288,184049528735,57,56,579,406,599
2019-05-07,5686.65,5969.51,5686.65,5745.0,2855,16703547,186624270223,69,55,576,416,578
2019-05-08,5745.0,5989.98,5653.65,5935.1,1892,11041418,186090408825,63,56,562,481,591
2019-05-09,5935.1,6170.33,5935.01,6146.18,2355,14242761,187524894111,69,57,572,449,615
2019-05-10,6146.18,6427.25,6110.3,6378.01,3414,21471495,192771216899,71,58,561,538,679
2019-05-11,6378.01,7445.45,6354.69,7227.75,5637,39089913,212211456632,76,59,408,561,434
2019-05-12,7227.75,7578.83,6760.0,6976.25,9696,69215337,213548882284,75,59,393,593,430
2019-05-13,6976.25,8170.0,6869.09,7822.67,8023,62026698,232619136607,78,62,613,627,689
2019-05-14,7822.67,8342.0,7625.0,7995.48,5334,42471157,231773739347,78,58,559,835,774
2019-05-15,7995.48,8299.5,7840.82,8198.47,3420,27667357,250052851349,77,59,591,745,687
2019-05-16,8198.47,8380.0,7665.47,7881.38,3821,30539555,246472706998,75,57,591,728,651
2019-05-17,7881.38,7941.51,6630.41,7361.92,8410,60482380,227424956380,65,57,549,550,642
2019-05-18,7361.92,7488.21,7210.98,7262.52,1254,9211267,229129409663,67,56,389,495,462
2019-05-19,7262.52,8304.56,7257.75,8192.44,2486,19707773,251806892497,70,57,425,488,436
2019-05-20,8192.44,8198.02,7576.35,8003.97,3771,29874745,249424028099,73,58,540,522,584
2019-05-21,8003.97,8111.32,7809.64,7954.49,1817,14456002,251684476687,68,58,531,572,661
2019-05-22,7954.49,8044.08,7504.0,7620.0,2278,17802633,243920865659,69,56,563,520,631
2019-05-23,7620.0,7983.03,7470.9,7879.92,1829,14142701,243694624631,65,58,556,486,642
2019-05-24,7879.92,8180.0,7800.0,8004.36,1574,12636731,252504624306,64,57,467,494,495
2019-05-25,8004.36,8149.5,7947.79,8074.87,710,5715577,250586441166,69,56,415,457,376
2019-05-26,8074.87,8786.32,7891.47,8750.01,2687,22739403,264354161145,67,60,386,431,409
2019-05-27,8750.01,8946.0,8629.02,8781.16,2344,20634713,271272442158,70,58,484,651,537
2019-05-28,8781.16,8823.75,8550.0,8726.4,2265,19669909,273320578451,71,57,521,546,544
2019-05-29,8726.4,8760.0,8431.15,8659.18,1898,16374194,275079669066,71,57,557,555,554
2019-05-30,8659.18,9094.51,8000.0,8273.76,4602,39405604,266676860225,73,53,506,582,641
2019-05-31,8273.76,8554.96,8114.72,8516.2,2416,20222979,270299673564,61,57,516,473,536
2019-06-01,8516.2,8621.0,8458.34,8566.1,641,5483092,272517564500,62,56,390,407,590
2019-06-02,8566.1,8831.69,8546.38,8745.75,505,4397819,274851005919,63,55,439,374,553
2019-06-03,8745.75,8745.75,8030.32,8110.99,2748,23018359,271549095697,66,56,481,440,706
2019-06-04,8110.99,8110.99,7440.83,7682.81,6700,52363586,245302003263,42,54,524,445,782
2019-06-05,7682.81,7923.98,7570.65,7791.42,1914,14866239,247800556926,27,55,500,398,649
2019-06-06,7791.42,7876.91,7450.0,7801.0,1396,10729066,247508576201,34,56,536,382,733
2019-06-07,7801.0,8130.0,7766.0,8002.98,1726,13745563,255250551127,27,56,519,419,633
2019-06-08,8002.98,8058.34,7787.78,7936.35,428,3387033,252911115743,62,55,398,341,462
2019-06-09,7936.35,7962.68,7510.0,7643.46,586,4524910,246000583797,62,55,434,341,515
2019-06-10,7643.46,8095.19,7525.67,8024.35,1339,10598733,253222401409,46,55,550,414,645
2019-06-11,8024.35,8056.23,7710.12,7920.63,1084,8543584,254743303429,61,57,524,410,629
2019-06-12,7920.63,8290.2,7826.63,8176.44,1842,14960297,260883233009,60,56,600,384,617
2019-06-13,8176.44,8329.13,8048.33,8256.09,971,7973955,265086174651,63,56,588,373,617
2019-06-14,8256.09,8729.17,8185.0,8699.71,1508,12721601,269559936648,67,57,523,417,548
2019-06-15,8699.71,8911.6,8627.97,8853.3,920,8066115,275996141832,75,57,419,417,547
2019-06-16,8853.3,9386.98,8800.04,8989.89,3091,28115796,281066118224,80,57,403,480,491
2019-06-17,8989.89,9472.0,8977.38,9331.03,2980,27579721,287585501178,84,57,538,519,712
2019-06-18,9331.03,9360.74,8930.45,9084.31,2560,23356172,282400280143,83,57,522,585,629
2019-06-19,9084.31,9324.25,9039.34,9282.65,2017,18441752,286565509677,82,57,553,501,680
2019-06-20,9282.65,9605.44,9211.96,9534.88,1988,18731396,293807751223,81,58,494,506,642
2019-06-21,9534.88,10243.82,9532.61,10233.92,3004,29641395,304572581878,84,58,506,503,562
2019-06-22,10233.92,11201.0,10085.83,10676.48,5157,55101511,321401249497,83,59,410,666,425
2019-06-23,10676.48,11200.0,10490.0,10842.82,1833,19739732,334360547919,84,60,445,555,577
2019-06-24,10842.82,11090.0,10531.2,11035.0,2015,21872075,327463680474,80,59,579,562,603
2019-06-25,11035.0,11791.53,11000.48,11759.9,3011,34134572,336451847041,87,60,547,628,667
2019-06-26,11759.9,13858.37,11454.8,12936.45,10928,138561002,353305632705,95,60,607,845,638
2019-06-27,12936.45,13359.99,10299.0,11143.74,9062,104698562,307880228734,92,59,564,780,571
2019-06-28,11143.74,12436.0,10738.17,12388.24,3871,45240001,345708838464,62,64,511,596,553
2019-06-29,12388.24,12388.24,11200.0,11885.94,2819,33306314,347021789952,74,63,420,578,490
2019-06-30,11885.94,12197.03,10642.07,10746.0,3327,37480404,328574838710,78,61,444,500,472
2019-07-01,10746.0,11199.59,9960.0,10451.1,5301,55874250,308227040735,65,60,535,779,673
2019-07-02,10451.1,10915.95,9653.0,10833.82,3877,40051728,309541096261,63,62,543,823,643
2019-07-03,10833.82,12023.24,10833.82,11987.32,4604,52462719,324074105497,79,62,548,728,629
2019-07-04,11987.32,12052.86,11040.0,11144.85,2539,29605721,331776310114,76,63,521,701,518
2019-07-05,11144.85,11441.84,10760.1,10997.3,2095,23254456,316462391818,67,62,487,716,589
2019-07-06,10997.3,11722.58,10993.85,11242.22,1148,13112321,324248977138,72,63,472,613,483
2019-07-07,11242.22,11624.88,11086.72,11475.07,828,9408644,329085005110,67,63,516,611,572
2019-07-08,11475.07,12400.0,11332.52,12307.13,2406,28739475,343065260370,74,64,636,700,665
2019-07-09,12307.13,12832.83,12122.51,12570.42,3496,43658786,347088106054,84,64,553,805,668
2019-07-10,12570.42,13186.9,11536.35,12097.34,6346,78559413,326296645706,83,62,529,717,723
2019-07-11,12097.34,12097.34,10963.27,11320.13,4685,53939623,307945843792,62,64,585,691,745
2019-07-12,11319.42,11947.85,11082.55,11776.4,1796,20810164,323329486093,33,65,567,644,613
2019-07-13,11776.4,11847.0,10791.73,11374.76,2235,25120178,301522864412,65,64,428,551,515
2019-07-14,11374.76,11458.2,10095.0,10200.8,2302,24473609,290037883566,61,65,453,575,630
2019-07-15,10200.8,11088.44,9862.89,10850.0,3214,33424877,290819730162,16,67,528,750,650
2019-07-16,10850.0,11030.0,9358.0,9429.05,5348,53519126,259794733817,34,63,585,708,671
2019-07-17,9429.05,9981.23,9074.0,9703.58,3948,37629170,266665170926,19,68,568,710,656
2019-07-18,9703.58,10795.01,9290.0,10647.85,4253,43129377,288151208471,40,68,554,617,606
2019-07-19,10647.85,10762.5,10102.06,10535.46,2046,21366864,285176618533,42,66,532,533,620
2019-07-20,10535.46,11122.83,10373.71,10753.17,2035,21875586,298348923097,34,67,447,575,499
2019-07-21,10753.17,10827.08,10330.0,10590.0,1126,11910545,288978311095,42,65,492,493,565
2019-07-22,10590.0,10700.0,10065.67,10326.64,2168,22425307,283040015153,42,65,561,600,736
2019-07-23,10326.64,10327.38,9807.7,9842.72,2143,21508362,277714866129,40,66,632,583,608
2019-07-24,9842.72,9911.76,9509.0,9770.17,2073,20106456,269673943284,20,65,524,564,648
2019-07-25,9770.17,10183.37,9743.3,9910.54,1479,14804115,273336460711,42,64,563,616,650
2019-07-26,9910.54,9945.23,9652.01,9851.02,1331,13024917,273058691070,24,64,508,533,617
2019-07-27,9851.02,10240.45,9300.0,9478.3,2757,26618168,262466670821,47,64,412,491,486
2019-07-28,9478.3,9635.45,9110.61,9523.42,1351,12754755,263652611711,16,64,445,456,642
2019-07-29,9523.42,9720.0,9362.5,9504.23,1252,11909747,264523346919,19,65,541,549,616
2019-07-30,9504.23,9794.65,9374.5,9599.07,1266,12190584,265190890359,22,65,574,575,635
2019-07-31,9599.07,10130.58,9577.65,10079.54,1380,13705760,275250932066,31,65,588,564,678
2019-08-01,10079.54,10490.86,9893.06,10409.99,1342,13656281,282494464872,57,66,503,506,555
2019-08-02,10409.99,10677.32,10334.51,10528.81,2161,22710886,281048574317,61,65,539,481,577
2019-08-03,10528.81,10922.41,10512.32,10817.34,1264,13578463,291206342694,61,67,429,469,425
2019-08-04,10817.34,11085.34,10580.0,10975.0,948,10310198,291148924753,62,67,430,457,510
2019-08-05,10975.0,11950.0,10975.0,11815.28,2362,27509110,309701093424,64,67,567,644,667
2019-08-06,11815.28,12321.01,11205.72,11464.34,3586,42115688,304114724659,66,68,554,648,790
2019-08-07,11464.34,12141.68,11390.14,11972.53,3583,42034544,308527769750,45,69,534,543,597
2019-08-08,11972.53,12018.99,11468.19,11841.61,1226,14347239,302779003895,61,68,542,581,585
2019-08-09,11843.87,11961.74,11653.87,11857.08,1530,18065379,303746609894,60,70,505,539,541
2019-08-10,11857.08,11973.68,11175.0,11284.24,2708,30958227,294016499958,59,69,409,533,463
2019-08-11,11284.24,11577.38,11091.75,11527.27,849,9624658,298928522899,45,69,433,477,495
2019-08-12,11527.27,11550.99,11226.82,11381.51,828,9426214,296795268376,48,69,543,468,691
2019-08-13,11381.51,11444.13,10750.0,10857.49,2259,24871234,285887753435,45,68,577,615,650
2019-08-14,10857.49,10858.51,9896.53,10016.88,3454,35649467,267688538168,11,66,596,513,630
2019-08-15,10016.88,10445.74,9477.52,10297.86,4401,43998639,270280976099,13,69,510,512,736
2019-08-16,10297.86,10539.73,9739.58,10360.22,2266,22939856,269387418264,31,69,580,429,661
2019-08-17,10360.22,10465.37,9981.77,10198.84,483,4935422,263339607592,20,69,462,479,446
2019-08-18,10198.84,10508.93,10082.79,10317.97,637,6586778,272059383742,14,69,535,521,498
2019-08-19,10317.97,10931.51,10279.9,10919.99,1580,16872487,277789664719,30,69,581,548,617
2019-08-20,10919.99,10950.0,10560.15,10747.06,894,9615670,277038654491,39,69,631,525,561
2019-08-21,10747.06,10806.64,9842.51,10132.44,3066,31211146,264095451441,11,69,636,563,562
2019-08-22,10132.44,10230.57,9759.62,10164.82,1417,14128687,265406519400,5,69,578,551,563
2019-08-23,10164.82,10477.0,10056.5,10408.14,1407,14574367,270866204827,33,69,544,478,590
2019-08-24,10408.14,10433.49,9888.0,10151.83,1409,14191334,263976842873,39,69,467,404,514
2019-08-25,10151.83,10370.71,9907.5,10135.59,1085,10955510,262093293355,33,68,439,365,536
2019-08-26,10135.59,10662.57,10135.59,10367.23,2655,27655506,266524876814,41,69,627,468,663
2019-08-27,10367.23,10379.19,10026.73,10175.8,1058,10754088,264295925561,30,69,625,484,647
2019-08-28,10175.8,10290.69,9512.5,9726.85,3434,33607083,251731473829,32,67,596,491,619
2019-08-29,9726.85,9726.85,9290.3,9488.28,1984,18806695,247475799739,20,69,566,527,606
2019-08-30,9488.28,9696.3,9348.37,9581.96,1076,10276519,249467503596,24,69,548,577,674
2019-08-31,9581.96,9699.0,9443.87,9604.43,375,3596661,246935801538,20,69,438,521,430
2019-09-01,9604.43,9839.6,9543.86,9773.12,402,3891384,249664488299,24,69,489,512,510
2019-09-02,9773.12,10480.47,9750.92,10392.28,1229,12458747,264785728918,28,71,505,600,562
2019-09-03,10392.28,10775.31,10292.88,10625.2,1812,19192642,271902565987,41,71,606,673,648
2019-09-04,10625.2,10830.0,10380.42,10584.13,1470,15567690,269068110392,43,71,608,567,652
2019-09-05,10584.13,10656.52,10458.71,10600.0,808,8528024,266098782544,41,71,554,581,626
2019-09-06,10600.0,10972.06,10185.68,10351.0,3250,34342501,261578891005,43,70,537,610,650
2019-09-07,10351.0,10568.67,10330.0,10483.37,656,6842717,267735836088,39,71,437,504,436
2019-09-08,10483.37,10593.92,10227.75,10406.94,477,4969512,266781269971,43,70,458,465,545
2019-09-09,10406.94,10542.55,10067.5,10313.99,1323,13627271,263827582349,41,69,577,600,646
2019-09-10,10313.99,10392.72,9925.0,10100.0,1143,11530517,260030816148,41,69,578,504,619
2019-09-11,10100.0,10308.15,9866.43,10161.12,1137,11485136,259558534116,38,70,588,524,635
2019-09-12,10161.12,10465.63,10033.92,10432.63,832,8561171,264661601856,39,70,607,513,670
2019-09-13,10432.63,10454.48,10156.59,10359.27,833,8581848,262785857962,38,70,549,489,582
2019-09-14,10359.27,10444.02,10232.04,10360.29,288,2986871,267574449671,39,71,427,432,419
2019-09-15,10360.29,10386.6,10271.0,10314.68,322,3325590,266100115911,38,70,492,479,475
2019-09-16,10314.68,10375.66,10087.5,10271.26,1159,11849977,266517564605,38,70,565,554,644
2019-09-17,10271.26,10282.91,10139.73,10192.0,661,6760798,271446346116,41,70,588,625,607
2019-09-18,10192.0,10262.52,9900.0,10162.8,1758,17848742,272224880941,38,68,579,689,790
2019-09-19,10162.8,10385.31,9592.5,10239.97,2523,25233373,272897973157,31,69,595,641,644
2019-09-20,10239.97,10274.9,10057.55,10168.86,925,9402772,268841812641,41,67,551,547,621
2019-09-21,10168.86,10171.0,9922.51,9980.93,471,4721665,266269179763,37,67,477,459,441
2019-09-22,9980.93,10091.19,9849.09,10031.31,326,3253066,264342944535,37,68,469,459,501
2019-09-23,10031.31,10047.83,9615.75,9693.28,2114,20720560,259165984702,41,68,613,575,650
2019-09-24,9693.28,9776.27,7991.18,8543.36,9639,83653880,222865977255,39,64,586,684,657
2019-09-25,8543.36,8745.0,8221.21,8431.9,2894,24390800,223232523975,15,70,577,655,634
2019-09-26,8431.9,8458.43,7718.0,8065.1,5752,46120162,212903376021,12,67,557,631,641
2019-09-27,8065.1,8281.99,7860.0,8197.0,1713,13772810,215699016117,24,68,576,528,561
2019-09-28,8197.0,8347.44,8022.5,8227.28,1064,8720080,217910378513,32,68,448,445,437
2019-09-29,8227.28,8242.6,7906.15,8056.19,730,5862130,213012353437,33,67,479,492,489
2019-09-30,8056.19,8368.45,7705.5,8301.76,2580,20925405,219552636102,27,68,562,505,644
2019-10-01,8301.76,8531.25,8201.64,8330.62,1640,13721824,222505585675,38,67,620,708,705
2019-10-02,8330.62,8395.0,8180.0,8384.51,1705,14097119,220210799077,39,68,590,591,650
2019-10-03,8384.51,8411.2,8069.51,8206.45,1186,9736294,217607390610,37,67,603,568,653
2019-10-04,8206.45,8239.63,8000.0,8157.3,864,7033721,218830615112,30,67,540,629,579
2019-10-05,8157.3,8196.66,8028.88,8150.97,234,1900266,217560726563,31,67,415,506,442
2019-10-06,8150.97,8169.73,7778.7,7860.01,999,7921427,214574103613,32,67,442,550,463
2019-10-07,7860.01,8311.11,7774.02,8208.67,1115,9037861,222727623005,27,67,584,614,635
2019-10-08,8208.67,8340.94,8110.31,8188.17,714,5859885,221398192137,39,67,552,608,615
2019-10-09,8188.17,8707.38,8127.22,8592.01,1812,15354979,231929774403,37,67,615,647,625
2019-10-10,8592.01,8655.0,8460.04,8589.51,887,7593516,230914326364,41,67,563,610,621
2019-10-11,8589.51,8812.61,8213.25,8272.76,1648,13941841,224517868203,39,67,528,556,618
2019-10-12,8272.76,8424.37,8262.87,8314.22,360,3017229,224248587044,38,67,444,480,453
2019-10-13,8314.22,8470.0,8152.4,8275.99,635,5279965,223529428904,38,66,507,475,564
2019-10-14,8275.99,8406.66,8220.39,8355.87,591,4919171,226469570455,37,67,562,522,582
2019-10-15,8355.87,8410.13,8082.77,8162.95,1196,9826685,221935439575,39,66,622,649,626
2019-10-16,8162.95,8179.1,7915.0,8002.22,1231,9880319,217218585666,40,66,585,543,587
2019-10-17,8002.22,8120.6,7941.11,8074.43,715,5753027,220334976078,40,66,594,512,639
2019-10-18,8074.43,8119.27,7815.1,7960.68,970,7717392,216948200755,40,66,546,590,534
2019-10-19,7960.68,8102.63,7879.79,7960.0,487,3887996,217252712790,41,66,458,476,360
2019-10-20,7960.0,8300.0,7882.29,8227.0,676,5468738,222462598393,37,67,466,450,418
2019-10-21,8227.0,8356.21,8157.84,8212.76,796,6545773,223360059468,37,66,623,593,574
2019-10-22,8212.76,8312.83,7996.19,8023.14,718,5864597,221617149217,39,66,573,574,615
2019-10-23,8023.14,8052.46,7275.24,7468.81,4667,35233039,205082394438,33,64,558,590,568
2019-10-24,7468.81,7511.99,7361.67,7458.57,745,5552194,206119446667,20,66,566,520,576
2019-10-25,7458.57,8800.0,7400.0,8670.24,3851,31895226,232819837945,24,69,528,579,564
2019-10-26,8670.24,10610.0,8650.02,9272.28,5472,52400060,240575872327,53,68,393,731,525
2019-10-27,9272.28,9809.24,9112.86,9547.18,1686,16083311,252932338296,50,69,423,649,427
2019-10-28,9547.18,9932.29,9188.19,9219.51,1584,15106793,250804201968,52,68,543,627,592
2019-10-29,9219.51,9555.57,9072.5,9432.41,1593,14882285,251662260051,54,67,592,626,592
2019-10-30,9432.41,9436.28,9001.71,9171.01,889,8170035,246063227549,53,67,596,580,581
2019-10-31,9171.01,9426.18,8962.5,9154.0,1073,9843833,245054286438,50,67,552,584,648
2019-11-01,9154.0,9299.99,9064.47,9246.88,895,8213720,246827961851,49,68,526,681,689
2019-11-02,9246.88,9388.13,9206.91,9307.58,445,4144185,248873998980,51,68,429,626,438
2019-11-03,9307.58,9386.45,9075.0,9200.0,333,3074478,246466564387,56,67,458,561,474
2019-11-04,9200.0,9600.0,9135.0,9415.61,1016,9537908,252736056046,49,68,582,627,688
2019-11-05,9415.61,9478.0,9177.0,9318.5,997,9298267,252688169542,54,67,600,769,635
2019-11-06,9318.5,9445.38,9260.15,9350.07,740,6908137,252465104624,53,67,618,710,650
2019-11-07,9350.07,9369.04,9084.95,9202.17,795,7332702,249200920085,54,67,562,697,676
2019-11-08,9202.17,9250.0,8670.03,8768.14,1223,10869425,240035417970,42,66,547,683,690
2019-11-09,8768.14,8877.36,8725.0,8809.33,306,2693884,239988707698,38,66,449,574,456
2019-11-10,8809.33,9130.88,8749.02,9040.12,540,4851500,246209885921,39,67,474,541,507
2019-11-11,9040.12,9065.58,8600.0,8721.54,613,5376110,239496363921,40,66,591,607,754
2019-11-12,8721.54,8875.53,8561.12,8814.3,892,7779033,241184710777,39,66,632,684,669
2019-11-13,8814.3,8834.98,8706.79,8761.75,580,5082929,241269912769,38,66,641,639,669
2019-11-14,8761.75,8787.0,8562.83,8626.66,822,7108631,238430056214,41,66,571,634,651
2019-11-15,8626.66,8774.0,8368.33,8457.18,1409,12026484,232203467753,38,65,575,671,644
2019-11-16,8457.18,8526.08,8430.16,8479.81,245,2077802,233630056962,41,66,471,584,480
2019-11-17,8479.81,8627.79,8382.61,8500.0,355,3032221,237978464243,38,66,489,611,517
2019-11-18,8500.0,8500.0,8033.48,8174.11,1162,9632087,227209327206,38,65,609,654,781
2019-11-19,8174.11,8198.73,8000.0,8120.8,874,7074189,223892435886,32,66,602,648,729
2019-11-20,8120.8,8218.0,8028.05,8079.0,881,7141546,220509984649,32,65,590,614,781
2019-11-21,8079.0,8117.35,7387.54,7615.0,2283,17488088,207787163250,30,65,639,648,728
2019-11-22,7615.0,7718.29,6789.0,7286.95,3543,25436887,200348247865,20,67,529,766,646
2019-11-23,7286.95,7349.22,7112.51,7329.11,756,5486332,200767770059,23,67,464,592,440
2019-11-24,7329.11,7344.86,6862.28,6912.89,963,6826904,194487024171,21,65,430,597,511
2019-11-25,6912.89,7376.9,6523.92,7121.7,2768,19207151,194974422974,17,67,559,771,663
2019-11-26,7121.7,7338.99,7028.27,7162.9,1149,8193498,197131185920,21,67,600,690,625
2019-11-27,7162.9,7669.56,6849.95,7520.11,1919,14108262,205215313451,20,68,594,677,566
2019-11-28,7520.11,7651.63,7375.03,7430.53,752,5664293,206848419640,32,67,524,609,482
2019-11-29,7430.53,7860.95,7414.79,7758.35,1033,7933376,209845413665,31,67,447,594,544
2019-11-30,7758.35,7811.38,7463.0,7554.19,753,5782531,204538555414,38,66,443,558,456
2019-12-01,7554.19,7554.19,7242.26,7400.18,495,3641236,200201129863,25,67,404,588,495
2019-12-02,7400.18,7429.49,7170.01,7301.55,824,6016385,198893179998,28,67,517,641,743
2019-12-03,7301.55,7413.27,7245.6,7301.37,865,6340876,198822350258,28,67,565,692,659
2019-12-04,7301.37,7820.75,7091.59,7192.73,2190,16114965,196927075854,24,67,568,700,638
2019-12-05,7192.73,7485.0,7160.75,7393.19,1172,8600567,201014765546,21,67,522,795,626
2019-12-06,7393.19,7607.07,7305.0,7543.71,930,6942049,202067657906,29,67,471,710,705
2019-12-07,7543.71,7636.39,7480.0,7500.0,478,3609680,204102269703,32,67,369,605,450
2019-12-08,7500.0,7575.25,7392.54,7528.05,315,2362732,204882084851,28,67,420,506,493
2019-12-09,7528.05,7652.0,7287.09,7340.21,991,7411846,200595445057,32,66,530,585,645
2019-12-10,7340.21,7395.0,7167.5,7221.4,610,4437108,197080515815,26,66,594,693,717
2019-12-11,7221.4,7267.84,7130.0,7200.5,729,5251599,195663050044,20,66,576,621,627
2019-12-12,7200.5,7299.39,7082.93,7193.42,874,6291003,197152508364,23,67,604,590,631
2019-12-13,7193.42,7297.6,7193.42,7250.14,599,4346965,197566729077,22,67,555,665,659
2019-12-14,7250.14,7265.4,7010.01,7072.7,452,3233257,194429979397,27,66,361,574,565
2019-12-15,7072.7,7212.02,7012.5,7120.14,285,2024435,195053466217,21,66,371,596,515
2019-12-16,7120.14,7136.31,6822.0,6881.25,1329,9260472,187338219298,24,65,524,678,641
2019-12-17,6881.25,6928.4,6560.04,6615.06,1636,11007100,176694071597,23,65,511,723,614
2019-12-18,6615.06,7448.0,6435.38,7292.61,1763,12043135,191106236886,15,70,500,681,577
2019-12-19,7292.61,7368.5,7052.5,7155.0,933,6685191,190167746066,21,68,483,679,595
2019-12-20,7155.0,7218.0,7078.34,7186.87,621,4452286,191574912398,23,68,415,661,552
2019-12-21,7186.87,7195.37,7116.08,7140.34,274,1960797,190797946246,23,68,318,580,404
2019-12-22,7140.34,7522.01,7130.0,7513.12,606,4449423,196229458897,20,69,345,579,449
2019-12-23,7513.12,7690.0,7270.0,7316.57,1247,9365450,194769117741,33,68,422,717,557
2019-12-24,7316.57,7426.14,7162.5,7260.75,567,4131282,193014184195,25,68,420,694,534
2019-12-25,7260.75,7266.0,7122.5,7192.6,237,1713235,191603503097,22,69,400,614,439
2019-12-26,7192.6,7429.99,7155.0,7195.83,728,5310053,192267400338,39,69,421,597,570
2019-12-27,7195.83,7253.38,7062.39,7241.66,1362,9818404,193343320412,38,69,430,576,599
2019-12-28,7241.66,7349.24,7238.9,7300.7,436,3188539,194573688613,37,69,349,549,506
2019-12-29,7300.7,7521.92,7276.4,7390.42,303,2240654,196967677340,37,69,396,633,511
2019-12-30,7390.42,7390.42,7199.97,7216.27,709,5160001,194067125538,40,68,437,597,599
2019-12-31,7216.27,7300.0,7115.02,7165.9,841,6048159,190391526964,38,68,435,633,537
2020-01-01,7165.9,7231.65,7146.6,7175.2,776,5584370,192598864971,37,68,368,457,254
2020-01-02,7175.2,7186.65,6901.02,6944.9,984,6908590,185594345569,39,67,445,543,377
2020-01-03,6944.9,7398.0,6860.0,7333.0,1292,9328686,195243371558,38,68,426,478,468
2020-01-04,7333.0,7394.4,7258.53,7352.82,402,2947287,196924293563,38,68,444,583,341
2020-01-05,7352.82,7490.17,7313.53,7351.77,554,4120605,199689240498,39,68,437,536,346
2020-01-06,7351.77,7807.94,7349.29,7762.72,1161,8810268,205501265704,41,68,510,636,451
2020-01-07,7762.72,8210.0,7737.5,8158.5,1870,14877546,215021628266,40,69,566,617,417
2020-01-08,8158.5,8463.0,7871.01,8042.02,1757,14377981,210989332232,51,68,541,667,461
2020-01-09,8042.02,8042.02,7756.56,7820.01,951,7507310,207914116218,44,69,533,589,384
2020-01-10,7820.01,8199.0,7676.0,8190.89,1055,8405485,214783114080,41,69,473,574,469
2020-01-11,8190.89,8277.01,8000.0,8023.48,544,4422671,217738345296,50,68,396,548,256
2020-01-12,8023.48,8180.0,7972.0,8173.14,275,2234783,217913397646,45,68,428,518,386
2020-01-13,8173.14,8190.75,8000.0,8110.0,1628,13159389,217595963027,49,68,544,508,403
2020-01-14,8110.0,8889.0,8110.0,8827.01,2641,22684492,240583206753,56,70,547,702,435
2020-01-15,8827.01,8920.83,8561.12,8813.5,1143,10034845,242163092824,54,66,558,862,538
2020-01-16,8813.5,8849.58,8580.06,8715.01,730,6341259,238805964175,55,66,540,647,530
2020-01-17,8715.01,9007.18,8669.0,8900.45,1260,11186184,244700882408,54,66,509,717,390
2020-01-18,8900.45,8971.0,8810.0,8907.78,338,3018534,244458961252,51,66,429,587,267
2020-01-19,8907.78,9180.18,8477.51,8700.66,1709,15027214,237098621134,53,67,400,658,279
2020-01-20,8700.66,8730.31,8510.02,8627.64,555,4794241,239136113086,48,67,454,587,343
2020-01-21,8627.64,8776.25,8480.0,8716.76,886,7654716,241501890852,49,66,502,586,533
2020-01-22,8716.76,8784.28,8575.01,8664.08,515,4462814,239966617904,52,66,481,598,461
2020-01-23,8664.08,8673.13,8277.81,8391.37,1717,14392489,231141570547,49,66,554,558,594
2020-01-24,8391.37,8513.35,8226.36,8425.18,787,6622343,233761593715,40,67,486,623,480
2020-01-25,8425.18,8433.86,8260.0,8330.01,366,3054203,231213028680,41,66,344,490,375
2020-01-26,8330.01,8592.06,8283.37,8583.74,464,3924863,236999261843,42,67,370,526,527
2020-01-27,8583.74,8989.98,8560.04,8901.8,1177,10364365,246757553568,50,67,470,586,590
2020-01-28,8901.8,9405.42,8890.72,9399.0,1527,13899514,249876160356,54,66,497,643,681
2020-01-29,9399.0,9430.0,9227.79,9280.04,962,8986357,257418668715,57,67,515,620,570
2020-01-30,9280.04,9565.22,9186.87,9497.68,1451,13645741,262684522700,57,67,498,625,586
2020-01-31,9497.68,9525.01,9200.03,9330.55,974,9084855,256812542289,55,66,472,568,602
2020-02-01,9330.55,9455.78,9290.7,9380.6,384,3603303,258956048372,57,66,390,517,369
2020-02-02,9380.6,9468.43,9150.0,9321.0,521,4871810,262716090024,57,65,462,576,413
2020-02-03,9321.0,9600.0,9225.0,9278.51,887,8285387,259844394973,59,65,515,531,508
2020-02-04,9278.51,9339.0,9079.87,9167.01,816,7504286,257708873704,56,65,569,564,508
2020-02-05,9167.01,9767.9,9150.1,9615.04,1350,12864879,271714678371,53,65,504,630,508
2020-02-06,9615.04,9856.43,9520.12,9761.36,1347,13063514,275885984134,61,64,532,635,483
2020-02-07,9761.36,9871.36,9720.59,9816.97,728,7128228,276773034697,56,64,468,616,446
2020-02-08,9816.97,9947.24,9660.44,9912.53,578,5685906,281690677567,56,64,369,568,329
2020-02-09,9912.53,10170.91,9884.3,10168.41,606,6097683,287980357204,56,64,475,649,463
2020-02-10,10168.41,10200.0,9697.09,9860.08,1717,17049183,283146364049,57,64,567,578,481
2020-02-11,9860.08,10390.94,9714.29,10269.46,1988,20055451,293399503719,52,64,553,715,461
2020-02-12,10269.46,10487.46,10250.2,10352.74,1772,18375776,304854548022,61,63,578,843,455
2020-02-13,10352.74,10517.2,10087.51,10245.39,1832,18903408,300048132727,65,62,550,741,446
2020-02-14,10245.39,10400.37,10111.0,10372.74,1653,17023800,307204161705,63,62,522,702,380
2020-02-15,10372.74,10397.0,9751.0,9903.34,1647,16553232,292156280554,64,59,439,616,304
2020-02-16,9903.34,10049.39,9628.0,9933.8,869,8559305,282374421818,59,61,442,608,368
2020-02-17,9933.8,9964.63,9477.53,9705.1,1157,11211314,281365030540,49,64,483,605,398
2020-02-18,9705.1,10275.62,9600.0,10187.97,1410,14046572,297001891663,53,64,572,621,425
2020-02-19,10187.97,10310.06,9290.73,9597.25,2049,20195696,293341800613,50,62,558,634,455
2020-02-20,9597.25,9699.06,9390.0,9610.11,1309,12514712,276694274507,44,63,580,610,407
2020-02-21,9610.11,9775.26,9575.01,9703.44,789,7655938,281420281751,44,63,570,564,410
2020-02-22,9703.44,9728.57,9582.37,9675.67,319,3091800,280868257177,43,63,434,512,337
2020-02-23,9675.67,10016.82,9673.43,9977.24,499,4948322,287090871103,46,63,472,546,400
2020-02-24,9977.24,10025.0,9488.33,9665.85,1345,13054508,277524742113,46,62,616,587,582
2020-02-25,9665.85,9680.92,9247.5,9311.4,1075,10129101,267193147079,44,62,593,591,707
2020-02-26,9311.4,9371.49,8620.0,8780.08,2631,23586378,250494056012,41,63,571,591,643
2020-02-27,8780.08,8973.9,8520.0,8809.86,2189,19296669,253886034291,39,64,537,552,667
2020-02-28,8809.86,8899.56,8430.0,8704.88,1631,14087962,246459044069,40,65,593,564,653
2020-02-29,8704.88,8804.14,8525.13,8525.13,368,3200291,247498247002,38,64,410,520,543
2020-03-01,8525.13,8753.5,8410.01,8528.4,797,6818373,241997059088,39,63,414,353,394
2020-03-02,8528.4,8970.26,8488.18,8912.92,1244,10920151,254920209638,38,65,489,422,478
2020-03-03,8912.92,8921.42,8665.01,8751.88,910,7983225,250150540503,38,63,462,396,398
2020-03-04,8751.88,8850.47,8670.0,8757.05,1271,11148191,249943554281,40,64,462,485,445
2020-03-05,8757.05,9168.62,8755.24,9067.35,1800,16307189,260898391366,41,64,449,492,363
2020-03-06,9067.35,9180.5,9012.02,9158.02,683,6223958,261990386874,39,63,460,406,353
2020-03-07,9158.02,9225.0,8862.5,8902.65,659,5972639,256742694497,38,62,386,461,352
2020-03-08,8902.65,8905.05,8000.02,8038.84,1824,15265287,238028300576,33,61,371,395,281
2020-03-09,8038.84,8183.18,7310.0,7932.95,5179,40591741,225687045353,17,63,560,486,473
2020-03-10,7932.95,8153.88,7705.0,7881.02,3513,27958201,226845534865,16,64,515,432,454
2020-03-11,7881.02,8020.0,7590.62,7935.49,2011,15747210,222230373058,17,64,494,422,588
2020-03-12,7935.49,7966.08,4600.0,4830.45,18359,110860932,161169324687,14,64,598,631,636
2020-03-13,4830.45,6000.0,3901.25,5653.03,18950,96600762,156932524278,10,64,499,744,561
2020-03-14,5653.03,5780.0,5051.95,5169.05,3360,18050549,153176219469,8,64,393,579,379
2020-03-15,5169.05,5987.11,5091.43,5343.45,5471,29486778,154812881610,12,63,420,433,424
2020-03-16,5343.45,5350.72,4428.83,5035.56,13639,66652878,140766512780,9,65,571,617,644
2020-03-17,5035.56,5563.18,4929.59,5343.07,6392,33945915,151126393027,8,64,560,494,540
2020-03-18,5343.07,5450.0,5019.72,5420.45,5301,27947785,150935173517,11,64,581,451,563
2020-03-19,5420.45,6436.99,5270.0,6191.02,8994,53179189,175341603410,12,68,593,540,551
2020-03-20,6191.02,6961.65,5660.77,6205.18,8626,55231382,168173408125,9,62,565,514,523
2020-03-21,6205.18,6464.21,5863.67,6208.45,3239,19987972,178542772865,9,66,478,502,436
2020-03-22,6208.45,6416.5,5748.14,5839.44,4005,24126014,167138569172,11,64,501,451,443
2020-03-23,5839.44,6650.0,5689.92,6500.0,8255,51170869,183414568288,10,68,572,407,542
2020-03-24,6500.0,6866.7,6405.0,6775.57,6957,46293922,186549019887,12,66,557,490,532
2020-03-25,6775.57,6977.69,6471.08,6694.73,4931,32952771,183095704246,13,65,531,415,529
2020-03-26,6694.73,6793.19,6530.01,6728.44,2182,14548179,186065695532,14,66,552,386,530
2020-03-27,6728.44,6869.5,6268.5,6378.4,2571,17079624,186953365197,12,66,545,409,623
2020-03-28,6378.4,6378.4,6038.09,6258.01,2087,12958586,176215273349,8,66,476,415,415
2020-03-29,6258.01,6283.41,5873.93,5882.7,1827,11038076,168004344911,12,64,495,436,420
2020-03-30,5882.7,6629.18,5857.41,6406.91,3108,19612581,180294725866,10,66,536,431,518
2020-03-31,6406.91,6530.83,6341.25,6428.54,1459,9418155,181358555230,12,65,536,427,505
2020-04-01,6428.54,6714.76,6156.47,6666.16,2759,17697565,178992148758,12,65,562,489,694
2020-04-02,6666.16,7273.0,6579.69,6801.0,5345,36577028,189089671741,14,66,569,566,707
2020-04-03,6801.0,7048.72,6609.47,6740.88,2881,19692803,188794565139,14,64,544,559,644
2020-04-04,6740.88,7016.0,6658.68,6870.2,1671,11383223,192436667839,12,66,451,526,547
2020-04-05,6870.2,6907.9,6678.6,6775.21,1275,8662210,190004275537,12,65,488,549,574
2020-04-06,6775.21,7369.76,6771.01,7336.96,3727,26533750,203797288670,12,66,556,573,647
2020-04-07,7336.96,7468.42,7078.0,7201.81,2333,17047120,203395560003,20,63,569,597,653
2020-04-08,7201.81,7432.23,7152.8,7369.6,2483,18138080,209446726995,21,64,553,586,714
2020-04-09,7369.6,7378.85,7115.04,7315.25,2237,16310014,208005180360,22,64,542,573,644
2020-04-10,7315.25,7315.25,7315.25,7315.25,0,0,196851479546,15,64,515,628,633
